 0.00000000e+00  0.00000000e+00  0.00000000e+00  0.00000000e+00 
 1.00000000e-10  0.00000000e+00  1.00000000e-10  0.00000000e+00 
 2.00000000e-10  0.00000000e+00  2.00000000e-10  0.00000000e+00 
 4.00000000e-10  0.00000000e+00  4.00000000e-10  0.00000000e+00 
 8.00000000e-10  0.00000000e+00  8.00000000e-10  0.00000000e+00 
 1.60000000e-09  0.00000000e+00  1.60000000e-09  0.00000000e+00 
 3.20000000e-09  0.00000000e+00  3.20000000e-09  0.00000000e+00 
 6.40000000e-09  0.00000000e+00  6.40000000e-09  0.00000000e+00 
 1.28000000e-08  0.00000000e+00  1.28000000e-08  0.00000000e+00 
 2.28000000e-08  0.00000000e+00  2.28000000e-08  0.00000000e+00 
 3.28000000e-08  0.00000000e+00  3.28000000e-08  0.00000000e+00 
 4.28000000e-08  0.00000000e+00  4.28000000e-08  0.00000000e+00 
 5.28000000e-08  0.00000000e+00  5.28000000e-08  0.00000000e+00 
 6.28000000e-08  0.00000000e+00  6.28000000e-08  0.00000000e+00 
 7.28000000e-08  0.00000000e+00  7.28000000e-08  0.00000000e+00 
 8.28000000e-08  0.00000000e+00  8.28000000e-08  0.00000000e+00 
 9.28000000e-08  0.00000000e+00  9.28000000e-08  0.00000000e+00 
 1.02800000e-07  0.00000000e+00  1.02800000e-07  0.00000000e+00 
 1.12800000e-07  0.00000000e+00  1.12800000e-07  0.00000000e+00 
 1.22800000e-07  0.00000000e+00  1.22800000e-07  0.00000000e+00 
 1.32800000e-07  0.00000000e+00  1.32800000e-07  0.00000000e+00 
 1.42800000e-07  0.00000000e+00  1.42800000e-07  0.00000000e+00 
 1.52800000e-07  0.00000000e+00  1.52800000e-07  0.00000000e+00 
 1.62800000e-07  0.00000000e+00  1.62800000e-07  0.00000000e+00 
 1.72800000e-07  0.00000000e+00  1.72800000e-07  0.00000000e+00 
 1.82800000e-07  0.00000000e+00  1.82800000e-07  0.00000000e+00 
 1.92800000e-07  0.00000000e+00  1.92800000e-07  0.00000000e+00 
 2.02800000e-07  0.00000000e+00  2.02800000e-07  0.00000000e+00 
 2.12800000e-07  0.00000000e+00  2.12800000e-07  0.00000000e+00 
 2.22800000e-07  0.00000000e+00  2.22800000e-07  0.00000000e+00 
 2.32800000e-07  0.00000000e+00  2.32800000e-07  0.00000000e+00 
 2.42800000e-07  0.00000000e+00  2.42800000e-07  0.00000000e+00 
 2.52800000e-07  0.00000000e+00  2.52800000e-07  0.00000000e+00 
 2.62800000e-07  0.00000000e+00  2.62800000e-07  0.00000000e+00 
 2.72800000e-07  0.00000000e+00  2.72800000e-07  0.00000000e+00 
 2.82800000e-07  0.00000000e+00  2.82800000e-07  0.00000000e+00 
 2.92800000e-07  0.00000000e+00  2.92800000e-07  0.00000000e+00 
 3.02800000e-07  0.00000000e+00  3.02800000e-07  0.00000000e+00 
 3.12800000e-07  0.00000000e+00  3.12800000e-07  0.00000000e+00 
 3.22800000e-07  0.00000000e+00  3.22800000e-07  0.00000000e+00 
 3.32800000e-07  0.00000000e+00  3.32800000e-07  0.00000000e+00 
 3.42800000e-07  0.00000000e+00  3.42800000e-07  0.00000000e+00 
 3.52800000e-07  0.00000000e+00  3.52800000e-07  0.00000000e+00 
 3.62800000e-07  0.00000000e+00  3.62800000e-07  0.00000000e+00 
 3.72800000e-07  0.00000000e+00  3.72800000e-07  0.00000000e+00 
 3.82800000e-07  0.00000000e+00  3.82800000e-07  0.00000000e+00 
 3.92800000e-07  0.00000000e+00  3.92800000e-07  0.00000000e+00 
 4.02800000e-07  0.00000000e+00  4.02800000e-07  0.00000000e+00 
 4.12800000e-07  0.00000000e+00  4.12800000e-07  0.00000000e+00 
 4.22800000e-07  0.00000000e+00  4.22800000e-07  0.00000000e+00 
 4.32800000e-07  0.00000000e+00  4.32800000e-07  0.00000000e+00 
 4.42800000e-07  0.00000000e+00  4.42800000e-07  0.00000000e+00 
 4.52800000e-07  0.00000000e+00  4.52800000e-07  0.00000000e+00 
 4.62800000e-07  0.00000000e+00  4.62800000e-07  0.00000000e+00 
 4.72800000e-07  0.00000000e+00  4.72800000e-07  0.00000000e+00 
 4.82800000e-07  0.00000000e+00  4.82800000e-07  0.00000000e+00 
 4.92800000e-07  0.00000000e+00  4.92800000e-07  0.00000000e+00 
 5.02800000e-07  0.00000000e+00  5.02800000e-07  0.00000000e+00 
 5.12800000e-07  0.00000000e+00  5.12800000e-07  0.00000000e+00 
 5.22800000e-07  0.00000000e+00  5.22800000e-07  0.00000000e+00 
 5.32800000e-07  0.00000000e+00  5.32800000e-07  0.00000000e+00 
 5.42800000e-07  0.00000000e+00  5.42800000e-07  0.00000000e+00 
 5.52800000e-07  0.00000000e+00  5.52800000e-07  0.00000000e+00 
 5.62800000e-07  0.00000000e+00  5.62800000e-07  0.00000000e+00 
 5.72800000e-07  0.00000000e+00  5.72800000e-07  0.00000000e+00 
 5.82800000e-07  0.00000000e+00  5.82800000e-07  0.00000000e+00 
 5.92800000e-07  0.00000000e+00  5.92800000e-07  0.00000000e+00 
 6.02800000e-07  0.00000000e+00  6.02800000e-07  0.00000000e+00 
 6.12800000e-07  0.00000000e+00  6.12800000e-07  0.00000000e+00 
 6.22800000e-07  0.00000000e+00  6.22800000e-07  0.00000000e+00 
 6.32800000e-07  0.00000000e+00  6.32800000e-07  0.00000000e+00 
 6.42800000e-07  0.00000000e+00  6.42800000e-07  0.00000000e+00 
 6.52800000e-07  0.00000000e+00  6.52800000e-07  0.00000000e+00 
 6.62800000e-07  0.00000000e+00  6.62800000e-07  0.00000000e+00 
 6.72800000e-07  0.00000000e+00  6.72800000e-07  0.00000000e+00 
 6.82800000e-07  0.00000000e+00  6.82800000e-07  0.00000000e+00 
 6.92800000e-07  0.00000000e+00  6.92800000e-07  0.00000000e+00 
 7.02800000e-07  0.00000000e+00  7.02800000e-07  0.00000000e+00 
 7.12800000e-07  0.00000000e+00  7.12800000e-07  0.00000000e+00 
 7.22800000e-07  0.00000000e+00  7.22800000e-07  0.00000000e+00 
 7.32800000e-07  0.00000000e+00  7.32800000e-07  0.00000000e+00 
 7.42800000e-07  0.00000000e+00  7.42800000e-07  0.00000000e+00 
 7.52800000e-07  0.00000000e+00  7.52800000e-07  0.00000000e+00 
 7.62800000e-07  0.00000000e+00  7.62800000e-07  0.00000000e+00 
 7.72800000e-07  0.00000000e+00  7.72800000e-07  0.00000000e+00 
 7.82800000e-07  0.00000000e+00  7.82800000e-07  0.00000000e+00 
 7.92800000e-07  0.00000000e+00  7.92800000e-07  0.00000000e+00 
 8.02800000e-07  0.00000000e+00  8.02800000e-07  0.00000000e+00 
 8.12800000e-07  0.00000000e+00  8.12800000e-07  0.00000000e+00 
 8.22800000e-07  0.00000000e+00  8.22800000e-07  0.00000000e+00 
 8.32800000e-07  0.00000000e+00  8.32800000e-07  0.00000000e+00 
 8.42800000e-07  0.00000000e+00  8.42800000e-07  0.00000000e+00 
 8.52800000e-07  0.00000000e+00  8.52800000e-07  0.00000000e+00 
 8.62800000e-07  0.00000000e+00  8.62800000e-07  0.00000000e+00 
 8.72800000e-07  0.00000000e+00  8.72800000e-07  0.00000000e+00 
 8.82800000e-07  0.00000000e+00  8.82800000e-07  0.00000000e+00 
 8.92800000e-07  0.00000000e+00  8.92800000e-07  0.00000000e+00 
 9.02800000e-07  0.00000000e+00  9.02800000e-07  0.00000000e+00 
 9.12800000e-07  0.00000000e+00  9.12800000e-07  0.00000000e+00 
 9.22800000e-07  0.00000000e+00  9.22800000e-07  0.00000000e+00 
 9.32800000e-07  0.00000000e+00  9.32800000e-07  0.00000000e+00 
 9.42800000e-07  0.00000000e+00  9.42800000e-07  0.00000000e+00 
 9.52800000e-07  0.00000000e+00  9.52800000e-07  0.00000000e+00 
 9.62800000e-07  0.00000000e+00  9.62800000e-07  0.00000000e+00 
 9.72800000e-07  0.00000000e+00  9.72800000e-07  0.00000000e+00 
 9.82800000e-07  0.00000000e+00  9.82800000e-07  0.00000000e+00 
 9.91400000e-07  0.00000000e+00  9.91400000e-07  0.00000000e+00 
 1.00000000e-06  0.00000000e+00  1.00000000e-06  0.00000000e+00 
 1.00010000e-06  1.00000000e-01  1.00010000e-06  1.00000000e-04 
 1.00030000e-06  3.00000000e-01  1.00030000e-06  3.00000000e-04 
 1.00065000e-06  6.50000000e-01  1.00065000e-06  6.50000000e-04 
 1.00100000e-06  1.00000000e+00  1.00100000e-06  1.00000000e-03 
 1.00107000e-06  1.00000000e+00  1.00107000e-06  1.07000000e-03 
 1.00121000e-06  1.00000000e+00  1.00121000e-06  1.21000000e-03 
 1.00149000e-06  1.00000000e+00  1.00149000e-06  1.49000000e-03 
 1.00205000e-06  1.00000000e+00  1.00205000e-06  2.05000000e-03 
 1.00317000e-06  1.00000000e+00  1.00317000e-06  3.17000000e-03 
 1.00541000e-06  1.00000000e+00  1.00541000e-06  5.41000000e-03 
 1.00989000e-06  1.00000000e+00  1.00989000e-06  9.89000000e-03 
 1.01885000e-06  1.00000000e+00  1.01885000e-06  1.88500000e-02 
 1.02885000e-06  1.00000000e+00  1.02885000e-06  2.88500000e-02 
 1.03885000e-06  1.00000000e+00  1.03885000e-06  3.88500000e-02 
 1.04885000e-06  1.00000000e+00  1.04885000e-06  4.88500000e-02 
 1.05885000e-06  1.00000000e+00  1.05885000e-06  5.88500000e-02 
 1.06885000e-06  1.00000000e+00  1.06885000e-06  6.88500000e-02 
 1.07885000e-06  1.00000000e+00  1.07885000e-06  7.88500000e-02 
 1.08885000e-06  1.00000000e+00  1.08885000e-06  8.88500000e-02 
 1.09885000e-06  1.00000000e+00  1.09885000e-06  9.88500000e-02 
 1.10885000e-06  1.00000000e+00  1.10885000e-06  1.08850000e-01 
 1.11885000e-06  1.00000000e+00  1.11885000e-06  1.18850000e-01 
 1.12885000e-06  1.00000000e+00  1.12885000e-06  1.28850000e-01 
 1.13885000e-06  1.00000000e+00  1.13885000e-06  1.38850000e-01 
 1.14885000e-06  1.00000000e+00  1.14885000e-06  1.48850000e-01 
 1.15885000e-06  1.00000000e+00  1.15885000e-06  1.58850000e-01 
 1.16885000e-06  1.00000000e+00  1.16885000e-06  1.68850000e-01 
 1.17885000e-06  1.00000000e+00  1.17885000e-06  1.78850000e-01 
 1.18885000e-06  1.00000000e+00  1.18885000e-06  1.88850000e-01 
 1.19885000e-06  1.00000000e+00  1.19885000e-06  1.98850000e-01 
 1.20885000e-06  1.00000000e+00  1.20885000e-06  2.08850000e-01 
 1.21885000e-06  1.00000000e+00  1.21885000e-06  2.18850000e-01 
 1.22885000e-06  1.00000000e+00  1.22885000e-06  2.28850000e-01 
 1.23885000e-06  1.00000000e+00  1.23885000e-06  2.38850000e-01 
 1.24885000e-06  1.00000000e+00  1.24885000e-06  2.48850000e-01 
 1.25885000e-06  1.00000000e+00  1.25885000e-06  2.58850000e-01 
 1.26885000e-06  1.00000000e+00  1.26885000e-06  2.68850000e-01 
 1.27885000e-06  1.00000000e+00  1.27885000e-06  2.78850000e-01 
 1.28885000e-06  1.00000000e+00  1.28885000e-06  2.88850000e-01 
 1.29885000e-06  1.00000000e+00  1.29885000e-06  2.98850000e-01 
 1.30885000e-06  1.00000000e+00  1.30885000e-06  3.08850000e-01 
 1.31885000e-06  1.00000000e+00  1.31885000e-06  3.18850000e-01 
 1.32885000e-06  1.00000000e+00  1.32885000e-06  3.28850000e-01 
 1.33885000e-06  1.00000000e+00  1.33885000e-06  3.38850000e-01 
 1.34885000e-06  1.00000000e+00  1.34885000e-06  3.48850000e-01 
 1.35885000e-06  1.00000000e+00  1.35885000e-06  3.58850000e-01 
 1.36885000e-06  1.00000000e+00  1.36885000e-06  3.68850000e-01 
 1.37885000e-06  1.00000000e+00  1.37885000e-06  3.78850000e-01 
 1.38885000e-06  1.00000000e+00  1.38885000e-06  3.88850000e-01 
 1.39885000e-06  1.00000000e+00  1.39885000e-06  3.98850000e-01 
 1.40885000e-06  1.00000000e+00  1.40885000e-06  4.08850000e-01 
 1.41885000e-06  1.00000000e+00  1.41885000e-06  4.18850000e-01 
 1.42885000e-06  1.00000000e+00  1.42885000e-06  4.28850000e-01 
 1.43885000e-06  1.00000000e+00  1.43885000e-06  4.38850000e-01 
 1.44885000e-06  1.00000000e+00  1.44885000e-06  4.48850000e-01 
 1.45885000e-06  1.00000000e+00  1.45885000e-06  4.58850000e-01 
 1.46885000e-06  1.00000000e+00  1.46885000e-06  4.68850000e-01 
 1.47885000e-06  1.00000000e+00  1.47885000e-06  4.78850000e-01 
 1.48885000e-06  1.00000000e+00  1.48885000e-06  4.88850000e-01 
 1.49885000e-06  1.00000000e+00  1.49885000e-06  4.98850000e-01 
 1.50885000e-06  1.00000000e+00  1.50885000e-06  5.08850000e-01 
 1.51885000e-06  1.00000000e+00  1.51885000e-06  5.18850000e-01 
 1.52885000e-06  1.00000000e+00  1.52885000e-06  5.28850000e-01 
 1.53885000e-06  1.00000000e+00  1.53885000e-06  5.38850000e-01 
 1.54885000e-06  1.00000000e+00  1.54885000e-06  5.48850000e-01 
 1.55885000e-06  1.00000000e+00  1.55885000e-06  5.58850000e-01 
 1.56885000e-06  1.00000000e+00  1.56885000e-06  5.68850000e-01 
 1.57885000e-06  1.00000000e+00  1.57885000e-06  5.78850000e-01 
 1.58885000e-06  1.00000000e+00  1.58885000e-06  5.88850000e-01 
 1.59885000e-06  1.00000000e+00  1.59885000e-06  5.98850000e-01 
 1.60885000e-06  1.00000000e+00  1.60885000e-06  6.08850000e-01 
 1.61885000e-06  1.00000000e+00  1.61885000e-06  6.18850000e-01 
 1.62885000e-06  1.00000000e+00  1.62885000e-06  6.28850000e-01 
 1.63885000e-06  1.00000000e+00  1.63885000e-06  6.38850000e-01 
 1.64885000e-06  1.00000000e+00  1.64885000e-06  6.48850000e-01 
 1.65885000e-06  1.00000000e+00  1.65885000e-06  6.58850000e-01 
 1.66885000e-06  1.00000000e+00  1.66885000e-06  6.68850000e-01 
 1.67885000e-06  1.00000000e+00  1.67885000e-06  6.78850000e-01 
 1.68885000e-06  1.00000000e+00  1.68885000e-06  6.88850000e-01 
 1.69885000e-06  1.00000000e+00  1.69885000e-06  6.98850000e-01 
 1.70885000e-06  1.00000000e+00  1.70885000e-06  7.08850000e-01 
 1.71885000e-06  1.00000000e+00  1.71885000e-06  7.18850000e-01 
 1.72885000e-06  1.00000000e+00  1.72885000e-06  7.28850000e-01 
 1.73885000e-06  1.00000000e+00  1.73885000e-06  7.38850000e-01 
 1.74885000e-06  1.00000000e+00  1.74885000e-06  7.48850000e-01 
 1.75885000e-06  1.00000000e+00  1.75885000e-06  7.58850000e-01 
 1.76885000e-06  1.00000000e+00  1.76885000e-06  7.68850000e-01 
 1.77885000e-06  1.00000000e+00  1.77885000e-06  7.78850000e-01 
 1.78885000e-06  1.00000000e+00  1.78885000e-06  7.88850000e-01 
 1.79885000e-06  1.00000000e+00  1.79885000e-06  7.98850000e-01 
 1.80885000e-06  1.00000000e+00  1.80885000e-06  8.08850000e-01 
 1.81885000e-06  1.00000000e+00  1.81885000e-06  8.18850000e-01 
 1.82885000e-06  1.00000000e+00  1.82885000e-06  8.28850000e-01 
 1.83885000e-06  1.00000000e+00  1.83885000e-06  8.38850000e-01 
 1.84885000e-06  1.00000000e+00  1.84885000e-06  8.48850000e-01 
 1.85885000e-06  1.00000000e+00  1.85885000e-06  8.58850000e-01 
 1.86885000e-06  1.00000000e+00  1.86885000e-06  8.68850000e-01 
 1.87885000e-06  1.00000000e+00  1.87885000e-06  8.78850000e-01 
 1.88885000e-06  1.00000000e+00  1.88885000e-06  8.88850000e-01 
 1.89885000e-06  1.00000000e+00  1.89885000e-06  8.98850000e-01 
 1.90885000e-06  1.00000000e+00  1.90885000e-06  9.08850000e-01 
 1.91885000e-06  1.00000000e+00  1.91885000e-06  9.18850000e-01 
 1.92885000e-06  1.00000000e+00  1.92885000e-06  9.28850000e-01 
 1.93885000e-06  1.00000000e+00  1.93885000e-06  9.38850000e-01 
 1.94885000e-06  1.00000000e+00  1.94885000e-06  9.48850000e-01 
 1.95885000e-06  1.00000000e+00  1.95885000e-06  9.58850000e-01 
 1.96885000e-06  1.00000000e+00  1.96885000e-06  9.68850000e-01 
 1.97885000e-06  1.00000000e+00  1.97885000e-06  9.78850000e-01 
 1.98885000e-06  1.00000000e+00  1.98885000e-06  9.88850000e-01 
 1.99885000e-06  1.00000000e+00  1.99885000e-06  9.98850000e-01 
 2.00010000e-06  1.00000000e+00  2.00010000e-06  1.00010000e+00 
 2.00260000e-06  1.00000000e+00  2.00260000e-06  1.00060000e+00 
 2.00760000e-06  1.00000000e+00  2.00760000e-06  9.99742857e-01 
 2.01760000e-06  1.00000000e+00  2.01760000e-06  1.00017143e+00 
 2.02760000e-06  1.00000000e+00  2.02760000e-06  9.99885714e-01 
 2.03760000e-06  1.00000000e+00  2.03760000e-06  1.00007619e+00 
 2.04760000e-06  1.00000000e+00  2.04760000e-06  9.99949206e-01 
 2.05760000e-06  1.00000000e+00  2.05760000e-06  1.00003386e+00 
 2.06760000e-06  1.00000000e+00  2.06760000e-06  9.99977425e-01 
 2.07760000e-06  1.00000000e+00  2.07760000e-06  1.00001505e+00 
 2.08760000e-06  1.00000000e+00  2.08760000e-06  9.99989967e-01 
 2.09760000e-06  1.00000000e+00  2.09760000e-06  1.00000669e+00 
 2.10760000e-06  1.00000000e+00  2.10760000e-06  9.99995541e-01 
 2.11760000e-06  1.00000000e+00  2.11760000e-06  1.00000297e+00 
 2.12760000e-06  1.00000000e+00  2.12760000e-06  9.99998018e-01 
 2.13760000e-06  1.00000000e+00  2.13760000e-06  1.00000132e+00 
 2.14760000e-06  1.00000000e+00  2.14760000e-06  9.99999119e-01 
 2.15760000e-06  1.00000000e+00  2.15760000e-06  1.00000059e+00 
 2.16760000e-06  1.00000000e+00  2.16760000e-06  9.99999609e-01 
 2.17760000e-06  1.00000000e+00  2.17760000e-06  1.00000026e+00 
 2.18760000e-06  1.00000000e+00  2.18760000e-06  9.99999826e-01 
 2.19760000e-06  1.00000000e+00  2.19760000e-06  1.00000012e+00 
 2.20760000e-06  1.00000000e+00  2.20760000e-06  9.99999923e-01 
 2.21760000e-06  1.00000000e+00  2.21760000e-06  1.00000005e+00 
 2.22760000e-06  1.00000000e+00  2.22760000e-06  9.99999966e-01 
 2.23760000e-06  1.00000000e+00  2.23760000e-06  1.00000002e+00 
 2.24760000e-06  1.00000000e+00  2.24760000e-06  9.99999985e-01 
 2.25760000e-06  1.00000000e+00  2.25760000e-06  1.00000001e+00 
 2.26760000e-06  1.00000000e+00  2.26760000e-06  9.99999993e-01 
 2.27760000e-06  1.00000000e+00  2.27760000e-06  1.00000000e+00 
 2.28760000e-06  1.00000000e+00  2.28760000e-06  9.99999997e-01 
 2.29760000e-06  1.00000000e+00  2.29760000e-06  1.00000000e+00 
 2.30760000e-06  1.00000000e+00  2.30760000e-06  9.99999999e-01 
 2.31760000e-06  1.00000000e+00  2.31760000e-06  1.00000000e+00 
 2.32760000e-06  1.00000000e+00  2.32760000e-06  9.99999999e-01 
 2.33760000e-06  1.00000000e+00  2.33760000e-06  1.00000000e+00 
 2.34760000e-06  1.00000000e+00  2.34760000e-06  1.00000000e+00 
 2.35760000e-06  1.00000000e+00  2.35760000e-06  1.00000000e+00 
 2.36760000e-06  1.00000000e+00  2.36760000e-06  1.00000000e+00 
 2.37760000e-06  1.00000000e+00  2.37760000e-06  1.00000000e+00 
 2.38760000e-06  1.00000000e+00  2.38760000e-06  1.00000000e+00 
 2.39760000e-06  1.00000000e+00  2.39760000e-06  1.00000000e+00 
 2.40760000e-06  1.00000000e+00  2.40760000e-06  1.00000000e+00 
 2.41760000e-06  1.00000000e+00  2.41760000e-06  1.00000000e+00 
 2.42760000e-06  1.00000000e+00  2.42760000e-06  1.00000000e+00 
 2.43760000e-06  1.00000000e+00  2.43760000e-06  1.00000000e+00 
 2.44760000e-06  1.00000000e+00  2.44760000e-06  1.00000000e+00 
 2.45760000e-06  1.00000000e+00  2.45760000e-06  1.00000000e+00 
 2.46760000e-06  1.00000000e+00  2.46760000e-06  1.00000000e+00 
 2.47760000e-06  1.00000000e+00  2.47760000e-06  1.00000000e+00 
 2.48760000e-06  1.00000000e+00  2.48760000e-06  1.00000000e+00 
 2.49760000e-06  1.00000000e+00  2.49760000e-06  1.00000000e+00 
 2.50760000e-06  1.00000000e+00  2.50760000e-06  1.00000000e+00 
 2.51760000e-06  1.00000000e+00  2.51760000e-06  1.00000000e+00 
 2.52760000e-06  1.00000000e+00  2.52760000e-06  1.00000000e+00 
 2.53760000e-06  1.00000000e+00  2.53760000e-06  1.00000000e+00 
 2.54760000e-06  1.00000000e+00  2.54760000e-06  1.00000000e+00 
 2.55760000e-06  1.00000000e+00  2.55760000e-06  1.00000000e+00 
 2.56760000e-06  1.00000000e+00  2.56760000e-06  1.00000000e+00 
 2.57760000e-06  1.00000000e+00  2.57760000e-06  1.00000000e+00 
 2.58760000e-06  1.00000000e+00  2.58760000e-06  1.00000000e+00 
 2.59760000e-06  1.00000000e+00  2.59760000e-06  1.00000000e+00 
 2.60760000e-06  1.00000000e+00  2.60760000e-06  1.00000000e+00 
 2.61760000e-06  1.00000000e+00  2.61760000e-06  1.00000000e+00 
 2.62760000e-06  1.00000000e+00  2.62760000e-06  1.00000000e+00 
 2.63760000e-06  1.00000000e+00  2.63760000e-06  1.00000000e+00 
 2.64760000e-06  1.00000000e+00  2.64760000e-06  1.00000000e+00 
 2.65760000e-06  1.00000000e+00  2.65760000e-06  1.00000000e+00 
 2.66760000e-06  1.00000000e+00  2.66760000e-06  1.00000000e+00 
 2.67760000e-06  1.00000000e+00  2.67760000e-06  1.00000000e+00 
 2.68760000e-06  1.00000000e+00  2.68760000e-06  1.00000000e+00 
 2.69760000e-06  1.00000000e+00  2.69760000e-06  1.00000000e+00 
 2.70760000e-06  1.00000000e+00  2.70760000e-06  1.00000000e+00 
 2.71760000e-06  1.00000000e+00  2.71760000e-06  1.00000000e+00 
 2.72760000e-06  1.00000000e+00  2.72760000e-06  1.00000000e+00 
 2.73760000e-06  1.00000000e+00  2.73760000e-06  1.00000000e+00 
 2.74760000e-06  1.00000000e+00  2.74760000e-06  1.00000000e+00 
 2.75760000e-06  1.00000000e+00  2.75760000e-06  1.00000000e+00 
 2.76760000e-06  1.00000000e+00  2.76760000e-06  1.00000000e+00 
 2.77760000e-06  1.00000000e+00  2.77760000e-06  1.00000000e+00 
 2.78760000e-06  1.00000000e+00  2.78760000e-06  1.00000000e+00 
 2.79760000e-06  1.00000000e+00  2.79760000e-06  1.00000000e+00 
 2.80760000e-06  1.00000000e+00  2.80760000e-06  1.00000000e+00 
 2.81760000e-06  1.00000000e+00  2.81760000e-06  1.00000000e+00 
 2.82760000e-06  1.00000000e+00  2.82760000e-06  1.00000000e+00 
 2.83760000e-06  1.00000000e+00  2.83760000e-06  1.00000000e+00 
 2.84760000e-06  1.00000000e+00  2.84760000e-06  1.00000000e+00 
 2.85760000e-06  1.00000000e+00  2.85760000e-06  1.00000000e+00 
 2.86760000e-06  1.00000000e+00  2.86760000e-06  1.00000000e+00 
 2.87760000e-06  1.00000000e+00  2.87760000e-06  1.00000000e+00 
 2.88760000e-06  1.00000000e+00  2.88760000e-06  1.00000000e+00 
 2.89760000e-06  1.00000000e+00  2.89760000e-06  1.00000000e+00 
 2.90760000e-06  1.00000000e+00  2.90760000e-06  1.00000000e+00 
 2.91760000e-06  1.00000000e+00  2.91760000e-06  1.00000000e+00 
 2.92760000e-06  1.00000000e+00  2.92760000e-06  1.00000000e+00 
 2.93760000e-06  1.00000000e+00  2.93760000e-06  1.00000000e+00 
 2.94760000e-06  1.00000000e+00  2.94760000e-06  1.00000000e+00 
 2.95760000e-06  1.00000000e+00  2.95760000e-06  1.00000000e+00 
 2.96760000e-06  1.00000000e+00  2.96760000e-06  1.00000000e+00 
 2.97760000e-06  1.00000000e+00  2.97760000e-06  1.00000000e+00 
 2.98760000e-06  1.00000000e+00  2.98760000e-06  1.00000000e+00 
 2.99760000e-06  1.00000000e+00  2.99760000e-06  1.00000000e+00 
 3.00760000e-06  1.00000000e+00  3.00760000e-06  1.00000000e+00 
 3.01760000e-06  1.00000000e+00  3.01760000e-06  1.00000000e+00 
 3.02760000e-06  1.00000000e+00  3.02760000e-06  1.00000000e+00 
 3.03760000e-06  1.00000000e+00  3.03760000e-06  1.00000000e+00 
 3.04760000e-06  1.00000000e+00  3.04760000e-06  1.00000000e+00 
 3.05760000e-06  1.00000000e+00  3.05760000e-06  1.00000000e+00 
 3.06760000e-06  1.00000000e+00  3.06760000e-06  1.00000000e+00 
 3.07760000e-06  1.00000000e+00  3.07760000e-06  1.00000000e+00 
 3.08760000e-06  1.00000000e+00  3.08760000e-06  1.00000000e+00 
 3.09760000e-06  1.00000000e+00  3.09760000e-06  1.00000000e+00 
 3.10760000e-06  1.00000000e+00  3.10760000e-06  1.00000000e+00 
 3.11760000e-06  1.00000000e+00  3.11760000e-06  1.00000000e+00 
 3.12760000e-06  1.00000000e+00  3.12760000e-06  1.00000000e+00 
 3.13760000e-06  1.00000000e+00  3.13760000e-06  1.00000000e+00 
 3.14760000e-06  1.00000000e+00  3.14760000e-06  1.00000000e+00 
 3.15760000e-06  1.00000000e+00  3.15760000e-06  1.00000000e+00 
 3.16760000e-06  1.00000000e+00  3.16760000e-06  1.00000000e+00 
 3.17760000e-06  1.00000000e+00  3.17760000e-06  1.00000000e+00 
 3.18760000e-06  1.00000000e+00  3.18760000e-06  1.00000000e+00 
 3.19760000e-06  1.00000000e+00  3.19760000e-06  1.00000000e+00 
 3.20760000e-06  1.00000000e+00  3.20760000e-06  1.00000000e+00 
 3.21760000e-06  1.00000000e+00  3.21760000e-06  1.00000000e+00 
 3.22760000e-06  1.00000000e+00  3.22760000e-06  1.00000000e+00 
 3.23760000e-06  1.00000000e+00  3.23760000e-06  1.00000000e+00 
 3.24760000e-06  1.00000000e+00  3.24760000e-06  1.00000000e+00 
 3.25760000e-06  1.00000000e+00  3.25760000e-06  1.00000000e+00 
 3.26760000e-06  1.00000000e+00  3.26760000e-06  1.00000000e+00 
 3.27760000e-06  1.00000000e+00  3.27760000e-06  1.00000000e+00 
 3.28760000e-06  1.00000000e+00  3.28760000e-06  1.00000000e+00 
 3.29760000e-06  1.00000000e+00  3.29760000e-06  1.00000000e+00 
 3.30760000e-06  1.00000000e+00  3.30760000e-06  1.00000000e+00 
 3.31760000e-06  1.00000000e+00  3.31760000e-06  1.00000000e+00 
 3.32760000e-06  1.00000000e+00  3.32760000e-06  1.00000000e+00 
 3.33760000e-06  1.00000000e+00  3.33760000e-06  1.00000000e+00 
 3.34760000e-06  1.00000000e+00  3.34760000e-06  1.00000000e+00 
 3.35760000e-06  1.00000000e+00  3.35760000e-06  1.00000000e+00 
 3.36760000e-06  1.00000000e+00  3.36760000e-06  1.00000000e+00 
 3.37760000e-06  1.00000000e+00  3.37760000e-06  1.00000000e+00 
 3.38760000e-06  1.00000000e+00  3.38760000e-06  1.00000000e+00 
 3.39760000e-06  1.00000000e+00  3.39760000e-06  1.00000000e+00 
 3.40760000e-06  1.00000000e+00  3.40760000e-06  1.00000000e+00 
 3.41760000e-06  1.00000000e+00  3.41760000e-06  1.00000000e+00 
 3.42760000e-06  1.00000000e+00  3.42760000e-06  1.00000000e+00 
 3.43760000e-06  1.00000000e+00  3.43760000e-06  1.00000000e+00 
 3.44760000e-06  1.00000000e+00  3.44760000e-06  1.00000000e+00 
 3.45760000e-06  1.00000000e+00  3.45760000e-06  1.00000000e+00 
 3.46760000e-06  1.00000000e+00  3.46760000e-06  1.00000000e+00 
 3.47760000e-06  1.00000000e+00  3.47760000e-06  1.00000000e+00 
 3.48760000e-06  1.00000000e+00  3.48760000e-06  1.00000000e+00 
 3.49760000e-06  1.00000000e+00  3.49760000e-06  1.00000000e+00 
 3.50760000e-06  1.00000000e+00  3.50760000e-06  1.00000000e+00 
 3.51760000e-06  1.00000000e+00  3.51760000e-06  1.00000000e+00 
 3.52760000e-06  1.00000000e+00  3.52760000e-06  1.00000000e+00 
 3.53760000e-06  1.00000000e+00  3.53760000e-06  1.00000000e+00 
 3.54760000e-06  1.00000000e+00  3.54760000e-06  1.00000000e+00 
 3.55760000e-06  1.00000000e+00  3.55760000e-06  1.00000000e+00 
 3.56760000e-06  1.00000000e+00  3.56760000e-06  1.00000000e+00 
 3.57760000e-06  1.00000000e+00  3.57760000e-06  1.00000000e+00 
 3.58760000e-06  1.00000000e+00  3.58760000e-06  1.00000000e+00 
 3.59760000e-06  1.00000000e+00  3.59760000e-06  1.00000000e+00 
 3.60760000e-06  1.00000000e+00  3.60760000e-06  1.00000000e+00 
 3.61760000e-06  1.00000000e+00  3.61760000e-06  1.00000000e+00 
 3.62760000e-06  1.00000000e+00  3.62760000e-06  1.00000000e+00 
 3.63760000e-06  1.00000000e+00  3.63760000e-06  1.00000000e+00 
 3.64760000e-06  1.00000000e+00  3.64760000e-06  1.00000000e+00 
 3.65760000e-06  1.00000000e+00  3.65760000e-06  1.00000000e+00 
 3.66760000e-06  1.00000000e+00  3.66760000e-06  1.00000000e+00 
 3.67760000e-06  1.00000000e+00  3.67760000e-06  1.00000000e+00 
 3.68760000e-06  1.00000000e+00  3.68760000e-06  1.00000000e+00 
 3.69760000e-06  1.00000000e+00  3.69760000e-06  1.00000000e+00 
 3.70760000e-06  1.00000000e+00  3.70760000e-06  1.00000000e+00 
 3.71760000e-06  1.00000000e+00  3.71760000e-06  1.00000000e+00 
 3.72760000e-06  1.00000000e+00  3.72760000e-06  1.00000000e+00 
 3.73760000e-06  1.00000000e+00  3.73760000e-06  1.00000000e+00 
 3.74760000e-06  1.00000000e+00  3.74760000e-06  1.00000000e+00 
 3.75760000e-06  1.00000000e+00  3.75760000e-06  1.00000000e+00 
 3.76760000e-06  1.00000000e+00  3.76760000e-06  1.00000000e+00 
 3.77760000e-06  1.00000000e+00  3.77760000e-06  1.00000000e+00 
 3.78760000e-06  1.00000000e+00  3.78760000e-06  1.00000000e+00 
 3.79760000e-06  1.00000000e+00  3.79760000e-06  1.00000000e+00 
 3.80760000e-06  1.00000000e+00  3.80760000e-06  1.00000000e+00 
 3.81760000e-06  1.00000000e+00  3.81760000e-06  1.00000000e+00 
 3.82760000e-06  1.00000000e+00  3.82760000e-06  1.00000000e+00 
 3.83760000e-06  1.00000000e+00  3.83760000e-06  1.00000000e+00 
 3.84760000e-06  1.00000000e+00  3.84760000e-06  1.00000000e+00 
 3.85760000e-06  1.00000000e+00  3.85760000e-06  1.00000000e+00 
 3.86760000e-06  1.00000000e+00  3.86760000e-06  1.00000000e+00 
 3.87760000e-06  1.00000000e+00  3.87760000e-06  1.00000000e+00 
 3.88760000e-06  1.00000000e+00  3.88760000e-06  1.00000000e+00 
 3.89760000e-06  1.00000000e+00  3.89760000e-06  1.00000000e+00 
 3.90760000e-06  1.00000000e+00  3.90760000e-06  1.00000000e+00 
 3.91760000e-06  1.00000000e+00  3.91760000e-06  1.00000000e+00 
 3.92760000e-06  1.00000000e+00  3.92760000e-06  1.00000000e+00 
 3.93760000e-06  1.00000000e+00  3.93760000e-06  1.00000000e+00 
 3.94760000e-06  1.00000000e+00  3.94760000e-06  1.00000000e+00 
 3.95760000e-06  1.00000000e+00  3.95760000e-06  1.00000000e+00 
 3.96760000e-06  1.00000000e+00  3.96760000e-06  1.00000000e+00 
 3.97760000e-06  1.00000000e+00  3.97760000e-06  1.00000000e+00 
 3.98760000e-06  1.00000000e+00  3.98760000e-06  1.00000000e+00 
 3.99760000e-06  1.00000000e+00  3.99760000e-06  1.00000000e+00 
 4.00760000e-06  1.00000000e+00  4.00760000e-06  1.00000000e+00 
 4.01760000e-06  1.00000000e+00  4.01760000e-06  1.00000000e+00 
 4.02760000e-06  1.00000000e+00  4.02760000e-06  1.00000000e+00 
 4.03760000e-06  1.00000000e+00  4.03760000e-06  1.00000000e+00 
 4.04760000e-06  1.00000000e+00  4.04760000e-06  1.00000000e+00 
 4.05760000e-06  1.00000000e+00  4.05760000e-06  1.00000000e+00 
 4.06760000e-06  1.00000000e+00  4.06760000e-06  1.00000000e+00 
 4.07760000e-06  1.00000000e+00  4.07760000e-06  1.00000000e+00 
 4.08760000e-06  1.00000000e+00  4.08760000e-06  1.00000000e+00 
 4.09760000e-06  1.00000000e+00  4.09760000e-06  1.00000000e+00 
 4.10760000e-06  1.00000000e+00  4.10760000e-06  1.00000000e+00 
 4.11760000e-06  1.00000000e+00  4.11760000e-06  1.00000000e+00 
 4.12760000e-06  1.00000000e+00  4.12760000e-06  1.00000000e+00 
 4.13760000e-06  1.00000000e+00  4.13760000e-06  1.00000000e+00 
 4.14760000e-06  1.00000000e+00  4.14760000e-06  1.00000000e+00 
 4.15760000e-06  1.00000000e+00  4.15760000e-06  1.00000000e+00 
 4.16760000e-06  1.00000000e+00  4.16760000e-06  1.00000000e+00 
 4.17760000e-06  1.00000000e+00  4.17760000e-06  1.00000000e+00 
 4.18760000e-06  1.00000000e+00  4.18760000e-06  1.00000000e+00 
 4.19760000e-06  1.00000000e+00  4.19760000e-06  1.00000000e+00 
 4.20760000e-06  1.00000000e+00  4.20760000e-06  1.00000000e+00 
 4.21760000e-06  1.00000000e+00  4.21760000e-06  1.00000000e+00 
 4.22760000e-06  1.00000000e+00  4.22760000e-06  1.00000000e+00 
 4.23760000e-06  1.00000000e+00  4.23760000e-06  1.00000000e+00 
 4.24760000e-06  1.00000000e+00  4.24760000e-06  1.00000000e+00 
 4.25760000e-06  1.00000000e+00  4.25760000e-06  1.00000000e+00 
 4.26760000e-06  1.00000000e+00  4.26760000e-06  1.00000000e+00 
 4.27760000e-06  1.00000000e+00  4.27760000e-06  1.00000000e+00 
 4.28760000e-06  1.00000000e+00  4.28760000e-06  1.00000000e+00 
 4.29760000e-06  1.00000000e+00  4.29760000e-06  1.00000000e+00 
 4.30760000e-06  1.00000000e+00  4.30760000e-06  1.00000000e+00 
 4.31760000e-06  1.00000000e+00  4.31760000e-06  1.00000000e+00 
 4.32760000e-06  1.00000000e+00  4.32760000e-06  1.00000000e+00 
 4.33760000e-06  1.00000000e+00  4.33760000e-06  1.00000000e+00 
 4.34760000e-06  1.00000000e+00  4.34760000e-06  1.00000000e+00 
 4.35760000e-06  1.00000000e+00  4.35760000e-06  1.00000000e+00 
 4.36760000e-06  1.00000000e+00  4.36760000e-06  1.00000000e+00 
 4.37760000e-06  1.00000000e+00  4.37760000e-06  1.00000000e+00 
 4.38760000e-06  1.00000000e+00  4.38760000e-06  1.00000000e+00 
 4.39760000e-06  1.00000000e+00  4.39760000e-06  1.00000000e+00 
 4.40760000e-06  1.00000000e+00  4.40760000e-06  1.00000000e+00 
 4.41760000e-06  1.00000000e+00  4.41760000e-06  1.00000000e+00 
 4.42760000e-06  1.00000000e+00  4.42760000e-06  1.00000000e+00 
 4.43760000e-06  1.00000000e+00  4.43760000e-06  1.00000000e+00 
 4.44760000e-06  1.00000000e+00  4.44760000e-06  1.00000000e+00 
 4.45760000e-06  1.00000000e+00  4.45760000e-06  1.00000000e+00 
 4.46760000e-06  1.00000000e+00  4.46760000e-06  1.00000000e+00 
 4.47760000e-06  1.00000000e+00  4.47760000e-06  1.00000000e+00 
 4.48760000e-06  1.00000000e+00  4.48760000e-06  1.00000000e+00 
 4.49760000e-06  1.00000000e+00  4.49760000e-06  1.00000000e+00 
 4.50760000e-06  1.00000000e+00  4.50760000e-06  1.00000000e+00 
 4.51760000e-06  1.00000000e+00  4.51760000e-06  1.00000000e+00 
 4.52760000e-06  1.00000000e+00  4.52760000e-06  1.00000000e+00 
 4.53760000e-06  1.00000000e+00  4.53760000e-06  1.00000000e+00 
 4.54760000e-06  1.00000000e+00  4.54760000e-06  1.00000000e+00 
 4.55760000e-06  1.00000000e+00  4.55760000e-06  1.00000000e+00 
 4.56760000e-06  1.00000000e+00  4.56760000e-06  1.00000000e+00 
 4.57760000e-06  1.00000000e+00  4.57760000e-06  1.00000000e+00 
 4.58760000e-06  1.00000000e+00  4.58760000e-06  1.00000000e+00 
 4.59760000e-06  1.00000000e+00  4.59760000e-06  1.00000000e+00 
 4.60760000e-06  1.00000000e+00  4.60760000e-06  1.00000000e+00 
 4.61760000e-06  1.00000000e+00  4.61760000e-06  1.00000000e+00 
 4.62760000e-06  1.00000000e+00  4.62760000e-06  1.00000000e+00 
 4.63760000e-06  1.00000000e+00  4.63760000e-06  1.00000000e+00 
 4.64760000e-06  1.00000000e+00  4.64760000e-06  1.00000000e+00 
 4.65760000e-06  1.00000000e+00  4.65760000e-06  1.00000000e+00 
 4.66760000e-06  1.00000000e+00  4.66760000e-06  1.00000000e+00 
 4.67760000e-06  1.00000000e+00  4.67760000e-06  1.00000000e+00 
 4.68760000e-06  1.00000000e+00  4.68760000e-06  1.00000000e+00 
 4.69760000e-06  1.00000000e+00  4.69760000e-06  1.00000000e+00 
 4.70760000e-06  1.00000000e+00  4.70760000e-06  1.00000000e+00 
 4.71760000e-06  1.00000000e+00  4.71760000e-06  1.00000000e+00 
 4.72760000e-06  1.00000000e+00  4.72760000e-06  1.00000000e+00 
 4.73760000e-06  1.00000000e+00  4.73760000e-06  1.00000000e+00 
 4.74760000e-06  1.00000000e+00  4.74760000e-06  1.00000000e+00 
 4.75760000e-06  1.00000000e+00  4.75760000e-06  1.00000000e+00 
 4.76760000e-06  1.00000000e+00  4.76760000e-06  1.00000000e+00 
 4.77760000e-06  1.00000000e+00  4.77760000e-06  1.00000000e+00 
 4.78760000e-06  1.00000000e+00  4.78760000e-06  1.00000000e+00 
 4.79760000e-06  1.00000000e+00  4.79760000e-06  1.00000000e+00 
 4.80760000e-06  1.00000000e+00  4.80760000e-06  1.00000000e+00 
 4.81760000e-06  1.00000000e+00  4.81760000e-06  1.00000000e+00 
 4.82760000e-06  1.00000000e+00  4.82760000e-06  1.00000000e+00 
 4.83760000e-06  1.00000000e+00  4.83760000e-06  1.00000000e+00 
 4.84760000e-06  1.00000000e+00  4.84760000e-06  1.00000000e+00 
 4.85760000e-06  1.00000000e+00  4.85760000e-06  1.00000000e+00 
 4.86760000e-06  1.00000000e+00  4.86760000e-06  1.00000000e+00 
 4.87760000e-06  1.00000000e+00  4.87760000e-06  1.00000000e+00 
 4.88760000e-06  1.00000000e+00  4.88760000e-06  1.00000000e+00 
 4.89760000e-06  1.00000000e+00  4.89760000e-06  1.00000000e+00 
 4.90760000e-06  1.00000000e+00  4.90760000e-06  1.00000000e+00 
 4.91760000e-06  1.00000000e+00  4.91760000e-06  1.00000000e+00 
 4.92760000e-06  1.00000000e+00  4.92760000e-06  1.00000000e+00 
 4.93760000e-06  1.00000000e+00  4.93760000e-06  1.00000000e+00 
 4.94760000e-06  1.00000000e+00  4.94760000e-06  1.00000000e+00 
 4.95760000e-06  1.00000000e+00  4.95760000e-06  1.00000000e+00 
 4.96760000e-06  1.00000000e+00  4.96760000e-06  1.00000000e+00 
 4.97760000e-06  1.00000000e+00  4.97760000e-06  1.00000000e+00 
 4.98760000e-06  1.00000000e+00  4.98760000e-06  1.00000000e+00 
 4.99760000e-06  1.00000000e+00  4.99760000e-06  1.00000000e+00 
 5.00760000e-06  1.00000000e+00  5.00760000e-06  1.00000000e+00 
 5.01760000e-06  1.00000000e+00  5.01760000e-06  1.00000000e+00 
 5.02760000e-06  1.00000000e+00  5.02760000e-06  1.00000000e+00 
 5.03760000e-06  1.00000000e+00  5.03760000e-06  1.00000000e+00 
 5.04760000e-06  1.00000000e+00  5.04760000e-06  1.00000000e+00 
 5.05760000e-06  1.00000000e+00  5.05760000e-06  1.00000000e+00 
 5.06760000e-06  1.00000000e+00  5.06760000e-06  1.00000000e+00 
 5.07760000e-06  1.00000000e+00  5.07760000e-06  1.00000000e+00 
 5.08760000e-06  1.00000000e+00  5.08760000e-06  1.00000000e+00 
 5.09760000e-06  1.00000000e+00  5.09760000e-06  1.00000000e+00 
 5.10760000e-06  1.00000000e+00  5.10760000e-06  1.00000000e+00 
 5.11760000e-06  1.00000000e+00  5.11760000e-06  1.00000000e+00 
 5.12760000e-06  1.00000000e+00  5.12760000e-06  1.00000000e+00 
 5.13760000e-06  1.00000000e+00  5.13760000e-06  1.00000000e+00 
 5.14760000e-06  1.00000000e+00  5.14760000e-06  1.00000000e+00 
 5.15760000e-06  1.00000000e+00  5.15760000e-06  1.00000000e+00 
 5.16760000e-06  1.00000000e+00  5.16760000e-06  1.00000000e+00 
 5.17760000e-06  1.00000000e+00  5.17760000e-06  1.00000000e+00 
 5.18760000e-06  1.00000000e+00  5.18760000e-06  1.00000000e+00 
 5.19760000e-06  1.00000000e+00  5.19760000e-06  1.00000000e+00 
 5.20760000e-06  1.00000000e+00  5.20760000e-06  1.00000000e+00 
 5.21760000e-06  1.00000000e+00  5.21760000e-06  1.00000000e+00 
 5.22760000e-06  1.00000000e+00  5.22760000e-06  1.00000000e+00 
 5.23760000e-06  1.00000000e+00  5.23760000e-06  1.00000000e+00 
 5.24760000e-06  1.00000000e+00  5.24760000e-06  1.00000000e+00 
 5.25760000e-06  1.00000000e+00  5.25760000e-06  1.00000000e+00 
 5.26760000e-06  1.00000000e+00  5.26760000e-06  1.00000000e+00 
 5.27760000e-06  1.00000000e+00  5.27760000e-06  1.00000000e+00 
 5.28760000e-06  1.00000000e+00  5.28760000e-06  1.00000000e+00 
 5.29760000e-06  1.00000000e+00  5.29760000e-06  1.00000000e+00 
 5.30760000e-06  1.00000000e+00  5.30760000e-06  1.00000000e+00 
 5.31760000e-06  1.00000000e+00  5.31760000e-06  1.00000000e+00 
 5.32760000e-06  1.00000000e+00  5.32760000e-06  1.00000000e+00 
 5.33760000e-06  1.00000000e+00  5.33760000e-06  1.00000000e+00 
 5.34760000e-06  1.00000000e+00  5.34760000e-06  1.00000000e+00 
 5.35760000e-06  1.00000000e+00  5.35760000e-06  1.00000000e+00 
 5.36760000e-06  1.00000000e+00  5.36760000e-06  1.00000000e+00 
 5.37760000e-06  1.00000000e+00  5.37760000e-06  1.00000000e+00 
 5.38760000e-06  1.00000000e+00  5.38760000e-06  1.00000000e+00 
 5.39760000e-06  1.00000000e+00  5.39760000e-06  1.00000000e+00 
 5.40760000e-06  1.00000000e+00  5.40760000e-06  1.00000000e+00 
 5.41760000e-06  1.00000000e+00  5.41760000e-06  1.00000000e+00 
 5.42760000e-06  1.00000000e+00  5.42760000e-06  1.00000000e+00 
 5.43760000e-06  1.00000000e+00  5.43760000e-06  1.00000000e+00 
 5.44760000e-06  1.00000000e+00  5.44760000e-06  1.00000000e+00 
 5.45760000e-06  1.00000000e+00  5.45760000e-06  1.00000000e+00 
 5.46760000e-06  1.00000000e+00  5.46760000e-06  1.00000000e+00 
 5.47760000e-06  1.00000000e+00  5.47760000e-06  1.00000000e+00 
 5.48760000e-06  1.00000000e+00  5.48760000e-06  1.00000000e+00 
 5.49760000e-06  1.00000000e+00  5.49760000e-06  1.00000000e+00 
 5.50760000e-06  1.00000000e+00  5.50760000e-06  1.00000000e+00 
 5.51760000e-06  1.00000000e+00  5.51760000e-06  1.00000000e+00 
 5.52760000e-06  1.00000000e+00  5.52760000e-06  1.00000000e+00 
 5.53760000e-06  1.00000000e+00  5.53760000e-06  1.00000000e+00 
 5.54760000e-06  1.00000000e+00  5.54760000e-06  1.00000000e+00 
 5.55760000e-06  1.00000000e+00  5.55760000e-06  1.00000000e+00 
 5.56760000e-06  1.00000000e+00  5.56760000e-06  1.00000000e+00 
 5.57760000e-06  1.00000000e+00  5.57760000e-06  1.00000000e+00 
 5.58760000e-06  1.00000000e+00  5.58760000e-06  1.00000000e+00 
 5.59760000e-06  1.00000000e+00  5.59760000e-06  1.00000000e+00 
 5.60760000e-06  1.00000000e+00  5.60760000e-06  1.00000000e+00 
 5.61760000e-06  1.00000000e+00  5.61760000e-06  1.00000000e+00 
 5.62760000e-06  1.00000000e+00  5.62760000e-06  1.00000000e+00 
 5.63760000e-06  1.00000000e+00  5.63760000e-06  1.00000000e+00 
 5.64760000e-06  1.00000000e+00  5.64760000e-06  1.00000000e+00 
 5.65760000e-06  1.00000000e+00  5.65760000e-06  1.00000000e+00 
 5.66760000e-06  1.00000000e+00  5.66760000e-06  1.00000000e+00 
 5.67760000e-06  1.00000000e+00  5.67760000e-06  1.00000000e+00 
 5.68760000e-06  1.00000000e+00  5.68760000e-06  1.00000000e+00 
 5.69760000e-06  1.00000000e+00  5.69760000e-06  1.00000000e+00 
 5.70760000e-06  1.00000000e+00  5.70760000e-06  1.00000000e+00 
 5.71760000e-06  1.00000000e+00  5.71760000e-06  1.00000000e+00 
 5.72760000e-06  1.00000000e+00  5.72760000e-06  1.00000000e+00 
 5.73760000e-06  1.00000000e+00  5.73760000e-06  1.00000000e+00 
 5.74760000e-06  1.00000000e+00  5.74760000e-06  1.00000000e+00 
 5.75760000e-06  1.00000000e+00  5.75760000e-06  1.00000000e+00 
 5.76760000e-06  1.00000000e+00  5.76760000e-06  1.00000000e+00 
 5.77760000e-06  1.00000000e+00  5.77760000e-06  1.00000000e+00 
 5.78760000e-06  1.00000000e+00  5.78760000e-06  1.00000000e+00 
 5.79760000e-06  1.00000000e+00  5.79760000e-06  1.00000000e+00 
 5.80760000e-06  1.00000000e+00  5.80760000e-06  1.00000000e+00 
 5.81760000e-06  1.00000000e+00  5.81760000e-06  1.00000000e+00 
 5.82760000e-06  1.00000000e+00  5.82760000e-06  1.00000000e+00 
 5.83760000e-06  1.00000000e+00  5.83760000e-06  1.00000000e+00 
 5.84760000e-06  1.00000000e+00  5.84760000e-06  1.00000000e+00 
 5.85760000e-06  1.00000000e+00  5.85760000e-06  1.00000000e+00 
 5.86760000e-06  1.00000000e+00  5.86760000e-06  1.00000000e+00 
 5.87760000e-06  1.00000000e+00  5.87760000e-06  1.00000000e+00 
 5.88760000e-06  1.00000000e+00  5.88760000e-06  1.00000000e+00 
 5.89760000e-06  1.00000000e+00  5.89760000e-06  1.00000000e+00 
 5.90760000e-06  1.00000000e+00  5.90760000e-06  1.00000000e+00 
 5.91760000e-06  1.00000000e+00  5.91760000e-06  1.00000000e+00 
 5.92760000e-06  1.00000000e+00  5.92760000e-06  1.00000000e+00 
 5.93760000e-06  1.00000000e+00  5.93760000e-06  1.00000000e+00 
 5.94760000e-06  1.00000000e+00  5.94760000e-06  1.00000000e+00 
 5.95760000e-06  1.00000000e+00  5.95760000e-06  1.00000000e+00 
 5.96760000e-06  1.00000000e+00  5.96760000e-06  1.00000000e+00 
 5.97760000e-06  1.00000000e+00  5.97760000e-06  1.00000000e+00 
 5.98760000e-06  1.00000000e+00  5.98760000e-06  1.00000000e+00 
 5.99760000e-06  1.00000000e+00  5.99760000e-06  1.00000000e+00 
 6.00760000e-06  1.00000000e+00  6.00760000e-06  1.00000000e+00 
 6.01760000e-06  1.00000000e+00  6.01760000e-06  1.00000000e+00 
 6.02760000e-06  1.00000000e+00  6.02760000e-06  1.00000000e+00 
 6.03760000e-06  1.00000000e+00  6.03760000e-06  1.00000000e+00 
 6.04760000e-06  1.00000000e+00  6.04760000e-06  1.00000000e+00 
 6.05760000e-06  1.00000000e+00  6.05760000e-06  1.00000000e+00 
 6.06760000e-06  1.00000000e+00  6.06760000e-06  1.00000000e+00 
 6.07760000e-06  1.00000000e+00  6.07760000e-06  1.00000000e+00 
 6.08760000e-06  1.00000000e+00  6.08760000e-06  1.00000000e+00 
 6.09760000e-06  1.00000000e+00  6.09760000e-06  1.00000000e+00 
 6.10760000e-06  1.00000000e+00  6.10760000e-06  1.00000000e+00 
 6.11760000e-06  1.00000000e+00  6.11760000e-06  1.00000000e+00 
 6.12760000e-06  1.00000000e+00  6.12760000e-06  1.00000000e+00 
 6.13760000e-06  1.00000000e+00  6.13760000e-06  1.00000000e+00 
 6.14760000e-06  1.00000000e+00  6.14760000e-06  1.00000000e+00 
 6.15760000e-06  1.00000000e+00  6.15760000e-06  1.00000000e+00 
 6.16760000e-06  1.00000000e+00  6.16760000e-06  1.00000000e+00 
 6.17760000e-06  1.00000000e+00  6.17760000e-06  1.00000000e+00 
 6.18760000e-06  1.00000000e+00  6.18760000e-06  1.00000000e+00 
 6.19760000e-06  1.00000000e+00  6.19760000e-06  1.00000000e+00 
 6.20760000e-06  1.00000000e+00  6.20760000e-06  1.00000000e+00 
 6.21760000e-06  1.00000000e+00  6.21760000e-06  1.00000000e+00 
 6.22760000e-06  1.00000000e+00  6.22760000e-06  1.00000000e+00 
 6.23760000e-06  1.00000000e+00  6.23760000e-06  1.00000000e+00 
 6.24760000e-06  1.00000000e+00  6.24760000e-06  1.00000000e+00 
 6.25760000e-06  1.00000000e+00  6.25760000e-06  1.00000000e+00 
 6.26760000e-06  1.00000000e+00  6.26760000e-06  1.00000000e+00 
 6.27760000e-06  1.00000000e+00  6.27760000e-06  1.00000000e+00 
 6.28760000e-06  1.00000000e+00  6.28760000e-06  1.00000000e+00 
 6.29760000e-06  1.00000000e+00  6.29760000e-06  1.00000000e+00 
 6.30760000e-06  1.00000000e+00  6.30760000e-06  1.00000000e+00 
 6.31760000e-06  1.00000000e+00  6.31760000e-06  1.00000000e+00 
 6.32760000e-06  1.00000000e+00  6.32760000e-06  1.00000000e+00 
 6.33760000e-06  1.00000000e+00  6.33760000e-06  1.00000000e+00 
 6.34760000e-06  1.00000000e+00  6.34760000e-06  1.00000000e+00 
 6.35760000e-06  1.00000000e+00  6.35760000e-06  1.00000000e+00 
 6.36760000e-06  1.00000000e+00  6.36760000e-06  1.00000000e+00 
 6.37760000e-06  1.00000000e+00  6.37760000e-06  1.00000000e+00 
 6.38760000e-06  1.00000000e+00  6.38760000e-06  1.00000000e+00 
 6.39760000e-06  1.00000000e+00  6.39760000e-06  1.00000000e+00 
 6.40760000e-06  1.00000000e+00  6.40760000e-06  1.00000000e+00 
 6.41760000e-06  1.00000000e+00  6.41760000e-06  1.00000000e+00 
 6.42760000e-06  1.00000000e+00  6.42760000e-06  1.00000000e+00 
 6.43760000e-06  1.00000000e+00  6.43760000e-06  1.00000000e+00 
 6.44760000e-06  1.00000000e+00  6.44760000e-06  1.00000000e+00 
 6.45760000e-06  1.00000000e+00  6.45760000e-06  1.00000000e+00 
 6.46760000e-06  1.00000000e+00  6.46760000e-06  1.00000000e+00 
 6.47760000e-06  1.00000000e+00  6.47760000e-06  1.00000000e+00 
 6.48760000e-06  1.00000000e+00  6.48760000e-06  1.00000000e+00 
 6.49760000e-06  1.00000000e+00  6.49760000e-06  1.00000000e+00 
 6.50760000e-06  1.00000000e+00  6.50760000e-06  1.00000000e+00 
 6.51760000e-06  1.00000000e+00  6.51760000e-06  1.00000000e+00 
 6.52760000e-06  1.00000000e+00  6.52760000e-06  1.00000000e+00 
 6.53760000e-06  1.00000000e+00  6.53760000e-06  1.00000000e+00 
 6.54760000e-06  1.00000000e+00  6.54760000e-06  1.00000000e+00 
 6.55760000e-06  1.00000000e+00  6.55760000e-06  1.00000000e+00 
 6.56760000e-06  1.00000000e+00  6.56760000e-06  1.00000000e+00 
 6.57760000e-06  1.00000000e+00  6.57760000e-06  1.00000000e+00 
 6.58760000e-06  1.00000000e+00  6.58760000e-06  1.00000000e+00 
 6.59760000e-06  1.00000000e+00  6.59760000e-06  1.00000000e+00 
 6.60760000e-06  1.00000000e+00  6.60760000e-06  1.00000000e+00 
 6.61760000e-06  1.00000000e+00  6.61760000e-06  1.00000000e+00 
 6.62760000e-06  1.00000000e+00  6.62760000e-06  1.00000000e+00 
 6.63760000e-06  1.00000000e+00  6.63760000e-06  1.00000000e+00 
 6.64760000e-06  1.00000000e+00  6.64760000e-06  1.00000000e+00 
 6.65760000e-06  1.00000000e+00  6.65760000e-06  1.00000000e+00 
 6.66760000e-06  1.00000000e+00  6.66760000e-06  1.00000000e+00 
 6.67760000e-06  1.00000000e+00  6.67760000e-06  1.00000000e+00 
 6.68760000e-06  1.00000000e+00  6.68760000e-06  1.00000000e+00 
 6.69760000e-06  1.00000000e+00  6.69760000e-06  1.00000000e+00 
 6.70760000e-06  1.00000000e+00  6.70760000e-06  1.00000000e+00 
 6.71760000e-06  1.00000000e+00  6.71760000e-06  1.00000000e+00 
 6.72760000e-06  1.00000000e+00  6.72760000e-06  1.00000000e+00 
 6.73760000e-06  1.00000000e+00  6.73760000e-06  1.00000000e+00 
 6.74760000e-06  1.00000000e+00  6.74760000e-06  1.00000000e+00 
 6.75760000e-06  1.00000000e+00  6.75760000e-06  1.00000000e+00 
 6.76760000e-06  1.00000000e+00  6.76760000e-06  1.00000000e+00 
 6.77760000e-06  1.00000000e+00  6.77760000e-06  1.00000000e+00 
 6.78760000e-06  1.00000000e+00  6.78760000e-06  1.00000000e+00 
 6.79760000e-06  1.00000000e+00  6.79760000e-06  1.00000000e+00 
 6.80760000e-06  1.00000000e+00  6.80760000e-06  1.00000000e+00 
 6.81760000e-06  1.00000000e+00  6.81760000e-06  1.00000000e+00 
 6.82760000e-06  1.00000000e+00  6.82760000e-06  1.00000000e+00 
 6.83760000e-06  1.00000000e+00  6.83760000e-06  1.00000000e+00 
 6.84760000e-06  1.00000000e+00  6.84760000e-06  1.00000000e+00 
 6.85760000e-06  1.00000000e+00  6.85760000e-06  1.00000000e+00 
 6.86760000e-06  1.00000000e+00  6.86760000e-06  1.00000000e+00 
 6.87760000e-06  1.00000000e+00  6.87760000e-06  1.00000000e+00 
 6.88760000e-06  1.00000000e+00  6.88760000e-06  1.00000000e+00 
 6.89760000e-06  1.00000000e+00  6.89760000e-06  1.00000000e+00 
 6.90760000e-06  1.00000000e+00  6.90760000e-06  1.00000000e+00 
 6.91760000e-06  1.00000000e+00  6.91760000e-06  1.00000000e+00 
 6.92760000e-06  1.00000000e+00  6.92760000e-06  1.00000000e+00 
 6.93760000e-06  1.00000000e+00  6.93760000e-06  1.00000000e+00 
 6.94760000e-06  1.00000000e+00  6.94760000e-06  1.00000000e+00 
 6.95760000e-06  1.00000000e+00  6.95760000e-06  1.00000000e+00 
 6.96760000e-06  1.00000000e+00  6.96760000e-06  1.00000000e+00 
 6.97760000e-06  1.00000000e+00  6.97760000e-06  1.00000000e+00 
 6.98760000e-06  1.00000000e+00  6.98760000e-06  1.00000000e+00 
 6.99760000e-06  1.00000000e+00  6.99760000e-06  1.00000000e+00 
 7.00760000e-06  1.00000000e+00  7.00760000e-06  1.00000000e+00 
 7.01760000e-06  1.00000000e+00  7.01760000e-06  1.00000000e+00 
 7.02760000e-06  1.00000000e+00  7.02760000e-06  1.00000000e+00 
 7.03760000e-06  1.00000000e+00  7.03760000e-06  1.00000000e+00 
 7.04760000e-06  1.00000000e+00  7.04760000e-06  1.00000000e+00 
 7.05760000e-06  1.00000000e+00  7.05760000e-06  1.00000000e+00 
 7.06760000e-06  1.00000000e+00  7.06760000e-06  1.00000000e+00 
 7.07760000e-06  1.00000000e+00  7.07760000e-06  1.00000000e+00 
 7.08760000e-06  1.00000000e+00  7.08760000e-06  1.00000000e+00 
 7.09760000e-06  1.00000000e+00  7.09760000e-06  1.00000000e+00 
 7.10760000e-06  1.00000000e+00  7.10760000e-06  1.00000000e+00 
 7.11760000e-06  1.00000000e+00  7.11760000e-06  1.00000000e+00 
 7.12760000e-06  1.00000000e+00  7.12760000e-06  1.00000000e+00 
 7.13760000e-06  1.00000000e+00  7.13760000e-06  1.00000000e+00 
 7.14760000e-06  1.00000000e+00  7.14760000e-06  1.00000000e+00 
 7.15760000e-06  1.00000000e+00  7.15760000e-06  1.00000000e+00 
 7.16760000e-06  1.00000000e+00  7.16760000e-06  1.00000000e+00 
 7.17760000e-06  1.00000000e+00  7.17760000e-06  1.00000000e+00 
 7.18760000e-06  1.00000000e+00  7.18760000e-06  1.00000000e+00 
 7.19760000e-06  1.00000000e+00  7.19760000e-06  1.00000000e+00 
 7.20760000e-06  1.00000000e+00  7.20760000e-06  1.00000000e+00 
 7.21760000e-06  1.00000000e+00  7.21760000e-06  1.00000000e+00 
 7.22760000e-06  1.00000000e+00  7.22760000e-06  1.00000000e+00 
 7.23760000e-06  1.00000000e+00  7.23760000e-06  1.00000000e+00 
 7.24760000e-06  1.00000000e+00  7.24760000e-06  1.00000000e+00 
 7.25760000e-06  1.00000000e+00  7.25760000e-06  1.00000000e+00 
 7.26760000e-06  1.00000000e+00  7.26760000e-06  1.00000000e+00 
 7.27760000e-06  1.00000000e+00  7.27760000e-06  1.00000000e+00 
 7.28760000e-06  1.00000000e+00  7.28760000e-06  1.00000000e+00 
 7.29760000e-06  1.00000000e+00  7.29760000e-06  1.00000000e+00 
 7.30760000e-06  1.00000000e+00  7.30760000e-06  1.00000000e+00 
 7.31760000e-06  1.00000000e+00  7.31760000e-06  1.00000000e+00 
 7.32760000e-06  1.00000000e+00  7.32760000e-06  1.00000000e+00 
 7.33760000e-06  1.00000000e+00  7.33760000e-06  1.00000000e+00 
 7.34760000e-06  1.00000000e+00  7.34760000e-06  1.00000000e+00 
 7.35760000e-06  1.00000000e+00  7.35760000e-06  1.00000000e+00 
 7.36760000e-06  1.00000000e+00  7.36760000e-06  1.00000000e+00 
 7.37760000e-06  1.00000000e+00  7.37760000e-06  1.00000000e+00 
 7.38760000e-06  1.00000000e+00  7.38760000e-06  1.00000000e+00 
 7.39760000e-06  1.00000000e+00  7.39760000e-06  1.00000000e+00 
 7.40760000e-06  1.00000000e+00  7.40760000e-06  1.00000000e+00 
 7.41760000e-06  1.00000000e+00  7.41760000e-06  1.00000000e+00 
 7.42760000e-06  1.00000000e+00  7.42760000e-06  1.00000000e+00 
 7.43760000e-06  1.00000000e+00  7.43760000e-06  1.00000000e+00 
 7.44760000e-06  1.00000000e+00  7.44760000e-06  1.00000000e+00 
 7.45760000e-06  1.00000000e+00  7.45760000e-06  1.00000000e+00 
 7.46760000e-06  1.00000000e+00  7.46760000e-06  1.00000000e+00 
 7.47760000e-06  1.00000000e+00  7.47760000e-06  1.00000000e+00 
 7.48760000e-06  1.00000000e+00  7.48760000e-06  1.00000000e+00 
 7.49760000e-06  1.00000000e+00  7.49760000e-06  1.00000000e+00 
 7.50760000e-06  1.00000000e+00  7.50760000e-06  1.00000000e+00 
 7.51760000e-06  1.00000000e+00  7.51760000e-06  1.00000000e+00 
 7.52760000e-06  1.00000000e+00  7.52760000e-06  1.00000000e+00 
 7.53760000e-06  1.00000000e+00  7.53760000e-06  1.00000000e+00 
 7.54760000e-06  1.00000000e+00  7.54760000e-06  1.00000000e+00 
 7.55760000e-06  1.00000000e+00  7.55760000e-06  1.00000000e+00 
 7.56760000e-06  1.00000000e+00  7.56760000e-06  1.00000000e+00 
 7.57760000e-06  1.00000000e+00  7.57760000e-06  1.00000000e+00 
 7.58760000e-06  1.00000000e+00  7.58760000e-06  1.00000000e+00 
 7.59760000e-06  1.00000000e+00  7.59760000e-06  1.00000000e+00 
 7.60760000e-06  1.00000000e+00  7.60760000e-06  1.00000000e+00 
 7.61760000e-06  1.00000000e+00  7.61760000e-06  1.00000000e+00 
 7.62760000e-06  1.00000000e+00  7.62760000e-06  1.00000000e+00 
 7.63760000e-06  1.00000000e+00  7.63760000e-06  1.00000000e+00 
 7.64760000e-06  1.00000000e+00  7.64760000e-06  1.00000000e+00 
 7.65760000e-06  1.00000000e+00  7.65760000e-06  1.00000000e+00 
 7.66760000e-06  1.00000000e+00  7.66760000e-06  1.00000000e+00 
 7.67760000e-06  1.00000000e+00  7.67760000e-06  1.00000000e+00 
 7.68760000e-06  1.00000000e+00  7.68760000e-06  1.00000000e+00 
 7.69760000e-06  1.00000000e+00  7.69760000e-06  1.00000000e+00 
 7.70760000e-06  1.00000000e+00  7.70760000e-06  1.00000000e+00 
 7.71760000e-06  1.00000000e+00  7.71760000e-06  1.00000000e+00 
 7.72760000e-06  1.00000000e+00  7.72760000e-06  1.00000000e+00 
 7.73760000e-06  1.00000000e+00  7.73760000e-06  1.00000000e+00 
 7.74760000e-06  1.00000000e+00  7.74760000e-06  1.00000000e+00 
 7.75760000e-06  1.00000000e+00  7.75760000e-06  1.00000000e+00 
 7.76760000e-06  1.00000000e+00  7.76760000e-06  1.00000000e+00 
 7.77760000e-06  1.00000000e+00  7.77760000e-06  1.00000000e+00 
 7.78760000e-06  1.00000000e+00  7.78760000e-06  1.00000000e+00 
 7.79760000e-06  1.00000000e+00  7.79760000e-06  1.00000000e+00 
 7.80760000e-06  1.00000000e+00  7.80760000e-06  1.00000000e+00 
 7.81760000e-06  1.00000000e+00  7.81760000e-06  1.00000000e+00 
 7.82760000e-06  1.00000000e+00  7.82760000e-06  1.00000000e+00 
 7.83760000e-06  1.00000000e+00  7.83760000e-06  1.00000000e+00 
 7.84760000e-06  1.00000000e+00  7.84760000e-06  1.00000000e+00 
 7.85760000e-06  1.00000000e+00  7.85760000e-06  1.00000000e+00 
 7.86760000e-06  1.00000000e+00  7.86760000e-06  1.00000000e+00 
 7.87760000e-06  1.00000000e+00  7.87760000e-06  1.00000000e+00 
 7.88760000e-06  1.00000000e+00  7.88760000e-06  1.00000000e+00 
 7.89760000e-06  1.00000000e+00  7.89760000e-06  1.00000000e+00 
 7.90760000e-06  1.00000000e+00  7.90760000e-06  1.00000000e+00 
 7.91760000e-06  1.00000000e+00  7.91760000e-06  1.00000000e+00 
 7.92760000e-06  1.00000000e+00  7.92760000e-06  1.00000000e+00 
 7.93760000e-06  1.00000000e+00  7.93760000e-06  1.00000000e+00 
 7.94760000e-06  1.00000000e+00  7.94760000e-06  1.00000000e+00 
 7.95760000e-06  1.00000000e+00  7.95760000e-06  1.00000000e+00 
 7.96760000e-06  1.00000000e+00  7.96760000e-06  1.00000000e+00 
 7.97760000e-06  1.00000000e+00  7.97760000e-06  1.00000000e+00 
 7.98760000e-06  1.00000000e+00  7.98760000e-06  1.00000000e+00 
 7.99760000e-06  1.00000000e+00  7.99760000e-06  1.00000000e+00 
 8.00760000e-06  1.00000000e+00  8.00760000e-06  1.00000000e+00 
 8.01760000e-06  1.00000000e+00  8.01760000e-06  1.00000000e+00 
 8.02760000e-06  1.00000000e+00  8.02760000e-06  1.00000000e+00 
 8.03760000e-06  1.00000000e+00  8.03760000e-06  1.00000000e+00 
 8.04760000e-06  1.00000000e+00  8.04760000e-06  1.00000000e+00 
 8.05760000e-06  1.00000000e+00  8.05760000e-06  1.00000000e+00 
 8.06760000e-06  1.00000000e+00  8.06760000e-06  1.00000000e+00 
 8.07760000e-06  1.00000000e+00  8.07760000e-06  1.00000000e+00 
 8.08760000e-06  1.00000000e+00  8.08760000e-06  1.00000000e+00 
 8.09760000e-06  1.00000000e+00  8.09760000e-06  1.00000000e+00 
 8.10760000e-06  1.00000000e+00  8.10760000e-06  1.00000000e+00 
 8.11760000e-06  1.00000000e+00  8.11760000e-06  1.00000000e+00 
 8.12760000e-06  1.00000000e+00  8.12760000e-06  1.00000000e+00 
 8.13760000e-06  1.00000000e+00  8.13760000e-06  1.00000000e+00 
 8.14760000e-06  1.00000000e+00  8.14760000e-06  1.00000000e+00 
 8.15760000e-06  1.00000000e+00  8.15760000e-06  1.00000000e+00 
 8.16760000e-06  1.00000000e+00  8.16760000e-06  1.00000000e+00 
 8.17760000e-06  1.00000000e+00  8.17760000e-06  1.00000000e+00 
 8.18760000e-06  1.00000000e+00  8.18760000e-06  1.00000000e+00 
 8.19760000e-06  1.00000000e+00  8.19760000e-06  1.00000000e+00 
 8.20760000e-06  1.00000000e+00  8.20760000e-06  1.00000000e+00 
 8.21760000e-06  1.00000000e+00  8.21760000e-06  1.00000000e+00 
 8.22760000e-06  1.00000000e+00  8.22760000e-06  1.00000000e+00 
 8.23760000e-06  1.00000000e+00  8.23760000e-06  1.00000000e+00 
 8.24760000e-06  1.00000000e+00  8.24760000e-06  1.00000000e+00 
 8.25760000e-06  1.00000000e+00  8.25760000e-06  1.00000000e+00 
 8.26760000e-06  1.00000000e+00  8.26760000e-06  1.00000000e+00 
 8.27760000e-06  1.00000000e+00  8.27760000e-06  1.00000000e+00 
 8.28760000e-06  1.00000000e+00  8.28760000e-06  1.00000000e+00 
 8.29760000e-06  1.00000000e+00  8.29760000e-06  1.00000000e+00 
 8.30760000e-06  1.00000000e+00  8.30760000e-06  1.00000000e+00 
 8.31760000e-06  1.00000000e+00  8.31760000e-06  1.00000000e+00 
 8.32760000e-06  1.00000000e+00  8.32760000e-06  1.00000000e+00 
 8.33760000e-06  1.00000000e+00  8.33760000e-06  1.00000000e+00 
 8.34760000e-06  1.00000000e+00  8.34760000e-06  1.00000000e+00 
 8.35760000e-06  1.00000000e+00  8.35760000e-06  1.00000000e+00 
 8.36760000e-06  1.00000000e+00  8.36760000e-06  1.00000000e+00 
 8.37760000e-06  1.00000000e+00  8.37760000e-06  1.00000000e+00 
 8.38760000e-06  1.00000000e+00  8.38760000e-06  1.00000000e+00 
 8.39760000e-06  1.00000000e+00  8.39760000e-06  1.00000000e+00 
 8.40760000e-06  1.00000000e+00  8.40760000e-06  1.00000000e+00 
 8.41760000e-06  1.00000000e+00  8.41760000e-06  1.00000000e+00 
 8.42760000e-06  1.00000000e+00  8.42760000e-06  1.00000000e+00 
 8.43760000e-06  1.00000000e+00  8.43760000e-06  1.00000000e+00 
 8.44760000e-06  1.00000000e+00  8.44760000e-06  1.00000000e+00 
 8.45760000e-06  1.00000000e+00  8.45760000e-06  1.00000000e+00 
 8.46760000e-06  1.00000000e+00  8.46760000e-06  1.00000000e+00 
 8.47760000e-06  1.00000000e+00  8.47760000e-06  1.00000000e+00 
 8.48760000e-06  1.00000000e+00  8.48760000e-06  1.00000000e+00 
 8.49760000e-06  1.00000000e+00  8.49760000e-06  1.00000000e+00 
 8.50760000e-06  1.00000000e+00  8.50760000e-06  1.00000000e+00 
 8.51760000e-06  1.00000000e+00  8.51760000e-06  1.00000000e+00 
 8.52760000e-06  1.00000000e+00  8.52760000e-06  1.00000000e+00 
 8.53760000e-06  1.00000000e+00  8.53760000e-06  1.00000000e+00 
 8.54760000e-06  1.00000000e+00  8.54760000e-06  1.00000000e+00 
 8.55760000e-06  1.00000000e+00  8.55760000e-06  1.00000000e+00 
 8.56760000e-06  1.00000000e+00  8.56760000e-06  1.00000000e+00 
 8.57760000e-06  1.00000000e+00  8.57760000e-06  1.00000000e+00 
 8.58760000e-06  1.00000000e+00  8.58760000e-06  1.00000000e+00 
 8.59760000e-06  1.00000000e+00  8.59760000e-06  1.00000000e+00 
 8.60760000e-06  1.00000000e+00  8.60760000e-06  1.00000000e+00 
 8.61760000e-06  1.00000000e+00  8.61760000e-06  1.00000000e+00 
 8.62760000e-06  1.00000000e+00  8.62760000e-06  1.00000000e+00 
 8.63760000e-06  1.00000000e+00  8.63760000e-06  1.00000000e+00 
 8.64760000e-06  1.00000000e+00  8.64760000e-06  1.00000000e+00 
 8.65760000e-06  1.00000000e+00  8.65760000e-06  1.00000000e+00 
 8.66760000e-06  1.00000000e+00  8.66760000e-06  1.00000000e+00 
 8.67760000e-06  1.00000000e+00  8.67760000e-06  1.00000000e+00 
 8.68760000e-06  1.00000000e+00  8.68760000e-06  1.00000000e+00 
 8.69760000e-06  1.00000000e+00  8.69760000e-06  1.00000000e+00 
 8.70760000e-06  1.00000000e+00  8.70760000e-06  1.00000000e+00 
 8.71760000e-06  1.00000000e+00  8.71760000e-06  1.00000000e+00 
 8.72760000e-06  1.00000000e+00  8.72760000e-06  1.00000000e+00 
 8.73760000e-06  1.00000000e+00  8.73760000e-06  1.00000000e+00 
 8.74760000e-06  1.00000000e+00  8.74760000e-06  1.00000000e+00 
 8.75760000e-06  1.00000000e+00  8.75760000e-06  1.00000000e+00 
 8.76760000e-06  1.00000000e+00  8.76760000e-06  1.00000000e+00 
 8.77760000e-06  1.00000000e+00  8.77760000e-06  1.00000000e+00 
 8.78760000e-06  1.00000000e+00  8.78760000e-06  1.00000000e+00 
 8.79760000e-06  1.00000000e+00  8.79760000e-06  1.00000000e+00 
 8.80760000e-06  1.00000000e+00  8.80760000e-06  1.00000000e+00 
 8.81760000e-06  1.00000000e+00  8.81760000e-06  1.00000000e+00 
 8.82760000e-06  1.00000000e+00  8.82760000e-06  1.00000000e+00 
 8.83760000e-06  1.00000000e+00  8.83760000e-06  1.00000000e+00 
 8.84760000e-06  1.00000000e+00  8.84760000e-06  1.00000000e+00 
 8.85760000e-06  1.00000000e+00  8.85760000e-06  1.00000000e+00 
 8.86760000e-06  1.00000000e+00  8.86760000e-06  1.00000000e+00 
 8.87760000e-06  1.00000000e+00  8.87760000e-06  1.00000000e+00 
 8.88760000e-06  1.00000000e+00  8.88760000e-06  1.00000000e+00 
 8.89760000e-06  1.00000000e+00  8.89760000e-06  1.00000000e+00 
 8.90760000e-06  1.00000000e+00  8.90760000e-06  1.00000000e+00 
 8.91760000e-06  1.00000000e+00  8.91760000e-06  1.00000000e+00 
 8.92760000e-06  1.00000000e+00  8.92760000e-06  1.00000000e+00 
 8.93760000e-06  1.00000000e+00  8.93760000e-06  1.00000000e+00 
 8.94760000e-06  1.00000000e+00  8.94760000e-06  1.00000000e+00 
 8.95760000e-06  1.00000000e+00  8.95760000e-06  1.00000000e+00 
 8.96760000e-06  1.00000000e+00  8.96760000e-06  1.00000000e+00 
 8.97760000e-06  1.00000000e+00  8.97760000e-06  1.00000000e+00 
 8.98760000e-06  1.00000000e+00  8.98760000e-06  1.00000000e+00 
 8.99760000e-06  1.00000000e+00  8.99760000e-06  1.00000000e+00 
 9.00760000e-06  1.00000000e+00  9.00760000e-06  1.00000000e+00 
 9.01760000e-06  1.00000000e+00  9.01760000e-06  1.00000000e+00 
 9.02760000e-06  1.00000000e+00  9.02760000e-06  1.00000000e+00 
 9.03760000e-06  1.00000000e+00  9.03760000e-06  1.00000000e+00 
 9.04760000e-06  1.00000000e+00  9.04760000e-06  1.00000000e+00 
 9.05760000e-06  1.00000000e+00  9.05760000e-06  1.00000000e+00 
 9.06760000e-06  1.00000000e+00  9.06760000e-06  1.00000000e+00 
 9.07760000e-06  1.00000000e+00  9.07760000e-06  1.00000000e+00 
 9.08760000e-06  1.00000000e+00  9.08760000e-06  1.00000000e+00 
 9.09760000e-06  1.00000000e+00  9.09760000e-06  1.00000000e+00 
 9.10760000e-06  1.00000000e+00  9.10760000e-06  1.00000000e+00 
 9.11760000e-06  1.00000000e+00  9.11760000e-06  1.00000000e+00 
 9.12760000e-06  1.00000000e+00  9.12760000e-06  1.00000000e+00 
 9.13760000e-06  1.00000000e+00  9.13760000e-06  1.00000000e+00 
 9.14760000e-06  1.00000000e+00  9.14760000e-06  1.00000000e+00 
 9.15760000e-06  1.00000000e+00  9.15760000e-06  1.00000000e+00 
 9.16760000e-06  1.00000000e+00  9.16760000e-06  1.00000000e+00 
 9.17760000e-06  1.00000000e+00  9.17760000e-06  1.00000000e+00 
 9.18760000e-06  1.00000000e+00  9.18760000e-06  1.00000000e+00 
 9.19760000e-06  1.00000000e+00  9.19760000e-06  1.00000000e+00 
 9.20760000e-06  1.00000000e+00  9.20760000e-06  1.00000000e+00 
 9.21760000e-06  1.00000000e+00  9.21760000e-06  1.00000000e+00 
 9.22760000e-06  1.00000000e+00  9.22760000e-06  1.00000000e+00 
 9.23760000e-06  1.00000000e+00  9.23760000e-06  1.00000000e+00 
 9.24760000e-06  1.00000000e+00  9.24760000e-06  1.00000000e+00 
 9.25760000e-06  1.00000000e+00  9.25760000e-06  1.00000000e+00 
 9.26760000e-06  1.00000000e+00  9.26760000e-06  1.00000000e+00 
 9.27760000e-06  1.00000000e+00  9.27760000e-06  1.00000000e+00 
 9.28760000e-06  1.00000000e+00  9.28760000e-06  1.00000000e+00 
 9.29760000e-06  1.00000000e+00  9.29760000e-06  1.00000000e+00 
 9.30760000e-06  1.00000000e+00  9.30760000e-06  1.00000000e+00 
 9.31760000e-06  1.00000000e+00  9.31760000e-06  1.00000000e+00 
 9.32760000e-06  1.00000000e+00  9.32760000e-06  1.00000000e+00 
 9.33760000e-06  1.00000000e+00  9.33760000e-06  1.00000000e+00 
 9.34760000e-06  1.00000000e+00  9.34760000e-06  1.00000000e+00 
 9.35760000e-06  1.00000000e+00  9.35760000e-06  1.00000000e+00 
 9.36760000e-06  1.00000000e+00  9.36760000e-06  1.00000000e+00 
 9.37760000e-06  1.00000000e+00  9.37760000e-06  1.00000000e+00 
 9.38760000e-06  1.00000000e+00  9.38760000e-06  1.00000000e+00 
 9.39760000e-06  1.00000000e+00  9.39760000e-06  1.00000000e+00 
 9.40760000e-06  1.00000000e+00  9.40760000e-06  1.00000000e+00 
 9.41760000e-06  1.00000000e+00  9.41760000e-06  1.00000000e+00 
 9.42760000e-06  1.00000000e+00  9.42760000e-06  1.00000000e+00 
 9.43760000e-06  1.00000000e+00  9.43760000e-06  1.00000000e+00 
 9.44760000e-06  1.00000000e+00  9.44760000e-06  1.00000000e+00 
 9.45760000e-06  1.00000000e+00  9.45760000e-06  1.00000000e+00 
 9.46760000e-06  1.00000000e+00  9.46760000e-06  1.00000000e+00 
 9.47760000e-06  1.00000000e+00  9.47760000e-06  1.00000000e+00 
 9.48760000e-06  1.00000000e+00  9.48760000e-06  1.00000000e+00 
 9.49760000e-06  1.00000000e+00  9.49760000e-06  1.00000000e+00 
 9.50760000e-06  1.00000000e+00  9.50760000e-06  1.00000000e+00 
 9.51760000e-06  1.00000000e+00  9.51760000e-06  1.00000000e+00 
 9.52760000e-06  1.00000000e+00  9.52760000e-06  1.00000000e+00 
 9.53760000e-06  1.00000000e+00  9.53760000e-06  1.00000000e+00 
 9.54760000e-06  1.00000000e+00  9.54760000e-06  1.00000000e+00 
 9.55760000e-06  1.00000000e+00  9.55760000e-06  1.00000000e+00 
 9.56760000e-06  1.00000000e+00  9.56760000e-06  1.00000000e+00 
 9.57760000e-06  1.00000000e+00  9.57760000e-06  1.00000000e+00 
 9.58760000e-06  1.00000000e+00  9.58760000e-06  1.00000000e+00 
 9.59760000e-06  1.00000000e+00  9.59760000e-06  1.00000000e+00 
 9.60760000e-06  1.00000000e+00  9.60760000e-06  1.00000000e+00 
 9.61760000e-06  1.00000000e+00  9.61760000e-06  1.00000000e+00 
 9.62760000e-06  1.00000000e+00  9.62760000e-06  1.00000000e+00 
 9.63760000e-06  1.00000000e+00  9.63760000e-06  1.00000000e+00 
 9.64760000e-06  1.00000000e+00  9.64760000e-06  1.00000000e+00 
 9.65760000e-06  1.00000000e+00  9.65760000e-06  1.00000000e+00 
 9.66760000e-06  1.00000000e+00  9.66760000e-06  1.00000000e+00 
 9.67760000e-06  1.00000000e+00  9.67760000e-06  1.00000000e+00 
 9.68760000e-06  1.00000000e+00  9.68760000e-06  1.00000000e+00 
 9.69760000e-06  1.00000000e+00  9.69760000e-06  1.00000000e+00 
 9.70760000e-06  1.00000000e+00  9.70760000e-06  1.00000000e+00 
 9.71760000e-06  1.00000000e+00  9.71760000e-06  1.00000000e+00 
 9.72760000e-06  1.00000000e+00  9.72760000e-06  1.00000000e+00 
 9.73760000e-06  1.00000000e+00  9.73760000e-06  1.00000000e+00 
 9.74760000e-06  1.00000000e+00  9.74760000e-06  1.00000000e+00 
 9.75760000e-06  1.00000000e+00  9.75760000e-06  1.00000000e+00 
 9.76760000e-06  1.00000000e+00  9.76760000e-06  1.00000000e+00 
 9.77760000e-06  1.00000000e+00  9.77760000e-06  1.00000000e+00 
 9.78760000e-06  1.00000000e+00  9.78760000e-06  1.00000000e+00 
 9.79760000e-06  1.00000000e+00  9.79760000e-06  1.00000000e+00 
 9.80760000e-06  1.00000000e+00  9.80760000e-06  1.00000000e+00 
 9.81760000e-06  1.00000000e+00  9.81760000e-06  1.00000000e+00 
 9.82760000e-06  1.00000000e+00  9.82760000e-06  1.00000000e+00 
 9.83760000e-06  1.00000000e+00  9.83760000e-06  1.00000000e+00 
 9.84760000e-06  1.00000000e+00  9.84760000e-06  1.00000000e+00 
 9.85760000e-06  1.00000000e+00  9.85760000e-06  1.00000000e+00 
 9.86760000e-06  1.00000000e+00  9.86760000e-06  1.00000000e+00 
 9.87760000e-06  1.00000000e+00  9.87760000e-06  1.00000000e+00 
 9.88760000e-06  1.00000000e+00  9.88760000e-06  1.00000000e+00 
 9.89760000e-06  1.00000000e+00  9.89760000e-06  1.00000000e+00 
 9.90760000e-06  1.00000000e+00  9.90760000e-06  1.00000000e+00 
 9.91760000e-06  1.00000000e+00  9.91760000e-06  1.00000000e+00 
 9.92760000e-06  1.00000000e+00  9.92760000e-06  1.00000000e+00 
 9.93760000e-06  1.00000000e+00  9.93760000e-06  1.00000000e+00 
 9.94760000e-06  1.00000000e+00  9.94760000e-06  1.00000000e+00 
 9.95760000e-06  1.00000000e+00  9.95760000e-06  1.00000000e+00 
 9.96760000e-06  1.00000000e+00  9.96760000e-06  1.00000000e+00 
 9.97760000e-06  1.00000000e+00  9.97760000e-06  1.00000000e+00 
 9.98760000e-06  1.00000000e+00  9.98760000e-06  1.00000000e+00 
 9.99760000e-06  1.00000000e+00  9.99760000e-06  1.00000000e+00 
 1.00076000e-05  1.00000000e+00  1.00076000e-05  1.00000000e+00 
 1.00176000e-05  1.00000000e+00  1.00176000e-05  1.00000000e+00 
 1.00276000e-05  1.00000000e+00  1.00276000e-05  1.00000000e+00 
 1.00376000e-05  1.00000000e+00  1.00376000e-05  1.00000000e+00 
 1.00476000e-05  1.00000000e+00  1.00476000e-05  1.00000000e+00 
 1.00576000e-05  1.00000000e+00  1.00576000e-05  1.00000000e+00 
 1.00676000e-05  1.00000000e+00  1.00676000e-05  1.00000000e+00 
 1.00776000e-05  1.00000000e+00  1.00776000e-05  1.00000000e+00 
 1.00876000e-05  1.00000000e+00  1.00876000e-05  1.00000000e+00 
 1.00976000e-05  1.00000000e+00  1.00976000e-05  1.00000000e+00 
 1.01076000e-05  1.00000000e+00  1.01076000e-05  1.00000000e+00 
 1.01176000e-05  1.00000000e+00  1.01176000e-05  1.00000000e+00 
 1.01276000e-05  1.00000000e+00  1.01276000e-05  1.00000000e+00 
 1.01376000e-05  1.00000000e+00  1.01376000e-05  1.00000000e+00 
 1.01476000e-05  1.00000000e+00  1.01476000e-05  1.00000000e+00 
 1.01576000e-05  1.00000000e+00  1.01576000e-05  1.00000000e+00 
 1.01676000e-05  1.00000000e+00  1.01676000e-05  1.00000000e+00 
 1.01776000e-05  1.00000000e+00  1.01776000e-05  1.00000000e+00 
 1.01876000e-05  1.00000000e+00  1.01876000e-05  1.00000000e+00 
 1.01976000e-05  1.00000000e+00  1.01976000e-05  1.00000000e+00 
 1.02076000e-05  1.00000000e+00  1.02076000e-05  1.00000000e+00 
 1.02176000e-05  1.00000000e+00  1.02176000e-05  1.00000000e+00 
 1.02276000e-05  1.00000000e+00  1.02276000e-05  1.00000000e+00 
 1.02376000e-05  1.00000000e+00  1.02376000e-05  1.00000000e+00 
 1.02476000e-05  1.00000000e+00  1.02476000e-05  1.00000000e+00 
 1.02576000e-05  1.00000000e+00  1.02576000e-05  1.00000000e+00 
 1.02676000e-05  1.00000000e+00  1.02676000e-05  1.00000000e+00 
 1.02776000e-05  1.00000000e+00  1.02776000e-05  1.00000000e+00 
 1.02876000e-05  1.00000000e+00  1.02876000e-05  1.00000000e+00 
 1.02976000e-05  1.00000000e+00  1.02976000e-05  1.00000000e+00 
 1.03076000e-05  1.00000000e+00  1.03076000e-05  1.00000000e+00 
 1.03176000e-05  1.00000000e+00  1.03176000e-05  1.00000000e+00 
 1.03276000e-05  1.00000000e+00  1.03276000e-05  1.00000000e+00 
 1.03376000e-05  1.00000000e+00  1.03376000e-05  1.00000000e+00 
 1.03476000e-05  1.00000000e+00  1.03476000e-05  1.00000000e+00 
 1.03576000e-05  1.00000000e+00  1.03576000e-05  1.00000000e+00 
 1.03676000e-05  1.00000000e+00  1.03676000e-05  1.00000000e+00 
 1.03776000e-05  1.00000000e+00  1.03776000e-05  1.00000000e+00 
 1.03876000e-05  1.00000000e+00  1.03876000e-05  1.00000000e+00 
 1.03976000e-05  1.00000000e+00  1.03976000e-05  1.00000000e+00 
 1.04076000e-05  1.00000000e+00  1.04076000e-05  1.00000000e+00 
 1.04176000e-05  1.00000000e+00  1.04176000e-05  1.00000000e+00 
 1.04276000e-05  1.00000000e+00  1.04276000e-05  1.00000000e+00 
 1.04376000e-05  1.00000000e+00  1.04376000e-05  1.00000000e+00 
 1.04476000e-05  1.00000000e+00  1.04476000e-05  1.00000000e+00 
 1.04576000e-05  1.00000000e+00  1.04576000e-05  1.00000000e+00 
 1.04676000e-05  1.00000000e+00  1.04676000e-05  1.00000000e+00 
 1.04776000e-05  1.00000000e+00  1.04776000e-05  1.00000000e+00 
 1.04876000e-05  1.00000000e+00  1.04876000e-05  1.00000000e+00 
 1.04976000e-05  1.00000000e+00  1.04976000e-05  1.00000000e+00 
 1.05076000e-05  1.00000000e+00  1.05076000e-05  1.00000000e+00 
 1.05176000e-05  1.00000000e+00  1.05176000e-05  1.00000000e+00 
 1.05276000e-05  1.00000000e+00  1.05276000e-05  1.00000000e+00 
 1.05376000e-05  1.00000000e+00  1.05376000e-05  1.00000000e+00 
 1.05476000e-05  1.00000000e+00  1.05476000e-05  1.00000000e+00 
 1.05576000e-05  1.00000000e+00  1.05576000e-05  1.00000000e+00 
 1.05676000e-05  1.00000000e+00  1.05676000e-05  1.00000000e+00 
 1.05776000e-05  1.00000000e+00  1.05776000e-05  1.00000000e+00 
 1.05876000e-05  1.00000000e+00  1.05876000e-05  1.00000000e+00 
 1.05976000e-05  1.00000000e+00  1.05976000e-05  1.00000000e+00 
 1.06076000e-05  1.00000000e+00  1.06076000e-05  1.00000000e+00 
 1.06176000e-05  1.00000000e+00  1.06176000e-05  1.00000000e+00 
 1.06276000e-05  1.00000000e+00  1.06276000e-05  1.00000000e+00 
 1.06376000e-05  1.00000000e+00  1.06376000e-05  1.00000000e+00 
 1.06476000e-05  1.00000000e+00  1.06476000e-05  1.00000000e+00 
 1.06576000e-05  1.00000000e+00  1.06576000e-05  1.00000000e+00 
 1.06676000e-05  1.00000000e+00  1.06676000e-05  1.00000000e+00 
 1.06776000e-05  1.00000000e+00  1.06776000e-05  1.00000000e+00 
 1.06876000e-05  1.00000000e+00  1.06876000e-05  1.00000000e+00 
 1.06976000e-05  1.00000000e+00  1.06976000e-05  1.00000000e+00 
 1.07076000e-05  1.00000000e+00  1.07076000e-05  1.00000000e+00 
 1.07176000e-05  1.00000000e+00  1.07176000e-05  1.00000000e+00 
 1.07276000e-05  1.00000000e+00  1.07276000e-05  1.00000000e+00 
 1.07376000e-05  1.00000000e+00  1.07376000e-05  1.00000000e+00 
 1.07476000e-05  1.00000000e+00  1.07476000e-05  1.00000000e+00 
 1.07576000e-05  1.00000000e+00  1.07576000e-05  1.00000000e+00 
 1.07676000e-05  1.00000000e+00  1.07676000e-05  1.00000000e+00 
 1.07776000e-05  1.00000000e+00  1.07776000e-05  1.00000000e+00 
 1.07876000e-05  1.00000000e+00  1.07876000e-05  1.00000000e+00 
 1.07976000e-05  1.00000000e+00  1.07976000e-05  1.00000000e+00 
 1.08076000e-05  1.00000000e+00  1.08076000e-05  1.00000000e+00 
 1.08176000e-05  1.00000000e+00  1.08176000e-05  1.00000000e+00 
 1.08276000e-05  1.00000000e+00  1.08276000e-05  1.00000000e+00 
 1.08376000e-05  1.00000000e+00  1.08376000e-05  1.00000000e+00 
 1.08476000e-05  1.00000000e+00  1.08476000e-05  1.00000000e+00 
 1.08576000e-05  1.00000000e+00  1.08576000e-05  1.00000000e+00 
 1.08676000e-05  1.00000000e+00  1.08676000e-05  1.00000000e+00 
 1.08776000e-05  1.00000000e+00  1.08776000e-05  1.00000000e+00 
 1.08876000e-05  1.00000000e+00  1.08876000e-05  1.00000000e+00 
 1.08976000e-05  1.00000000e+00  1.08976000e-05  1.00000000e+00 
 1.09076000e-05  1.00000000e+00  1.09076000e-05  1.00000000e+00 
 1.09176000e-05  1.00000000e+00  1.09176000e-05  1.00000000e+00 
 1.09276000e-05  1.00000000e+00  1.09276000e-05  1.00000000e+00 
 1.09376000e-05  1.00000000e+00  1.09376000e-05  1.00000000e+00 
 1.09476000e-05  1.00000000e+00  1.09476000e-05  1.00000000e+00 
 1.09576000e-05  1.00000000e+00  1.09576000e-05  1.00000000e+00 
 1.09676000e-05  1.00000000e+00  1.09676000e-05  1.00000000e+00 
 1.09776000e-05  1.00000000e+00  1.09776000e-05  1.00000000e+00 
 1.09876000e-05  1.00000000e+00  1.09876000e-05  1.00000000e+00 
 1.09943000e-05  1.00000000e+00  1.09943000e-05  1.00000000e+00 
 1.10010000e-05  1.00000000e+00  1.10010000e-05  1.00000000e+00 
 1.10011000e-05  9.00000000e-01  1.10011000e-05  9.99800000e-01 
 1.10013000e-05  7.00000000e-01  1.10013000e-05  9.99400000e-01 
 1.10016500e-05  3.50000000e-01  1.10016500e-05  9.98700000e-01 
 1.10020000e-05  0.00000000e+00  1.10020000e-05  9.98000000e-01 
 1.10020700e-05  0.00000000e+00  1.10020700e-05  9.97860000e-01 
 1.10022100e-05  0.00000000e+00  1.10022100e-05  9.97580000e-01 
 1.10024900e-05  0.00000000e+00  1.10024900e-05  9.97020000e-01 
 1.10030500e-05  0.00000000e+00  1.10030500e-05  9.95900000e-01 
 1.10041700e-05  0.00000000e+00  1.10041700e-05  9.93660000e-01 
 1.10064100e-05  0.00000000e+00  1.10064100e-05  9.89180000e-01 
 1.10108900e-05  0.00000000e+00  1.10108900e-05  9.80220000e-01 
 1.10198500e-05  0.00000000e+00  1.10198500e-05  9.62300000e-01 
 1.10298500e-05  0.00000000e+00  1.10298500e-05  9.42300000e-01 
 1.10398500e-05  0.00000000e+00  1.10398500e-05  9.22300000e-01 
 1.10498500e-05  0.00000000e+00  1.10498500e-05  9.02300000e-01 
 1.10598500e-05  0.00000000e+00  1.10598500e-05  8.82300000e-01 
 1.10698500e-05  0.00000000e+00  1.10698500e-05  8.62300000e-01 
 1.10798500e-05  0.00000000e+00  1.10798500e-05  8.42300000e-01 
 1.10898500e-05  0.00000000e+00  1.10898500e-05  8.22300000e-01 
 1.10998500e-05  0.00000000e+00  1.10998500e-05  8.02300000e-01 
 1.11098500e-05  0.00000000e+00  1.11098500e-05  7.82300000e-01 
 1.11198500e-05  0.00000000e+00  1.11198500e-05  7.62300000e-01 
 1.11298500e-05  0.00000000e+00  1.11298500e-05  7.42300000e-01 
 1.11398500e-05  0.00000000e+00  1.11398500e-05  7.22300000e-01 
 1.11498500e-05  0.00000000e+00  1.11498500e-05  7.02300000e-01 
 1.11598500e-05  0.00000000e+00  1.11598500e-05  6.82300000e-01 
 1.11698500e-05  0.00000000e+00  1.11698500e-05  6.62300000e-01 
 1.11798500e-05  0.00000000e+00  1.11798500e-05  6.42300000e-01 
 1.11898500e-05  0.00000000e+00  1.11898500e-05  6.22300000e-01 
 1.11998500e-05  0.00000000e+00  1.11998500e-05  6.02300000e-01 
 1.12098500e-05  0.00000000e+00  1.12098500e-05  5.82300000e-01 
 1.12198500e-05  0.00000000e+00  1.12198500e-05  5.62300000e-01 
 1.12298500e-05  0.00000000e+00  1.12298500e-05  5.42300000e-01 
 1.12398500e-05  0.00000000e+00  1.12398500e-05  5.22300000e-01 
 1.12498500e-05  0.00000000e+00  1.12498500e-05  5.02300000e-01 
 1.12598500e-05  0.00000000e+00  1.12598500e-05  4.82300000e-01 
 1.12698500e-05  0.00000000e+00  1.12698500e-05  4.62300000e-01 
 1.12798500e-05  0.00000000e+00  1.12798500e-05  4.42300000e-01 
 1.12898500e-05  0.00000000e+00  1.12898500e-05  4.22300000e-01 
 1.12998500e-05  0.00000000e+00  1.12998500e-05  4.02300000e-01 
 1.13098500e-05  0.00000000e+00  1.13098500e-05  3.82300000e-01 
 1.13198500e-05  0.00000000e+00  1.13198500e-05  3.62300000e-01 
 1.13298500e-05  0.00000000e+00  1.13298500e-05  3.42300000e-01 
 1.13398500e-05  0.00000000e+00  1.13398500e-05  3.22300000e-01 
 1.13498500e-05  0.00000000e+00  1.13498500e-05  3.02300000e-01 
 1.13598500e-05  0.00000000e+00  1.13598500e-05  2.82300000e-01 
 1.13698500e-05  0.00000000e+00  1.13698500e-05  2.62300000e-01 
 1.13798500e-05  0.00000000e+00  1.13798500e-05  2.42300000e-01 
 1.13898500e-05  0.00000000e+00  1.13898500e-05  2.22300000e-01 
 1.13998500e-05  0.00000000e+00  1.13998500e-05  2.02300000e-01 
 1.14098500e-05  0.00000000e+00  1.14098500e-05  1.82300000e-01 
 1.14198500e-05  0.00000000e+00  1.14198500e-05  1.62300000e-01 
 1.14298500e-05  0.00000000e+00  1.14298500e-05  1.42300000e-01 
 1.14398500e-05  0.00000000e+00  1.14398500e-05  1.22300000e-01 
 1.14498500e-05  0.00000000e+00  1.14498500e-05  1.02300000e-01 
 1.14598500e-05  0.00000000e+00  1.14598500e-05  8.23000000e-02 
 1.14698500e-05  0.00000000e+00  1.14698500e-05  6.23000000e-02 
 1.14798500e-05  0.00000000e+00  1.14798500e-05  4.23000000e-02 
 1.14898500e-05  0.00000000e+00  1.14898500e-05  2.23000000e-02 
 1.14998500e-05  0.00000000e+00  1.14998500e-05  2.30000000e-03 
 1.15080476e-05  0.00000000e+00  1.15080476e-05 -1.79878031e-03 
 1.15082183e-05  0.00000000e+00  1.15082183e-05 -1.62806031e-03 
 1.15085597e-05  0.00000000e+00  1.15085597e-05 -1.28662031e-03 
 1.15092426e-05  0.00000000e+00  1.15092426e-05 -7.04601256e-04 
 1.15103879e-05  0.00000000e+00  1.15103879e-05 -1.91472666e-04 
 1.15111561e-05  0.00000000e+00  1.15111561e-05 -8.51987029e-05 
 1.15115879e-05  0.00000000e+00  1.15115879e-05 -5.49412160e-05 
 1.15121965e-05  0.00000000e+00  1.15121965e-05 -2.93070534e-05 
 1.15128724e-05  0.00000000e+00  1.15128724e-05 -1.45018778e-05 
 1.15135243e-05  0.00000000e+00  1.15135243e-05 -7.37179537e-06 
 1.15142197e-05  0.00000000e+00  1.15142197e-05 -3.56806191e-06 
 1.15148745e-05  0.00000000e+00  1.15148745e-05 -1.80799558e-06 
 1.15155519e-05  0.00000000e+00  1.15155519e-05 -8.93133035e-07 
 1.15162078e-05  0.00000000e+00  1.15162078e-05 -4.51962255e-07 
 1.15168853e-05  0.00000000e+00  1.15168853e-05 -2.23253421e-07 
 1.15175470e-05  0.00000000e+00  1.15175470e-05 -1.12241988e-07 
 1.15182213e-05  0.00000000e+00  1.15182213e-05 -5.56414219e-08 
 1.15188840e-05  0.00000000e+00  1.15188840e-05 -2.79453339e-08 
 1.15195562e-05  0.00000000e+00  1.15195562e-05 -1.38863658e-08 
 1.15202208e-05  0.00000000e+00  1.15202208e-05 -6.95923882e-09 
 1.15208920e-05  0.00000000e+00  1.15208920e-05 -3.46211221e-09 
 1.15215576e-05  0.00000000e+00  1.15215576e-05 -1.73309894e-09 
 1.15222277e-05  0.00000000e+00  1.15222277e-05 -8.63184842e-10 
 1.15228940e-05  0.00000000e+00  1.15228940e-05 -4.31751495e-10 
 1.15235636e-05  0.00000000e+00  1.15235636e-05 -2.15178829e-10 
 1.15242305e-05  0.00000000e+00  1.15242305e-05 -1.07562935e-10 
 1.15248996e-05  0.00000000e+00  1.15248996e-05 -5.36346423e-11 
 1.15255668e-05  0.00000000e+00  1.15255668e-05 -2.68001314e-11 
 1.15262356e-05  0.00000000e+00  1.15262356e-05 -1.33681008e-11 
 1.15269031e-05  0.00000000e+00  1.15269031e-05 -6.67782108e-12 
 1.15275717e-05  0.00000000e+00  1.15275717e-05 -3.33173505e-12 
 1.15282393e-05  0.00000000e+00  1.15282393e-05 -1.66398370e-12 
 1.15289078e-05  0.00000000e+00  1.15289078e-05 -8.30344053e-13 
 1.15295755e-05  0.00000000e+00  1.15295755e-05 -4.14644657e-13 
 1.15302439e-05  0.00000000e+00  1.15302439e-05 -2.06935802e-13 
 1.15309118e-05  0.00000000e+00  1.15309118e-05 -1.03326355e-13 
 1.15315800e-05  0.00000000e+00  1.15315800e-05 -5.15710743e-14 
 1.15322480e-05  0.00000000e+00  1.15322480e-05 -2.57485094e-14 
 1.15329162e-05  0.00000000e+00  1.15329162e-05 -1.28520362e-14 
 1.15335841e-05  0.00000000e+00  1.15335841e-05 -6.41648426e-15 
 1.15342523e-05  0.00000000e+00  1.15342523e-05 -3.20283283e-15 
 1.15350863e-05  0.00000000e+00  1.15350863e-05 -1.31783553e-15 
 1.15361550e-05  0.00000000e+00  1.15361550e-05 -3.99910562e-16 
 1.15376053e-05  0.00000000e+00  1.15376053e-05 -6.37080343e-17 
 1.15396010e-05  0.00000000e+00  1.15396010e-05 -7.00790947e-20 
 1.15427560e-05  0.00000000e+00  1.15427560e-05  1.57019374e-20 
 1.15485790e-05  0.00000000e+00  1.15485790e-05 -7.67338990e-21 
 1.15585790e-05  0.00000000e+00  1.15585790e-05  5.11559326e-21 
 1.15685790e-05  0.00000000e+00  1.15685790e-05 -3.41039551e-21 
 1.15785790e-05  0.00000000e+00  1.15785790e-05  2.27359701e-21 
 1.15885790e-05  0.00000000e+00  1.15885790e-05 -1.51573134e-21 
 1.15985790e-05  0.00000000e+00  1.15985790e-05  1.01048756e-21 
 1.16085790e-05  0.00000000e+00  1.16085790e-05 -6.73658372e-22 
 1.16185790e-05  0.00000000e+00  1.16185790e-05  4.49105582e-22 
 1.16285790e-05  0.00000000e+00  1.16285790e-05 -2.99403721e-22 
 1.16385790e-05  0.00000000e+00  1.16385790e-05  1.99602481e-22 
 1.16485790e-05  0.00000000e+00  1.16485790e-05 -1.33068320e-22 
 1.16585790e-05  0.00000000e+00  1.16585790e-05  8.87122136e-23 
 1.16685790e-05  0.00000000e+00  1.16685790e-05 -5.91414758e-23 
 1.16785790e-05  0.00000000e+00  1.16785790e-05  3.94276505e-23 
 1.16885790e-05  0.00000000e+00  1.16885790e-05 -2.62851003e-23 
 1.16985790e-05  0.00000000e+00  1.16985790e-05  1.75234002e-23 
 1.17085790e-05  0.00000000e+00  1.17085790e-05 -1.16822668e-23 
 1.17185790e-05  0.00000000e+00  1.17185790e-05  7.78817788e-24 
 1.17285790e-05  0.00000000e+00  1.17285790e-05 -5.19211858e-24 
 1.17385790e-05  0.00000000e+00  1.17385790e-05  3.46141239e-24 
 1.17485790e-05  0.00000000e+00  1.17485790e-05 -2.30760826e-24 
 1.17585790e-05  0.00000000e+00  1.17585790e-05  1.53840551e-24 
 1.17685790e-05  0.00000000e+00  1.17685790e-05 -1.02560367e-24 
 1.17785790e-05  0.00000000e+00  1.17785790e-05  6.83735781e-25 
 1.17885790e-05  0.00000000e+00  1.17885790e-05 -4.55823854e-25 
 1.17985790e-05  0.00000000e+00  1.17985790e-05  3.03882569e-25 
 1.18085790e-05  0.00000000e+00  1.18085790e-05 -2.02588379e-25 
 1.18185790e-05  0.00000000e+00  1.18185790e-05  1.35058920e-25 
 1.18285790e-05  0.00000000e+00  1.18285790e-05 -9.00392798e-26 
 1.18385790e-05  0.00000000e+00  1.18385790e-05  6.00261865e-26 
 1.18485790e-05  0.00000000e+00  1.18485790e-05 -4.00174577e-26 
 1.18585790e-05  0.00000000e+00  1.18585790e-05  2.66783051e-26 
 1.18685790e-05  0.00000000e+00  1.18685790e-05 -1.77855367e-26 
 1.18785790e-05  0.00000000e+00  1.18785790e-05  1.18570245e-26 
 1.18885790e-05  0.00000000e+00  1.18885790e-05 -7.90468300e-27 
 1.18985790e-05  0.00000000e+00  1.18985790e-05  5.26978866e-27 
 1.19085790e-05  0.00000000e+00  1.19085790e-05 -3.51319244e-27 
 1.19185790e-05  0.00000000e+00  1.19185790e-05  2.34212830e-27 
 1.19285790e-05  0.00000000e+00  1.19285790e-05 -1.56141886e-27 
 1.19385790e-05  0.00000000e+00  1.19385790e-05  1.04094591e-27 
 1.19485790e-05  0.00000000e+00  1.19485790e-05 -6.93963939e-28 
 1.19585790e-05  0.00000000e+00  1.19585790e-05  4.62642626e-28 
 1.19685790e-05  0.00000000e+00  1.19685790e-05 -3.08428418e-28 
 1.19785790e-05  0.00000000e+00  1.19785790e-05  2.05618945e-28 
 1.19885790e-05  0.00000000e+00  1.19885790e-05 -1.37079297e-28 
 1.19985790e-05  0.00000000e+00  1.19985790e-05  9.13861978e-29 
 1.20085790e-05  0.00000000e+00  1.20085790e-05 -6.09241319e-29 
 1.20185790e-05  0.00000000e+00  1.20185790e-05  4.06160879e-29 
 1.20285790e-05  0.00000000e+00  1.20285790e-05 -2.70773919e-29 
 1.20385790e-05  0.00000000e+00  1.20385790e-05  1.80515946e-29 
 1.20485790e-05  0.00000000e+00  1.20485790e-05 -1.20343964e-29 
 1.20585790e-05  0.00000000e+00  1.20585790e-05  8.02293094e-30 
 1.20685790e-05  0.00000000e+00  1.20685790e-05 -5.34862063e-30 
 1.20785790e-05  0.00000000e+00  1.20785790e-05  3.56574709e-30 
 1.20885790e-05  0.00000000e+00  1.20885790e-05 -2.37716472e-30 
 1.20985790e-05  0.00000000e+00  1.20985790e-05  1.58477648e-30 
 1.21085790e-05  0.00000000e+00  1.21085790e-05 -1.05651766e-30 
 1.21185790e-05  0.00000000e+00  1.21185790e-05  7.04345103e-31 
 1.21285790e-05  0.00000000e+00  1.21285790e-05 -4.69563402e-31 
 1.21385790e-05  0.00000000e+00  1.21385790e-05  3.13042268e-31 
 1.21485790e-05  0.00000000e+00  1.21485790e-05 -2.08694845e-31 
 1.21585790e-05  0.00000000e+00  1.21585790e-05  1.39129897e-31 
 1.21685790e-05  0.00000000e+00  1.21685790e-05 -9.27532646e-32 
 1.21785790e-05  0.00000000e+00  1.21785790e-05  6.18355098e-32 
 1.21885790e-05  0.00000000e+00  1.21885790e-05 -4.12236732e-32 
 1.21985790e-05  0.00000000e+00  1.21985790e-05  2.74824488e-32 
 1.22085790e-05  0.00000000e+00  1.22085790e-05 -1.83216325e-32 
 1.22185790e-05  0.00000000e+00  1.22185790e-05  1.22144217e-32 
 1.22285790e-05  0.00000000e+00  1.22285790e-05 -8.14294779e-33 
 1.22385790e-05  0.00000000e+00  1.22385790e-05  5.42863186e-33 
 1.22485790e-05  0.00000000e+00  1.22485790e-05 -3.61908791e-33 
 1.22585790e-05  0.00000000e+00  1.22585790e-05  2.41272527e-33 
 1.22685790e-05  0.00000000e+00  1.22685790e-05 -1.60848351e-33 
 1.22785790e-05  0.00000000e+00  1.22785790e-05  1.07232234e-33 
 1.22885790e-05  0.00000000e+00  1.22885790e-05 -7.14881562e-34 
 1.22985790e-05  0.00000000e+00  1.22985790e-05  4.76587708e-34 
 1.23085790e-05  0.00000000e+00  1.23085790e-05 -3.17725139e-34 
 1.23185790e-05  0.00000000e+00  1.23185790e-05  2.11816759e-34 
 1.23285790e-05  0.00000000e+00  1.23285790e-05 -1.41211173e-34 
 1.23385790e-05  0.00000000e+00  1.23385790e-05  9.41407818e-35 
 1.23485790e-05  0.00000000e+00  1.23485790e-05 -6.27605212e-35 
 1.23585790e-05  0.00000000e+00  1.23585790e-05  4.18403475e-35 
 1.23685790e-05  0.00000000e+00  1.23685790e-05 -2.78935650e-35 
 1.23785790e-05  0.00000000e+00  1.23785790e-05  1.85957100e-35 
 1.23885790e-05  0.00000000e+00  1.23885790e-05 -1.23971400e-35 
 1.23985790e-05  0.00000000e+00  1.23985790e-05  8.26475999e-36 
 1.24085790e-05  0.00000000e+00  1.24085790e-05 -5.50983999e-36 
 1.24185790e-05  0.00000000e+00  1.24185790e-05  3.67322666e-36 
 1.24285790e-05  0.00000000e+00  1.24285790e-05 -2.44881778e-36 
 1.24385790e-05  0.00000000e+00  1.24385790e-05  1.63254518e-36 
 1.24485790e-05  0.00000000e+00  1.24485790e-05 -1.08836346e-36 
 1.24585790e-05  0.00000000e+00  1.24585790e-05  7.25575637e-37 
 1.24685790e-05  0.00000000e+00  1.24685790e-05 -4.83717091e-37 
 1.24785790e-05  0.00000000e+00  1.24785790e-05  3.22478061e-37 
 1.24885790e-05  0.00000000e+00  1.24885790e-05 -2.14985374e-37 
 1.24985790e-05  0.00000000e+00  1.24985790e-05  1.43323583e-37 
 1.25085790e-05  0.00000000e+00  1.25085790e-05 -9.55490551e-38 
 1.25185790e-05  0.00000000e+00  1.25185790e-05  6.36993701e-38 
 1.25285790e-05  0.00000000e+00  1.25285790e-05 -4.24662467e-38 
 1.25385790e-05  0.00000000e+00  1.25385790e-05  2.83108311e-38 
 1.25485790e-05  0.00000000e+00  1.25485790e-05 -1.88738874e-38 
 1.25585790e-05  0.00000000e+00  1.25585790e-05  1.25825916e-38 
 1.25685790e-05  0.00000000e+00  1.25685790e-05 -8.38839441e-39 
 1.25785790e-05  0.00000000e+00  1.25785790e-05  5.59226294e-39 
 1.25885790e-05  0.00000000e+00  1.25885790e-05 -3.72817529e-39 
 1.25985790e-05  0.00000000e+00  1.25985790e-05  2.48545020e-39 
 1.26085790e-05  0.00000000e+00  1.26085790e-05 -1.65696680e-39 
 1.26185790e-05  0.00000000e+00  1.26185790e-05  1.10464453e-39 
 1.26285790e-05  0.00000000e+00  1.26285790e-05 -7.36429688e-40 
 1.26385790e-05  0.00000000e+00  1.26385790e-05  4.90953125e-40 
 1.26485790e-05  0.00000000e+00  1.26485790e-05 -3.27302083e-40 
 1.26585790e-05  0.00000000e+00  1.26585790e-05  2.18201389e-40 
 1.26685790e-05  0.00000000e+00  1.26685790e-05 -1.45467593e-40 
 1.26785790e-05  0.00000000e+00  1.26785790e-05  9.69783951e-41 
 1.26885790e-05  0.00000000e+00  1.26885790e-05 -6.46522634e-41 
 1.26985790e-05  0.00000000e+00  1.26985790e-05  4.31015089e-41 
 1.27085790e-05  0.00000000e+00  1.27085790e-05 -2.87343393e-41 
 1.27185790e-05  0.00000000e+00  1.27185790e-05  1.91562262e-41 
 1.27285790e-05  0.00000000e+00  1.27285790e-05 -1.27708175e-41 
 1.27385790e-05  0.00000000e+00  1.27385790e-05  8.51387831e-42 
 1.27485790e-05  0.00000000e+00  1.27485790e-05 -5.67591887e-42 
 1.27585790e-05  0.00000000e+00  1.27585790e-05  3.78394591e-42 
 1.27685790e-05  0.00000000e+00  1.27685790e-05 -2.52263061e-42 
 1.27785790e-05  0.00000000e+00  1.27785790e-05  1.68175374e-42 
 1.27885790e-05  0.00000000e+00  1.27885790e-05 -1.12116916e-42 
 1.27985790e-05  0.00000000e+00  1.27985790e-05  7.47446107e-43 
 1.28085790e-05  0.00000000e+00  1.28085790e-05 -4.98297404e-43 
 1.28185790e-05  0.00000000e+00  1.28185790e-05  3.32198270e-43 
 1.28285790e-05  0.00000000e+00  1.28285790e-05 -2.21465513e-43 
 1.28385790e-05  0.00000000e+00  1.28385790e-05  1.47643675e-43 
 1.28485790e-05  0.00000000e+00  1.28485790e-05 -9.84291169e-44 
 1.28585790e-05  0.00000000e+00  1.28585790e-05  6.56194113e-44 
 1.28685790e-05  0.00000000e+00  1.28685790e-05 -4.37462742e-44 
 1.28785790e-05  0.00000000e+00  1.28785790e-05  2.91641828e-44 
 1.28885790e-05  0.00000000e+00  1.28885790e-05 -1.94427885e-44 
 1.28985790e-05  0.00000000e+00  1.28985790e-05  1.29618590e-44 
 1.29085790e-05  0.00000000e+00  1.29085790e-05 -8.64123934e-45 
 1.29185790e-05  0.00000000e+00  1.29185790e-05  5.76082623e-45 
 1.29285790e-05  0.00000000e+00  1.29285790e-05 -3.84055082e-45 
 1.29385790e-05  0.00000000e+00  1.29385790e-05  2.56036721e-45 
 1.29485790e-05  0.00000000e+00  1.29485790e-05 -1.70691148e-45 
 1.29585790e-05  0.00000000e+00  1.29585790e-05  1.13794098e-45 
 1.29685790e-05  0.00000000e+00  1.29685790e-05 -7.58627322e-46 
 1.29785790e-05  0.00000000e+00  1.29785790e-05  5.05751548e-46 
 1.29885790e-05  0.00000000e+00  1.29885790e-05 -3.37167699e-46 
 1.29985790e-05  0.00000000e+00  1.29985790e-05  2.24778466e-46 
 1.30085790e-05  0.00000000e+00  1.30085790e-05 -1.49852311e-46 
 1.30185790e-05  0.00000000e+00  1.30185790e-05  9.99015404e-47 
 1.30285790e-05  0.00000000e+00  1.30285790e-05 -6.66010269e-47 
 1.30385790e-05  0.00000000e+00  1.30385790e-05  4.44006846e-47 
 1.30485790e-05  0.00000000e+00  1.30485790e-05 -2.96004564e-47 
 1.30585790e-05  0.00000000e+00  1.30585790e-05  1.97336376e-47 
 1.30685790e-05  0.00000000e+00  1.30685790e-05 -1.31557584e-47 
 1.30785790e-05  0.00000000e+00  1.30785790e-05  8.77050560e-48 
 1.30885790e-05  0.00000000e+00  1.30885790e-05 -5.84700374e-48 
 1.30985790e-05  0.00000000e+00  1.30985790e-05  3.89800249e-48 
 1.31085790e-05  0.00000000e+00  1.31085790e-05 -2.59866833e-48 
 1.31185790e-05  0.00000000e+00  1.31185790e-05  1.73244555e-48 
 1.31285790e-05  0.00000000e+00  1.31285790e-05 -1.15496370e-48 
 1.31385790e-05  0.00000000e+00  1.31385790e-05  7.69975801e-49 
 1.31485790e-05  0.00000000e+00  1.31485790e-05 -5.13317200e-49 
 1.31585790e-05  0.00000000e+00  1.31585790e-05  3.42211467e-49 
 1.31685790e-05  0.00000000e+00  1.31685790e-05 -2.28140978e-49 
 1.31785790e-05  0.00000000e+00  1.31785790e-05  1.52093985e-49 
 1.31885790e-05  0.00000000e+00  1.31885790e-05 -1.01395990e-49 
 1.31985790e-05  0.00000000e+00  1.31985790e-05  6.75973268e-50 
 1.32085790e-05  0.00000000e+00  1.32085790e-05 -4.50648845e-50 
 1.32185790e-05  0.00000000e+00  1.32185790e-05  3.00432564e-50 
 1.32285790e-05  0.00000000e+00  1.32285790e-05 -2.00288376e-50 
 1.32385790e-05  0.00000000e+00  1.32385790e-05  1.33525584e-50 
 1.32485790e-05  0.00000000e+00  1.32485790e-05 -8.90170559e-51 
 1.32585790e-05  0.00000000e+00  1.32585790e-05  5.93447039e-51 
 1.32685790e-05  0.00000000e+00  1.32685790e-05 -3.95631359e-51 
 1.32785790e-05  0.00000000e+00  1.32785790e-05  2.63754240e-51 
 1.32885790e-05  0.00000000e+00  1.32885790e-05 -1.75836160e-51 
 1.32985790e-05  0.00000000e+00  1.32985790e-05  1.17224107e-51 
 1.33085790e-05  0.00000000e+00  1.33085790e-05 -7.81494043e-52 
 1.33185790e-05  0.00000000e+00  1.33185790e-05  5.20996029e-52 
 1.33285790e-05  0.00000000e+00  1.33285790e-05 -3.47330686e-52 
 1.33385790e-05  0.00000000e+00  1.33385790e-05  2.31553791e-52 
 1.33485790e-05  0.00000000e+00  1.33485790e-05 -1.54369194e-52 
 1.33585790e-05  0.00000000e+00  1.33585790e-05  1.02912796e-52 
 1.33685790e-05  0.00000000e+00  1.33685790e-05 -6.86085306e-53 
 1.33785790e-05  0.00000000e+00  1.33785790e-05  4.57390204e-53 
 1.33885790e-05  0.00000000e+00  1.33885790e-05 -3.04926802e-53 
 1.33985790e-05  0.00000000e+00  1.33985790e-05  2.03284535e-53 
 1.34085790e-05  0.00000000e+00  1.34085790e-05 -1.35523023e-53 
 1.34185790e-05  0.00000000e+00  1.34185790e-05  9.03486822e-54 
 1.34285790e-05  0.00000000e+00  1.34285790e-05 -6.02324548e-54 
 1.34385790e-05  0.00000000e+00  1.34385790e-05  4.01549699e-54 
 1.34485790e-05  0.00000000e+00  1.34485790e-05 -2.67699799e-54 
 1.34585790e-05  0.00000000e+00  1.34585790e-05  1.78466533e-54 
 1.34685790e-05  0.00000000e+00  1.34685790e-05 -1.18977689e-54 
 1.34785790e-05  0.00000000e+00  1.34785790e-05  7.93184590e-55 
 1.34885790e-05  0.00000000e+00  1.34885790e-05 -5.28789727e-55 
 1.34985790e-05  0.00000000e+00  1.34985790e-05  3.52526484e-55 
 1.35085790e-05  0.00000000e+00  1.35085790e-05 -2.35017656e-55 
 1.35185790e-05  0.00000000e+00  1.35185790e-05  1.56678438e-55 
 1.35285790e-05  0.00000000e+00  1.35285790e-05 -1.04452292e-55 
 1.35385790e-05  0.00000000e+00  1.35385790e-05  6.96348611e-56 
 1.35485790e-05  0.00000000e+00  1.35485790e-05 -4.64232408e-56 
 1.35585790e-05  0.00000000e+00  1.35585790e-05  3.09488272e-56 
 1.35685790e-05  0.00000000e+00  1.35685790e-05 -2.06325514e-56 
 1.35785790e-05  0.00000000e+00  1.35785790e-05  1.37550343e-56 
 1.35885790e-05  0.00000000e+00  1.35885790e-05 -9.17002286e-57 
 1.35985790e-05  0.00000000e+00  1.35985790e-05  6.11334858e-57 
 1.36085790e-05  0.00000000e+00  1.36085790e-05 -4.07556572e-57 
 1.36185790e-05  0.00000000e+00  1.36185790e-05  2.71704381e-57 
 1.36285790e-05  0.00000000e+00  1.36285790e-05 -1.81136254e-57 
 1.36385790e-05  0.00000000e+00  1.36385790e-05  1.20757503e-57 
 1.36485790e-05  0.00000000e+00  1.36485790e-05 -8.05050018e-58 
 1.36585790e-05  0.00000000e+00  1.36585790e-05  5.36700012e-58 
 1.36685790e-05  0.00000000e+00  1.36685790e-05 -3.57800008e-58 
 1.36785790e-05  0.00000000e+00  1.36785790e-05  2.38533339e-58 
 1.36885790e-05  0.00000000e+00  1.36885790e-05 -1.59022226e-58 
 1.36985790e-05  0.00000000e+00  1.36985790e-05  1.06014817e-58 
 1.37085790e-05  0.00000000e+00  1.37085790e-05 -7.06765448e-59 
 1.37185790e-05  0.00000000e+00  1.37185790e-05  4.71176965e-59 
 1.37285790e-05  0.00000000e+00  1.37285790e-05 -3.14117977e-59 
 1.37385790e-05  0.00000000e+00  1.37385790e-05  2.09411985e-59 
 1.37485790e-05  0.00000000e+00  1.37485790e-05 -1.39607990e-59 
 1.37585790e-05  0.00000000e+00  1.37585790e-05  9.30719932e-60 
 1.37685790e-05  0.00000000e+00  1.37685790e-05 -6.20479955e-60 
 1.37785790e-05  0.00000000e+00  1.37785790e-05  4.13653303e-60 
 1.37885790e-05  0.00000000e+00  1.37885790e-05 -2.75768869e-60 
 1.37985790e-05  0.00000000e+00  1.37985790e-05  1.83845912e-60 
 1.38085790e-05  0.00000000e+00  1.38085790e-05 -1.22563942e-60 
 1.38185790e-05  0.00000000e+00  1.38185790e-05  8.17092944e-61 
 1.38285790e-05  0.00000000e+00  1.38285790e-05 -5.44728629e-61 
 1.38385790e-05  0.00000000e+00  1.38385790e-05  3.63152420e-61 
 1.38485790e-05  0.00000000e+00  1.38485790e-05 -2.42101613e-61 
 1.38585790e-05  0.00000000e+00  1.38585790e-05  1.61401075e-61 
 1.38685790e-05  0.00000000e+00  1.38685790e-05 -1.07600717e-61 
 1.38785790e-05  0.00000000e+00  1.38785790e-05  7.17338113e-62 
 1.38885790e-05  0.00000000e+00  1.38885790e-05 -4.78225409e-62 
 1.38985790e-05  0.00000000e+00  1.38985790e-05  3.18816939e-62 
 1.39085790e-05  0.00000000e+00  1.39085790e-05 -2.12544626e-62 
 1.39185790e-05  0.00000000e+00  1.39185790e-05  1.41696417e-62 
 1.39285790e-05  0.00000000e+00  1.39285790e-05 -9.44642782e-63 
 1.39385790e-05  0.00000000e+00  1.39385790e-05  6.29761855e-63 
 1.39485790e-05  0.00000000e+00  1.39485790e-05 -4.19841237e-63 
 1.39585790e-05  0.00000000e+00  1.39585790e-05  2.79894158e-63 
 1.39685790e-05  0.00000000e+00  1.39685790e-05 -1.86596105e-63 
 1.39785790e-05  0.00000000e+00  1.39785790e-05  1.24397403e-63 
 1.39885790e-05  0.00000000e+00  1.39885790e-05 -8.29316023e-64 
 1.39985790e-05  0.00000000e+00  1.39985790e-05  5.52877349e-64 
 1.40085790e-05  0.00000000e+00  1.40085790e-05 -3.68584899e-64 
 1.40185790e-05  0.00000000e+00  1.40185790e-05  2.45723266e-64 
 1.40285790e-05  0.00000000e+00  1.40285790e-05 -1.63815511e-64 
 1.40385790e-05  0.00000000e+00  1.40385790e-05  1.09210340e-64 
 1.40485790e-05  0.00000000e+00  1.40485790e-05 -7.28068936e-65 
 1.40585790e-05  0.00000000e+00  1.40585790e-05  4.85379291e-65 
 1.40685790e-05  0.00000000e+00  1.40685790e-05 -3.23586194e-65 
 1.40785790e-05  0.00000000e+00  1.40785790e-05  2.15724129e-65 
 1.40885790e-05  0.00000000e+00  1.40885790e-05 -1.43816086e-65 
 1.40985790e-05  0.00000000e+00  1.40985790e-05  9.58773908e-66 
 1.41085790e-05  0.00000000e+00  1.41085790e-05 -6.39182605e-66 
 1.41185790e-05  0.00000000e+00  1.41185790e-05  4.26121737e-66 
 1.41285790e-05  0.00000000e+00  1.41285790e-05 -2.84081158e-66 
 1.41385790e-05  0.00000000e+00  1.41385790e-05  1.89387439e-66 
 1.41485790e-05  0.00000000e+00  1.41485790e-05 -1.26258292e-66 
 1.41585790e-05  0.00000000e+00  1.41585790e-05  8.41721950e-67 
 1.41685790e-05  0.00000000e+00  1.41685790e-05 -5.61147966e-67 
 1.41785790e-05  0.00000000e+00  1.41785790e-05  3.74098644e-67 
 1.41885790e-05  0.00000000e+00  1.41885790e-05 -2.49399096e-67 
 1.41985790e-05  0.00000000e+00  1.41985790e-05  1.66266064e-67 
 1.42085790e-05  0.00000000e+00  1.42085790e-05 -1.10844043e-67 
 1.42185790e-05  0.00000000e+00  1.42185790e-05  7.38960285e-68 
 1.42285790e-05  0.00000000e+00  1.42285790e-05 -4.92640190e-68 
 1.42385790e-05  0.00000000e+00  1.42385790e-05  3.28426793e-68 
 1.42485790e-05  0.00000000e+00  1.42485790e-05 -2.18951196e-68 
 1.42585790e-05  0.00000000e+00  1.42585790e-05  1.45967464e-68 
 1.42685790e-05  0.00000000e+00  1.42685790e-05 -9.73116425e-69 
 1.42785790e-05  0.00000000e+00  1.42785790e-05  6.48744283e-69 
 1.42885790e-05  0.00000000e+00  1.42885790e-05 -4.32496189e-69 
 1.42985790e-05  0.00000000e+00  1.42985790e-05  2.88330792e-69 
 1.43085790e-05  0.00000000e+00  1.43085790e-05 -1.92220528e-69 
 1.43185790e-05  0.00000000e+00  1.43185790e-05  1.28147019e-69 
 1.43285790e-05  0.00000000e+00  1.43285790e-05 -8.54313459e-70 
 1.43385790e-05  0.00000000e+00  1.43385790e-05  5.69542306e-70 
 1.43485790e-05  0.00000000e+00  1.43485790e-05 -3.79694871e-70 
 1.43585790e-05  0.00000000e+00  1.43585790e-05  2.53129914e-70 
 1.43685790e-05  0.00000000e+00  1.43685790e-05 -1.68753276e-70 
 1.43785790e-05  0.00000000e+00  1.43785790e-05  1.12502184e-70 
 1.43885790e-05  0.00000000e+00  1.43885790e-05 -7.50014559e-71 
 1.43985790e-05  0.00000000e+00  1.43985790e-05  5.00009706e-71 
 1.44085790e-05  0.00000000e+00  1.44085790e-05 -3.33339804e-71 
 1.44185790e-05  0.00000000e+00  1.44185790e-05  2.22226536e-71 
 1.44285790e-05  0.00000000e+00  1.44285790e-05 -1.48151024e-71 
 1.44385790e-05  0.00000000e+00  1.44385790e-05  9.87673494e-72 
 1.44485790e-05  0.00000000e+00  1.44485790e-05 -6.58448996e-72 
 1.44585790e-05  0.00000000e+00  1.44585790e-05  4.38965997e-72 
 1.44685790e-05  0.00000000e+00  1.44685790e-05 -2.92643998e-72 
 1.44785790e-05  0.00000000e+00  1.44785790e-05  1.95095999e-72 
 1.44885790e-05  0.00000000e+00  1.44885790e-05 -1.30063999e-72 
 1.44985790e-05  0.00000000e+00  1.44985790e-05  8.67093328e-73 
 1.45085790e-05  0.00000000e+00  1.45085790e-05 -5.78062219e-73 
 1.45185790e-05  0.00000000e+00  1.45185790e-05  3.85374812e-73 
 1.45285790e-05  0.00000000e+00  1.45285790e-05 -2.56916542e-73 
 1.45385790e-05  0.00000000e+00  1.45385790e-05  1.71277694e-73 
 1.45485790e-05  0.00000000e+00  1.45485790e-05 -1.14185130e-73 
 1.45585790e-05  0.00000000e+00  1.45585790e-05  7.61234197e-74 
 1.45685790e-05  0.00000000e+00  1.45685790e-05 -5.07489465e-74 
 1.45785790e-05  0.00000000e+00  1.45785790e-05  3.38326310e-74 
 1.45885790e-05  0.00000000e+00  1.45885790e-05 -2.25550873e-74 
 1.45985790e-05  0.00000000e+00  1.45985790e-05  1.50367249e-74 
 1.46085790e-05  0.00000000e+00  1.46085790e-05 -1.00244833e-74 
 1.46185790e-05  0.00000000e+00  1.46185790e-05  6.68298884e-75 
 1.46285790e-05  0.00000000e+00  1.46285790e-05 -4.45532589e-75 
 1.46385790e-05  0.00000000e+00  1.46385790e-05  2.97021726e-75 
 1.46485790e-05  0.00000000e+00  1.46485790e-05 -1.98014484e-75 
 1.46585790e-05  0.00000000e+00  1.46585790e-05  1.32009656e-75 
 1.46685790e-05  0.00000000e+00  1.46685790e-05 -8.80064374e-76 
 1.46785790e-05  0.00000000e+00  1.46785790e-05  5.86709583e-76 
 1.46885790e-05  0.00000000e+00  1.46885790e-05 -3.91139722e-76 
 1.46985790e-05  0.00000000e+00  1.46985790e-05  2.60759814e-76 
 1.47085790e-05  0.00000000e+00  1.47085790e-05 -1.73839876e-76 
 1.47185790e-05  0.00000000e+00  1.47185790e-05  1.15893251e-76 
 1.47285790e-05  0.00000000e+00  1.47285790e-05 -7.72621673e-77 
 1.47385790e-05  0.00000000e+00  1.47385790e-05  5.15081115e-77 
 1.47485790e-05  0.00000000e+00  1.47485790e-05 -3.43387410e-77 
 1.47585790e-05  0.00000000e+00  1.47585790e-05  2.28924940e-77 
 1.47685790e-05  0.00000000e+00  1.47685790e-05 -1.52616627e-77 
 1.47785790e-05  0.00000000e+00  1.47785790e-05  1.01744418e-77 
 1.47885790e-05  0.00000000e+00  1.47885790e-05 -6.78296119e-78 
 1.47985790e-05  0.00000000e+00  1.47985790e-05  4.52197412e-78 
 1.48085790e-05  0.00000000e+00  1.48085790e-05 -3.01464942e-78 
 1.48185790e-05  0.00000000e+00  1.48185790e-05  2.00976628e-78 
 1.48285790e-05  0.00000000e+00  1.48285790e-05 -1.33984418e-78 
 1.48385790e-05  0.00000000e+00  1.48385790e-05  8.93229457e-79 
 1.48485790e-05  0.00000000e+00  1.48485790e-05 -5.95486304e-79 
 1.48585790e-05  0.00000000e+00  1.48585790e-05  3.96990870e-79 
 1.48685790e-05  0.00000000e+00  1.48685790e-05 -2.64660580e-79 
 1.48785790e-05  0.00000000e+00  1.48785790e-05  1.76440386e-79 
 1.48885790e-05  0.00000000e+00  1.48885790e-05 -1.17626924e-79 
 1.48985790e-05  0.00000000e+00  1.48985790e-05  7.84179495e-80 
 1.49085790e-05  0.00000000e+00  1.49085790e-05 -5.22786330e-80 
 1.49185790e-05  0.00000000e+00  1.49185790e-05  3.48524220e-80 
 1.49285790e-05  0.00000000e+00  1.49285790e-05 -2.32349480e-80 
 1.49385790e-05  0.00000000e+00  1.49385790e-05  1.54899653e-80 
 1.49485790e-05  0.00000000e+00  1.49485790e-05 -1.03266436e-80 
 1.49585790e-05  0.00000000e+00  1.49585790e-05  6.88442904e-81 
 1.49685790e-05  0.00000000e+00  1.49685790e-05 -4.58961936e-81 
 1.49785790e-05  0.00000000e+00  1.49785790e-05  3.05974624e-81 
 1.49885790e-05  0.00000000e+00  1.49885790e-05 -2.03983083e-81 
 1.49985790e-05  0.00000000e+00  1.49985790e-05  1.35988722e-81 
 1.50085790e-05  0.00000000e+00  1.50085790e-05 -9.06591479e-82 
 1.50185790e-05  0.00000000e+00  1.50185790e-05  6.04394319e-82 
 1.50285790e-05  0.00000000e+00  1.50285790e-05 -4.02929546e-82 
 1.50385790e-05  0.00000000e+00  1.50385790e-05  2.68619697e-82 
 1.50485790e-05  0.00000000e+00  1.50485790e-05 -1.79079798e-82 
 1.50585790e-05  0.00000000e+00  1.50585790e-05  1.19386532e-82 
 1.50685790e-05  0.00000000e+00  1.50685790e-05 -7.95910214e-83 
 1.50785790e-05  0.00000000e+00  1.50785790e-05  5.30606810e-83 
 1.50885790e-05  0.00000000e+00  1.50885790e-05 -3.53737873e-83 
 1.50985790e-05  0.00000000e+00  1.50985790e-05  2.35825249e-83 
 1.51085790e-05  0.00000000e+00  1.51085790e-05 -1.57216832e-83 
 1.51185790e-05  0.00000000e+00  1.51185790e-05  1.04811222e-83 
 1.51285790e-05  0.00000000e+00  1.51285790e-05 -6.98741478e-84 
 1.51385790e-05  0.00000000e+00  1.51385790e-05  4.65827652e-84 
 1.51485790e-05  0.00000000e+00  1.51485790e-05 -3.10551768e-84 
 1.51585790e-05  0.00000000e+00  1.51585790e-05  2.07034512e-84 
 1.51685790e-05  0.00000000e+00  1.51685790e-05 -1.38023008e-84 
 1.51785790e-05  0.00000000e+00  1.51785790e-05  9.20153386e-85 
 1.51885790e-05  0.00000000e+00  1.51885790e-05 -6.13435591e-85 
 1.51985790e-05  0.00000000e+00  1.51985790e-05  4.08957061e-85 
 1.52085790e-05  0.00000000e+00  1.52085790e-05 -2.72638040e-85 
 1.52185790e-05  0.00000000e+00  1.52185790e-05  1.81758694e-85 
 1.52285790e-05  0.00000000e+00  1.52285790e-05 -1.21172462e-85 
 1.52385790e-05  0.00000000e+00  1.52385790e-05  8.07816416e-86 
 1.52485790e-05  0.00000000e+00  1.52485790e-05 -5.38544277e-86 
 1.52585790e-05  0.00000000e+00  1.52585790e-05  3.59029518e-86 
 1.52685790e-05  0.00000000e+00  1.52685790e-05 -2.39353012e-86 
 1.52785790e-05  0.00000000e+00  1.52785790e-05  1.59568675e-86 
 1.52885790e-05  0.00000000e+00  1.52885790e-05 -1.06379117e-86 
 1.52985790e-05  0.00000000e+00  1.52985790e-05  7.09194110e-87 
 1.53085790e-05  0.00000000e+00  1.53085790e-05 -4.72796073e-87 
 1.53185790e-05  0.00000000e+00  1.53185790e-05  3.15197382e-87 
 1.53285790e-05  0.00000000e+00  1.53285790e-05 -2.10131588e-87 
 1.53385790e-05  0.00000000e+00  1.53385790e-05  1.40087725e-87 
 1.53485790e-05  0.00000000e+00  1.53485790e-05 -9.33918170e-88 
 1.53585790e-05  0.00000000e+00  1.53585790e-05  6.22612113e-88 
 1.53685790e-05  0.00000000e+00  1.53685790e-05 -4.15074742e-88 
 1.53785790e-05  0.00000000e+00  1.53785790e-05  2.76716495e-88 
 1.53885790e-05  0.00000000e+00  1.53885790e-05 -1.84477663e-88 
 1.53985790e-05  0.00000000e+00  1.53985790e-05  1.22985109e-88 
 1.54085790e-05  0.00000000e+00  1.54085790e-05 -8.19900725e-89 
 1.54185790e-05  0.00000000e+00  1.54185790e-05  5.46600483e-89 
 1.54285790e-05  0.00000000e+00  1.54285790e-05 -3.64400322e-89 
 1.54385790e-05  0.00000000e+00  1.54385790e-05  2.42933548e-89 
 1.54485790e-05  0.00000000e+00  1.54485790e-05 -1.61955699e-89 
 1.54585790e-05  0.00000000e+00  1.54585790e-05  1.07970466e-89 
 1.54685790e-05  0.00000000e+00  1.54685790e-05 -7.19803106e-90 
 1.54785790e-05  0.00000000e+00  1.54785790e-05  4.79868737e-90 
 1.54885790e-05  0.00000000e+00  1.54885790e-05 -3.19912491e-90 
 1.54985790e-05  0.00000000e+00  1.54985790e-05  2.13274994e-90 
 1.55085790e-05  0.00000000e+00  1.55085790e-05 -1.42183330e-90 
 1.55185790e-05  0.00000000e+00  1.55185790e-05  9.47888863e-91 
 1.55285790e-05  0.00000000e+00  1.55285790e-05 -6.31925909e-91 
 1.55385790e-05  0.00000000e+00  1.55385790e-05  4.21283939e-91 
 1.55485790e-05  0.00000000e+00  1.55485790e-05 -2.80855960e-91 
 1.55585790e-05  0.00000000e+00  1.55585790e-05  1.87237306e-91 
 1.55685790e-05  0.00000000e+00  1.55685790e-05 -1.24824871e-91 
 1.55785790e-05  0.00000000e+00  1.55785790e-05  8.32165806e-92 
 1.55885790e-05  0.00000000e+00  1.55885790e-05 -5.54777204e-92 
 1.55985790e-05  0.00000000e+00  1.55985790e-05  3.69851469e-92 
 1.56085790e-05  0.00000000e+00  1.56085790e-05 -2.46567646e-92 
 1.56185790e-05  0.00000000e+00  1.56185790e-05  1.64378431e-92 
 1.56285790e-05  0.00000000e+00  1.56285790e-05 -1.09585621e-92 
 1.56385790e-05  0.00000000e+00  1.56385790e-05  7.30570804e-93 
 1.56485790e-05  0.00000000e+00  1.56485790e-05 -4.87047202e-93 
 1.56585790e-05  0.00000000e+00  1.56585790e-05  3.24698135e-93 
 1.56685790e-05  0.00000000e+00  1.56685790e-05 -2.16465423e-93 
 1.56785790e-05  0.00000000e+00  1.56785790e-05  1.44310282e-93 
 1.56885790e-05  0.00000000e+00  1.56885790e-05 -9.62068548e-94 
 1.56985790e-05  0.00000000e+00  1.56985790e-05  6.41379032e-94 
 1.57085790e-05  0.00000000e+00  1.57085790e-05 -4.27586021e-94 
 1.57185790e-05  0.00000000e+00  1.57185790e-05  2.85057348e-94 
 1.57285790e-05  0.00000000e+00  1.57285790e-05 -1.90038232e-94 
 1.57385790e-05  0.00000000e+00  1.57385790e-05  1.26692154e-94 
 1.57485790e-05  0.00000000e+00  1.57485790e-05 -8.44614363e-95 
 1.57585790e-05  0.00000000e+00  1.57585790e-05  5.63076242e-95 
 1.57685790e-05  0.00000000e+00  1.57685790e-05 -3.75384161e-95 
 1.57785790e-05  0.00000000e+00  1.57785790e-05  2.50256108e-95 
 1.57885790e-05  0.00000000e+00  1.57885790e-05 -1.66837405e-95 
 1.57985790e-05  0.00000000e+00  1.57985790e-05  1.11224937e-95 
 1.58085790e-05  0.00000000e+00  1.58085790e-05 -7.41499578e-96 
 1.58185790e-05  0.00000000e+00  1.58185790e-05  4.94333052e-96 
 1.58285790e-05  0.00000000e+00  1.58285790e-05 -3.29555368e-96 
 1.58385790e-05  0.00000000e+00  1.58385790e-05  2.19703579e-96 
 1.58485790e-05  0.00000000e+00  1.58485790e-05 -1.46469052e-96 
 1.58585790e-05  0.00000000e+00  1.58585790e-05  9.76460350e-97 
 1.58685790e-05  0.00000000e+00  1.58685790e-05 -6.50973566e-97 
 1.58785790e-05  0.00000000e+00  1.58785790e-05  4.33982378e-97 
 1.58885790e-05  0.00000000e+00  1.58885790e-05 -2.89321585e-97 
 1.58985790e-05  0.00000000e+00  1.58985790e-05  1.92881057e-97 
 1.59085790e-05  0.00000000e+00  1.59085790e-05 -1.28587371e-97 
 1.59185790e-05  0.00000000e+00  1.59185790e-05  8.57249141e-98 
 1.59285790e-05  0.00000000e+00  1.59285790e-05 -5.71499427e-98 
 1.59385790e-05  0.00000000e+00  1.59385790e-05  3.80999618e-98 
 1.59485790e-05  0.00000000e+00  1.59485790e-05 -2.53999745e-98 
 1.59585790e-05  0.00000000e+00  1.59585790e-05  1.69333164e-98 
 1.59685790e-05  0.00000000e+00  1.59685790e-05 -1.12888776e-98 
 1.59785790e-05  0.00000000e+00  1.59785790e-05  7.52591838e-99 
 1.59885790e-05  0.00000000e+00  1.59885790e-05 -5.01727892e-99 
 1.59985790e-05  0.00000000e+00  1.59985790e-05  3.34485262e-99 
 1.60085790e-05  0.00000000e+00  1.60085790e-05 -2.22990174e-99 
 1.60185790e-05  0.00000000e+00  1.60185790e-05  1.48660116e-99 
 1.60285790e-05  0.00000000e+00  1.60285790e-05 -9.91067442e-100 
 1.60385790e-05  0.00000000e+00  1.60385790e-05  6.60711628e-100 
 1.60485790e-05  0.00000000e+00  1.60485790e-05 -4.40474418e-100 
 1.60585790e-05  0.00000000e+00  1.60585790e-05  2.93649612e-100 
 1.60685790e-05  0.00000000e+00  1.60685790e-05 -1.95766408e-100 
 1.60785790e-05  0.00000000e+00  1.60785790e-05  1.30510939e-100 
 1.60885790e-05  0.00000000e+00  1.60885790e-05 -8.70072925e-101 
 1.60985790e-05  0.00000000e+00  1.60985790e-05  5.80048617e-101 
 1.61085790e-05  0.00000000e+00  1.61085790e-05 -3.86699078e-101 
 1.61185790e-05  0.00000000e+00  1.61185790e-05  2.57799385e-101 
 1.61285790e-05  0.00000000e+00  1.61285790e-05 -1.71866257e-101 
 1.61385790e-05  0.00000000e+00  1.61385790e-05  1.14577505e-101 
 1.61485790e-05  0.00000000e+00  1.61485790e-05 -7.63850031e-102 
 1.61585790e-05  0.00000000e+00  1.61585790e-05  5.09233354e-102 
 1.61685790e-05  0.00000000e+00  1.61685790e-05 -3.39488902e-102 
 1.61785790e-05  0.00000000e+00  1.61785790e-05  2.26325935e-102 
 1.61885790e-05  0.00000000e+00  1.61885790e-05 -1.50883957e-102 
 1.61985790e-05  0.00000000e+00  1.61985790e-05  1.00589304e-102 
 1.62085790e-05  0.00000000e+00  1.62085790e-05 -6.70595363e-103 
 1.62185790e-05  0.00000000e+00  1.62185790e-05  4.47063575e-103 
 1.62285790e-05  0.00000000e+00  1.62285790e-05 -2.98042383e-103 
 1.62385790e-05  0.00000000e+00  1.62385790e-05  1.98694922e-103 
 1.62485790e-05  0.00000000e+00  1.62485790e-05 -1.32463282e-103 
 1.62585790e-05  0.00000000e+00  1.62585790e-05  8.83088544e-104 
 1.62685790e-05  0.00000000e+00  1.62685790e-05 -5.88725696e-104 
 1.62785790e-05  0.00000000e+00  1.62785790e-05  3.92483797e-104 
 1.62885790e-05  0.00000000e+00  1.62885790e-05 -2.61655865e-104 
 1.62985790e-05  0.00000000e+00  1.62985790e-05  1.74437243e-104 
 1.63085790e-05  0.00000000e+00  1.63085790e-05 -1.16291495e-104 
 1.63185790e-05  0.00000000e+00  1.63185790e-05  7.75276636e-105 
 1.63285790e-05  0.00000000e+00  1.63285790e-05 -5.16851091e-105 
 1.63385790e-05  0.00000000e+00  1.63385790e-05  3.44567394e-105 
 1.63485790e-05  0.00000000e+00  1.63485790e-05 -2.29711596e-105 
 1.63585790e-05  0.00000000e+00  1.63585790e-05  1.53141064e-105 
 1.63685790e-05  0.00000000e+00  1.63685790e-05 -1.02094043e-105 
 1.63785790e-05  0.00000000e+00  1.63785790e-05  6.80626951e-106 
 1.63885790e-05  0.00000000e+00  1.63885790e-05 -4.53751301e-106 
 1.63985790e-05  0.00000000e+00  1.63985790e-05  3.02500867e-106 
 1.64085790e-05  0.00000000e+00  1.64085790e-05 -2.01667245e-106 
 1.64185790e-05  0.00000000e+00  1.64185790e-05  1.34444830e-106 
 1.64285790e-05  0.00000000e+00  1.64285790e-05 -8.96298866e-107 
 1.64385790e-05  0.00000000e+00  1.64385790e-05  5.97532577e-107 
 1.64485790e-05  0.00000000e+00  1.64485790e-05 -3.98355051e-107 
 1.64585790e-05  0.00000000e+00  1.64585790e-05  2.65570034e-107 
 1.64685790e-05  0.00000000e+00  1.64685790e-05 -1.77046689e-107 
 1.64785790e-05  0.00000000e+00  1.64785790e-05  1.18031126e-107 
 1.64885790e-05  0.00000000e+00  1.64885790e-05 -7.86874176e-108 
 1.64985790e-05  0.00000000e+00  1.64985790e-05  5.24582784e-108 
 1.65085790e-05  0.00000000e+00  1.65085790e-05 -3.49721856e-108 
 1.65185790e-05  0.00000000e+00  1.65185790e-05  2.33147904e-108 
 1.65285790e-05  0.00000000e+00  1.65285790e-05 -1.55431936e-108 
 1.65385790e-05  0.00000000e+00  1.65385790e-05  1.03621291e-108 
 1.65485790e-05  0.00000000e+00  1.65485790e-05 -6.90808604e-109 
 1.65585790e-05  0.00000000e+00  1.65585790e-05  4.60539069e-109 
 1.65685790e-05  0.00000000e+00  1.65685790e-05 -3.07026046e-109 
 1.65785790e-05  0.00000000e+00  1.65785790e-05  2.04684031e-109 
 1.65885790e-05  0.00000000e+00  1.65885790e-05 -1.36456021e-109 
 1.65985790e-05  0.00000000e+00  1.65985790e-05  9.09706804e-110 
 1.66085790e-05  0.00000000e+00  1.66085790e-05 -6.06471202e-110 
 1.66185790e-05  0.00000000e+00  1.66185790e-05  4.04314135e-110 
 1.66285790e-05  0.00000000e+00  1.66285790e-05 -2.69542757e-110 
 1.66385790e-05  0.00000000e+00  1.66385790e-05  1.79695171e-110 
 1.66485790e-05  0.00000000e+00  1.66485790e-05 -1.19796781e-110 
 1.66585790e-05  0.00000000e+00  1.66585790e-05  7.98645205e-111 
 1.66685790e-05  0.00000000e+00  1.66685790e-05 -5.32430137e-111 
 1.66785790e-05  0.00000000e+00  1.66785790e-05  3.54953424e-111 
 1.66885790e-05  0.00000000e+00  1.66885790e-05 -2.36635616e-111 
 1.66985790e-05  0.00000000e+00  1.66985790e-05  1.57757078e-111 
 1.67085790e-05  0.00000000e+00  1.67085790e-05 -1.05171385e-111 
 1.67185790e-05  0.00000000e+00  1.67185790e-05  7.01142567e-112 
 1.67285790e-05  0.00000000e+00  1.67285790e-05 -4.67428378e-112 
 1.67385790e-05  0.00000000e+00  1.67385790e-05  3.11618919e-112 
 1.67485790e-05  0.00000000e+00  1.67485790e-05 -2.07745946e-112 
 1.67585790e-05  0.00000000e+00  1.67585790e-05  1.38497297e-112 
 1.67685790e-05  0.00000000e+00  1.67685790e-05 -9.23315314e-113 
 1.67785790e-05  0.00000000e+00  1.67785790e-05  6.15543543e-113 
 1.67885790e-05  0.00000000e+00  1.67885790e-05 -4.10362362e-113 
 1.67985790e-05  0.00000000e+00  1.67985790e-05  2.73574908e-113 
 1.68085790e-05  0.00000000e+00  1.68085790e-05 -1.82383272e-113 
 1.68185790e-05  0.00000000e+00  1.68185790e-05  1.21588848e-113 
 1.68285790e-05  0.00000000e+00  1.68285790e-05 -8.10592320e-114 
 1.68385790e-05  0.00000000e+00  1.68385790e-05  5.40394880e-114 
 1.68485790e-05  0.00000000e+00  1.68485790e-05 -3.60263253e-114 
 1.68585790e-05  0.00000000e+00  1.68585790e-05  2.40175502e-114 
 1.68685790e-05  0.00000000e+00  1.68685790e-05 -1.60117001e-114 
 1.68785790e-05  0.00000000e+00  1.68785790e-05  1.06744668e-114 
 1.68885790e-05  0.00000000e+00  1.68885790e-05 -7.11631117e-115 
 1.68985790e-05  0.00000000e+00  1.68985790e-05  4.74420745e-115 
 1.69085790e-05  0.00000000e+00  1.69085790e-05 -3.16280497e-115 
 1.69185790e-05  0.00000000e+00  1.69185790e-05  2.10853664e-115 
 1.69285790e-05  0.00000000e+00  1.69285790e-05 -1.40569110e-115 
 1.69385790e-05  0.00000000e+00  1.69385790e-05  9.37127397e-116 
 1.69485790e-05  0.00000000e+00  1.69485790e-05 -6.24751598e-116 
 1.69585790e-05  0.00000000e+00  1.69585790e-05  4.16501066e-116 
 1.69685790e-05  0.00000000e+00  1.69685790e-05 -2.77667377e-116 
 1.69785790e-05  0.00000000e+00  1.69785790e-05  1.85111585e-116 
 1.69885790e-05  0.00000000e+00  1.69885790e-05 -1.23407723e-116 
 1.69985790e-05  0.00000000e+00  1.69985790e-05  8.22718154e-117 
 1.70085790e-05  0.00000000e+00  1.70085790e-05 -5.48478769e-117 
 1.70185790e-05  0.00000000e+00  1.70185790e-05  3.65652513e-117 
 1.70285790e-05  0.00000000e+00  1.70285790e-05 -2.43768342e-117 
 1.70385790e-05  0.00000000e+00  1.70385790e-05  1.62512228e-117 
 1.70485790e-05  0.00000000e+00  1.70485790e-05 -1.08341485e-117 
 1.70585790e-05  0.00000000e+00  1.70585790e-05  7.22276569e-118 
 1.70685790e-05  0.00000000e+00  1.70685790e-05 -4.81517713e-118 
 1.70785790e-05  0.00000000e+00  1.70785790e-05  3.21011808e-118 
 1.70885790e-05  0.00000000e+00  1.70885790e-05 -2.14007872e-118 
 1.70985790e-05  0.00000000e+00  1.70985790e-05  1.42671915e-118 
 1.71085790e-05  0.00000000e+00  1.71085790e-05 -9.51146099e-119 
 1.71185790e-05  0.00000000e+00  1.71185790e-05  6.34097399e-119 
 1.71285790e-05  0.00000000e+00  1.71285790e-05 -4.22731599e-119 
 1.71385790e-05  0.00000000e+00  1.71385790e-05  2.81821066e-119 
 1.71485790e-05  0.00000000e+00  1.71485790e-05 -1.87880711e-119 
 1.71585790e-05  0.00000000e+00  1.71585790e-05  1.25253807e-119 
 1.71685790e-05  0.00000000e+00  1.71685790e-05 -8.35025382e-120 
 1.71785790e-05  0.00000000e+00  1.71785790e-05  5.56683588e-120 
 1.71885790e-05  0.00000000e+00  1.71885790e-05 -3.71122392e-120 
 1.71985790e-05  0.00000000e+00  1.71985790e-05  2.47414928e-120 
 1.72085790e-05  0.00000000e+00  1.72085790e-05 -1.64943285e-120 
 1.72185790e-05  0.00000000e+00  1.72185790e-05  1.09962190e-120 
 1.72285790e-05  0.00000000e+00  1.72285790e-05 -7.33081268e-121 
 1.72385790e-05  0.00000000e+00  1.72385790e-05  4.88720845e-121 
 1.72485790e-05  0.00000000e+00  1.72485790e-05 -3.25813897e-121 
 1.72585790e-05  0.00000000e+00  1.72585790e-05  2.17209265e-121 
 1.72685790e-05  0.00000000e+00  1.72685790e-05 -1.44806176e-121 
 1.72785790e-05  0.00000000e+00  1.72785790e-05  9.65374509e-122 
 1.72885790e-05  0.00000000e+00  1.72885790e-05 -6.43583006e-122 
 1.72985790e-05  0.00000000e+00  1.72985790e-05  4.29055337e-122 
 1.73085790e-05  0.00000000e+00  1.73085790e-05 -2.86036892e-122 
 1.73185790e-05  0.00000000e+00  1.73185790e-05  1.90691261e-122 
 1.73285790e-05  0.00000000e+00  1.73285790e-05 -1.27127507e-122 
 1.73385790e-05  0.00000000e+00  1.73385790e-05  8.47516716e-123 
 1.73485790e-05  0.00000000e+00  1.73485790e-05 -5.65011144e-123 
 1.73585790e-05  0.00000000e+00  1.73585790e-05  3.76674096e-123 
 1.73685790e-05  0.00000000e+00  1.73685790e-05 -2.51116064e-123 
 1.73785790e-05  0.00000000e+00  1.73785790e-05  1.67410709e-123 
 1.73885790e-05  0.00000000e+00  1.73885790e-05 -1.11607140e-123 
 1.73985790e-05  0.00000000e+00  1.73985790e-05  7.44047597e-124 
 1.74085790e-05  0.00000000e+00  1.74085790e-05 -4.96031731e-124 
 1.74185790e-05  0.00000000e+00  1.74185790e-05  3.30687821e-124 
 1.74285790e-05  0.00000000e+00  1.74285790e-05 -2.20458547e-124 
 1.74385790e-05  0.00000000e+00  1.74385790e-05  1.46972365e-124 
 1.74485790e-05  0.00000000e+00  1.74485790e-05 -9.79815765e-125 
 1.74585790e-05  0.00000000e+00  1.74585790e-05  6.53210510e-125 
 1.74685790e-05  0.00000000e+00  1.74685790e-05 -4.35473674e-125 
 1.74785790e-05  0.00000000e+00  1.74785790e-05  2.90315782e-125 
 1.74885790e-05  0.00000000e+00  1.74885790e-05 -1.93543855e-125 
 1.74985790e-05  0.00000000e+00  1.74985790e-05  1.29029237e-125 
 1.75085790e-05  0.00000000e+00  1.75085790e-05 -8.60194911e-126 
 1.75185790e-05  0.00000000e+00  1.75185790e-05  5.73463274e-126 
 1.75285790e-05  0.00000000e+00  1.75285790e-05 -3.82308849e-126 
 1.75385790e-05  0.00000000e+00  1.75385790e-05  2.54872566e-126 
 1.75485790e-05  0.00000000e+00  1.75485790e-05 -1.69915044e-126 
 1.75585790e-05  0.00000000e+00  1.75585790e-05  1.13276696e-126 
 1.75685790e-05  0.00000000e+00  1.75685790e-05 -7.55177974e-127 
 1.75785790e-05  0.00000000e+00  1.75785790e-05  5.03451982e-127 
 1.75885790e-05  0.00000000e+00  1.75885790e-05 -3.35634655e-127 
 1.75985790e-05  0.00000000e+00  1.75985790e-05  2.23756437e-127 
 1.76085790e-05  0.00000000e+00  1.76085790e-05 -1.49170958e-127 
 1.76185790e-05  0.00000000e+00  1.76185790e-05  9.94473052e-128 
 1.76285790e-05  0.00000000e+00  1.76285790e-05 -6.62982035e-128 
 1.76385790e-05  0.00000000e+00  1.76385790e-05  4.41988023e-128 
 1.76485790e-05  0.00000000e+00  1.76485790e-05 -2.94658682e-128 
 1.76585790e-05  0.00000000e+00  1.76585790e-05  1.96439121e-128 
 1.76685790e-05  0.00000000e+00  1.76685790e-05 -1.30959414e-128 
 1.76785790e-05  0.00000000e+00  1.76785790e-05  8.73062762e-129 
 1.76885790e-05  0.00000000e+00  1.76885790e-05 -5.82041841e-129 
 1.76985790e-05  0.00000000e+00  1.76985790e-05  3.88027894e-129 
 1.77085790e-05  0.00000000e+00  1.77085790e-05 -2.58685263e-129 
 1.77185790e-05  0.00000000e+00  1.77185790e-05  1.72456842e-129 
 1.77285790e-05  0.00000000e+00  1.77285790e-05 -1.14971228e-129 
 1.77385790e-05  0.00000000e+00  1.77385790e-05  7.66474852e-130 
 1.77485790e-05  0.00000000e+00  1.77485790e-05 -5.10983235e-130 
 1.77585790e-05  0.00000000e+00  1.77585790e-05  3.40655490e-130 
 1.77685790e-05  0.00000000e+00  1.77685790e-05 -2.27103660e-130 
 1.77785790e-05  0.00000000e+00  1.77785790e-05  1.51402440e-130 
 1.77885790e-05  0.00000000e+00  1.77885790e-05 -1.00934960e-130 
 1.77985790e-05  0.00000000e+00  1.77985790e-05  6.72899733e-131 
 1.78085790e-05  0.00000000e+00  1.78085790e-05 -4.48599822e-131 
 1.78185790e-05  0.00000000e+00  1.78185790e-05  2.99066548e-131 
 1.78285790e-05  0.00000000e+00  1.78285790e-05 -1.99377699e-131 
 1.78385790e-05  0.00000000e+00  1.78385790e-05  1.32918466e-131 
 1.78485790e-05  0.00000000e+00  1.78485790e-05 -8.86123105e-132 
 1.78585790e-05  0.00000000e+00  1.78585790e-05  5.90748737e-132 
 1.78685790e-05  0.00000000e+00  1.78685790e-05 -3.93832491e-132 
 1.78785790e-05  0.00000000e+00  1.78785790e-05  2.62554994e-132 
 1.78885790e-05  0.00000000e+00  1.78885790e-05 -1.75036663e-132 
 1.78985790e-05  0.00000000e+00  1.78985790e-05  1.16691109e-132 
 1.79085790e-05  0.00000000e+00  1.79085790e-05 -7.77940724e-133 
 1.79185790e-05  0.00000000e+00  1.79185790e-05  5.18627149e-133 
 1.79285790e-05  0.00000000e+00  1.79285790e-05 -3.45751433e-133 
 1.79385790e-05  0.00000000e+00  1.79385790e-05  2.30500955e-133 
 1.79485790e-05  0.00000000e+00  1.79485790e-05 -1.53667303e-133 
 1.79585790e-05  0.00000000e+00  1.79585790e-05  1.02444869e-133 
 1.79685790e-05  0.00000000e+00  1.79685790e-05 -6.82965793e-134 
 1.79785790e-05  0.00000000e+00  1.79785790e-05  4.55310529e-134 
 1.79885790e-05  0.00000000e+00  1.79885790e-05 -3.03540352e-134 
 1.79985790e-05  0.00000000e+00  1.79985790e-05  2.02360235e-134 
 1.80085790e-05  0.00000000e+00  1.80085790e-05 -1.34906823e-134 
 1.80185790e-05  0.00000000e+00  1.80185790e-05  8.99378822e-135 
 1.80285790e-05  0.00000000e+00  1.80285790e-05 -5.99585881e-135 
 1.80385790e-05  0.00000000e+00  1.80385790e-05  3.99723921e-135 
 1.80485790e-05  0.00000000e+00  1.80485790e-05 -2.66482614e-135 
 1.80585790e-05  0.00000000e+00  1.80585790e-05  1.77655076e-135 
 1.80685790e-05  0.00000000e+00  1.80685790e-05 -1.18436717e-135 
 1.80785790e-05  0.00000000e+00  1.80785790e-05  7.89578115e-136 
 1.80885790e-05  0.00000000e+00  1.80885790e-05 -5.26385410e-136 
 1.80985790e-05  0.00000000e+00  1.80985790e-05  3.50923607e-136 
 1.81085790e-05  0.00000000e+00  1.81085790e-05 -2.33949071e-136 
 1.81185790e-05  0.00000000e+00  1.81185790e-05  1.55966047e-136 
 1.81285790e-05  0.00000000e+00  1.81285790e-05 -1.03977365e-136 
 1.81385790e-05  0.00000000e+00  1.81385790e-05  6.93182433e-137 
 1.81485790e-05  0.00000000e+00  1.81485790e-05 -4.62121622e-137 
 1.81585790e-05  0.00000000e+00  1.81585790e-05  3.08081081e-137 
 1.81685790e-05  0.00000000e+00  1.81685790e-05 -2.05387388e-137 
 1.81785790e-05  0.00000000e+00  1.81785790e-05  1.36924925e-137 
 1.81885790e-05  0.00000000e+00  1.81885790e-05 -9.12832834e-138 
 1.81985790e-05  0.00000000e+00  1.81985790e-05  6.08555223e-138 
 1.82085790e-05  0.00000000e+00  1.82085790e-05 -4.05703482e-138 
 1.82185790e-05  0.00000000e+00  1.82185790e-05  2.70468988e-138 
 1.82285790e-05  0.00000000e+00  1.82285790e-05 -1.80312659e-138 
 1.82385790e-05  0.00000000e+00  1.82385790e-05  1.20208439e-138 
 1.82485790e-05  0.00000000e+00  1.82485790e-05 -8.01389594e-139 
 1.82585790e-05  0.00000000e+00  1.82585790e-05  5.34259729e-139 
 1.82685790e-05  0.00000000e+00  1.82685790e-05 -3.56173153e-139 
 1.82785790e-05  0.00000000e+00  1.82785790e-05  2.37448768e-139 
 1.82885790e-05  0.00000000e+00  1.82885790e-05 -1.58299179e-139 
 1.82985790e-05  0.00000000e+00  1.82985790e-05  1.05532786e-139 
 1.83085790e-05  0.00000000e+00  1.83085790e-05 -7.03551907e-140 
 1.83185790e-05  0.00000000e+00  1.83185790e-05  4.69034604e-140 
 1.83285790e-05  0.00000000e+00  1.83285790e-05 -3.12689736e-140 
 1.83385790e-05  0.00000000e+00  1.83385790e-05  2.08459824e-140 
 1.83485790e-05  0.00000000e+00  1.83485790e-05 -1.38973216e-140 
 1.83585790e-05  0.00000000e+00  1.83585790e-05  9.26488107e-141 
 1.83685790e-05  0.00000000e+00  1.83685790e-05 -6.17658738e-141 
 1.83785790e-05  0.00000000e+00  1.83785790e-05  4.11772492e-141 
 1.83885790e-05  0.00000000e+00  1.83885790e-05 -2.74514995e-141 
 1.83985790e-05  0.00000000e+00  1.83985790e-05  1.83009997e-141 
 1.84085790e-05  0.00000000e+00  1.84085790e-05 -1.22006664e-141 
 1.84185790e-05  0.00000000e+00  1.84185790e-05  8.13377762e-142 
 1.84285790e-05  0.00000000e+00  1.84285790e-05 -5.42251842e-142 
 1.84385790e-05  0.00000000e+00  1.84385790e-05  3.61501228e-142 
 1.84485790e-05  0.00000000e+00  1.84485790e-05 -2.41000818e-142 
 1.84585790e-05  0.00000000e+00  1.84585790e-05  1.60667212e-142 
 1.84685790e-05  0.00000000e+00  1.84685790e-05 -1.07111475e-142 
 1.84785790e-05  0.00000000e+00  1.84785790e-05  7.14076499e-143 
 1.84885790e-05  0.00000000e+00  1.84885790e-05 -4.76050999e-143 
 1.84985790e-05  0.00000000e+00  1.84985790e-05  3.17367333e-143 
 1.85085790e-05  0.00000000e+00  1.85085790e-05 -2.11578222e-143 
 1.85185790e-05  0.00000000e+00  1.85185790e-05  1.41052148e-143 
 1.85285790e-05  0.00000000e+00  1.85285790e-05 -9.40347653e-144 
 1.85385790e-05  0.00000000e+00  1.85385790e-05  6.26898435e-144 
 1.85485790e-05  0.00000000e+00  1.85485790e-05 -4.17932290e-144 
 1.85585790e-05  0.00000000e+00  1.85585790e-05  2.78621527e-144 
 1.85685790e-05  0.00000000e+00  1.85685790e-05 -1.85747685e-144 
 1.85785790e-05  0.00000000e+00  1.85785790e-05  1.23831790e-144 
 1.85885790e-05  0.00000000e+00  1.85885790e-05 -8.25545265e-145 
 1.85985790e-05  0.00000000e+00  1.85985790e-05  5.50363510e-145 
 1.86085790e-05  0.00000000e+00  1.86085790e-05 -3.66909007e-145 
 1.86185790e-05  0.00000000e+00  1.86185790e-05  2.44606004e-145 
 1.86285790e-05  0.00000000e+00  1.86285790e-05 -1.63070670e-145 
 1.86385790e-05  0.00000000e+00  1.86385790e-05  1.08713780e-145 
 1.86485790e-05  0.00000000e+00  1.86485790e-05 -7.24758532e-146 
 1.86585790e-05  0.00000000e+00  1.86585790e-05  4.83172354e-146 
 1.86685790e-05  0.00000000e+00  1.86685790e-05 -3.22114903e-146 
 1.86785790e-05  0.00000000e+00  1.86785790e-05  2.14743269e-146 
 1.86885790e-05  0.00000000e+00  1.86885790e-05 -1.43162179e-146 
 1.86985790e-05  0.00000000e+00  1.86985790e-05  9.54414527e-147 
 1.87085790e-05  0.00000000e+00  1.87085790e-05 -6.36276351e-147 
 1.87185790e-05  0.00000000e+00  1.87185790e-05  4.24184234e-147 
 1.87285790e-05  0.00000000e+00  1.87285790e-05 -2.82789490e-147 
 1.87385790e-05  0.00000000e+00  1.87385790e-05  1.88526326e-147 
 1.87485790e-05  0.00000000e+00  1.87485790e-05 -1.25684218e-147 
 1.87585790e-05  0.00000000e+00  1.87585790e-05  8.37894784e-148 
 1.87685790e-05  0.00000000e+00  1.87685790e-05 -5.58596523e-148 
 1.87785790e-05  0.00000000e+00  1.87785790e-05  3.72397682e-148 
 1.87885790e-05  0.00000000e+00  1.87885790e-05 -2.48265121e-148 
 1.87985790e-05  0.00000000e+00  1.87985790e-05  1.65510081e-148 
 1.88085790e-05  0.00000000e+00  1.88085790e-05 -1.10340054e-148 
 1.88185790e-05  0.00000000e+00  1.88185790e-05  7.35600359e-149 
 1.88285790e-05  0.00000000e+00  1.88285790e-05 -4.90400239e-149 
 1.88385790e-05  0.00000000e+00  1.88385790e-05  3.26933493e-149 
 1.88485790e-05  0.00000000e+00  1.88485790e-05 -2.17955662e-149 
 1.88585790e-05  0.00000000e+00  1.88585790e-05  1.45303775e-149 
 1.88685790e-05  0.00000000e+00  1.88685790e-05 -9.68691831e-150 
 1.88785790e-05  0.00000000e+00  1.88785790e-05  6.45794554e-150 
 1.88885790e-05  0.00000000e+00  1.88885790e-05 -4.30529702e-150 
 1.88985790e-05  0.00000000e+00  1.88985790e-05  2.87019802e-150 
 1.89085790e-05  0.00000000e+00  1.89085790e-05 -1.91346534e-150 
 1.89185790e-05  0.00000000e+00  1.89185790e-05  1.27564356e-150 
 1.89285790e-05  0.00000000e+00  1.89285790e-05 -8.50429042e-151 
 1.89385790e-05  0.00000000e+00  1.89385790e-05  5.66952695e-151 
 1.89485790e-05  0.00000000e+00  1.89485790e-05 -3.77968463e-151 
 1.89585790e-05  0.00000000e+00  1.89585790e-05  2.51978975e-151 
 1.89685790e-05  0.00000000e+00  1.89685790e-05 -1.67985984e-151 
 1.89785790e-05  0.00000000e+00  1.89785790e-05  1.11990656e-151 
 1.89885790e-05  0.00000000e+00  1.89885790e-05 -7.46604372e-152 
 1.89985790e-05  0.00000000e+00  1.89985790e-05  4.97736248e-152 
 1.90085790e-05  0.00000000e+00  1.90085790e-05 -3.31824165e-152 
 1.90185790e-05  0.00000000e+00  1.90185790e-05  2.21216110e-152 
 1.90285790e-05  0.00000000e+00  1.90285790e-05 -1.47477407e-152 
 1.90385790e-05  0.00000000e+00  1.90385790e-05  9.83182712e-153 
 1.90485790e-05  0.00000000e+00  1.90485790e-05 -6.55455141e-153 
 1.90585790e-05  0.00000000e+00  1.90585790e-05  4.36970094e-153 
 1.90685790e-05  0.00000000e+00  1.90685790e-05 -2.91313396e-153 
 1.90785790e-05  0.00000000e+00  1.90785790e-05  1.94208931e-153 
 1.90885790e-05  0.00000000e+00  1.90885790e-05 -1.29472620e-153 
 1.90985790e-05  0.00000000e+00  1.90985790e-05  8.63150803e-154 
 1.91085790e-05  0.00000000e+00  1.91085790e-05 -5.75433869e-154 
 1.91185790e-05  0.00000000e+00  1.91185790e-05  3.83622579e-154 
 1.91285790e-05  0.00000000e+00  1.91285790e-05 -2.55748386e-154 
 1.91385790e-05  0.00000000e+00  1.91385790e-05  1.70498924e-154 
 1.91485790e-05  0.00000000e+00  1.91485790e-05 -1.13665949e-154 
 1.91585790e-05  0.00000000e+00  1.91585790e-05  7.57772996e-155 
 1.91685790e-05  0.00000000e+00  1.91685790e-05 -5.05181997e-155 
 1.91785790e-05  0.00000000e+00  1.91785790e-05  3.36787998e-155 
 1.91885790e-05  0.00000000e+00  1.91885790e-05 -2.24525332e-155 
 1.91985790e-05  0.00000000e+00  1.91985790e-05  1.49683555e-155 
 1.92085790e-05  0.00000000e+00  1.92085790e-05 -9.97890365e-156 
 1.92185790e-05  0.00000000e+00  1.92185790e-05  6.65260243e-156 
 1.92285790e-05  0.00000000e+00  1.92285790e-05 -4.43506829e-156 
 1.92385790e-05  0.00000000e+00  1.92385790e-05  2.95671219e-156 
 1.92485790e-05  0.00000000e+00  1.92485790e-05 -1.97114146e-156 
 1.92585790e-05  0.00000000e+00  1.92585790e-05  1.31409431e-156 
 1.92685790e-05  0.00000000e+00  1.92685790e-05 -8.76062872e-157 
 1.92785790e-05  0.00000000e+00  1.92785790e-05  5.84041914e-157 
 1.92885790e-05  0.00000000e+00  1.92885790e-05 -3.89361276e-157 
 1.92985790e-05  0.00000000e+00  1.92985790e-05  2.59574184e-157 
 1.93085790e-05  0.00000000e+00  1.93085790e-05 -1.73049456e-157 
 1.93185790e-05  0.00000000e+00  1.93185790e-05  1.15366304e-157 
 1.93285790e-05  0.00000000e+00  1.93285790e-05 -7.69108694e-158 
 1.93385790e-05  0.00000000e+00  1.93385790e-05  5.12739129e-158 
 1.93485790e-05  0.00000000e+00  1.93485790e-05 -3.41826086e-158 
 1.93585790e-05  0.00000000e+00  1.93585790e-05  2.27884057e-158 
 1.93685790e-05  0.00000000e+00  1.93685790e-05 -1.51922705e-158 
 1.93785790e-05  0.00000000e+00  1.93785790e-05  1.01281803e-158 
 1.93885790e-05  0.00000000e+00  1.93885790e-05 -6.75212022e-159 
 1.93985790e-05  0.00000000e+00  1.93985790e-05  4.50141348e-159 
 1.94085790e-05  0.00000000e+00  1.94085790e-05 -3.00094232e-159 
 1.94185790e-05  0.00000000e+00  1.94185790e-05  2.00062821e-159 
 1.94285790e-05  0.00000000e+00  1.94285790e-05 -1.33375214e-159 
 1.94385790e-05  0.00000000e+00  1.94385790e-05  8.89168095e-160 
 1.94485790e-05  0.00000000e+00  1.94485790e-05 -5.92778730e-160 
 1.94585790e-05  0.00000000e+00  1.94585790e-05  3.95185820e-160 
 1.94685790e-05  0.00000000e+00  1.94685790e-05 -2.63457213e-160 
 1.94785790e-05  0.00000000e+00  1.94785790e-05  1.75638142e-160 
 1.94885790e-05  0.00000000e+00  1.94885790e-05 -1.17092095e-160 
 1.94985790e-05  0.00000000e+00  1.94985790e-05  7.80613965e-161 
 1.95085790e-05  0.00000000e+00  1.95085790e-05 -5.20409310e-161 
 1.95185790e-05  0.00000000e+00  1.95185790e-05  3.46939540e-161 
 1.95285790e-05  0.00000000e+00  1.95285790e-05 -2.31293027e-161 
 1.95385790e-05  0.00000000e+00  1.95385790e-05  1.54195351e-161 
 1.95485790e-05  0.00000000e+00  1.95485790e-05 -1.02796901e-161 
 1.95585790e-05  0.00000000e+00  1.95585790e-05  6.85312672e-162 
 1.95685790e-05  0.00000000e+00  1.95685790e-05 -4.56875115e-162 
 1.95785790e-05  0.00000000e+00  1.95785790e-05  3.04583410e-162 
 1.95885790e-05  0.00000000e+00  1.95885790e-05 -2.03055607e-162 
 1.95985790e-05  0.00000000e+00  1.95985790e-05  1.35370404e-162 
 1.96085790e-05  0.00000000e+00  1.96085790e-05 -9.02469362e-163 
 1.96185790e-05  0.00000000e+00  1.96185790e-05  6.01646241e-163 
 1.96285790e-05  0.00000000e+00  1.96285790e-05 -4.01097494e-163 
 1.96385790e-05  0.00000000e+00  1.96385790e-05  2.67398330e-163 
 1.96485790e-05  0.00000000e+00  1.96485790e-05 -1.78265553e-163 
 1.96585790e-05  0.00000000e+00  1.96585790e-05  1.18843702e-163 
 1.96685790e-05  0.00000000e+00  1.96685790e-05 -7.92291347e-164 
 1.96785790e-05  0.00000000e+00  1.96785790e-05  5.28194231e-164 
 1.96885790e-05  0.00000000e+00  1.96885790e-05 -3.52129487e-164 
 1.96985790e-05  0.00000000e+00  1.96985790e-05  2.34752992e-164 
 1.97085790e-05  0.00000000e+00  1.97085790e-05 -1.56501994e-164 
 1.97185790e-05  0.00000000e+00  1.97185790e-05  1.04334663e-164 
 1.97285790e-05  0.00000000e+00  1.97285790e-05 -6.95564420e-165 
 1.97385790e-05  0.00000000e+00  1.97385790e-05  4.63709613e-165 
 1.97485790e-05  0.00000000e+00  1.97485790e-05 -3.09139742e-165 
 1.97585790e-05  0.00000000e+00  1.97585790e-05  2.06093161e-165 
 1.97685790e-05  0.00000000e+00  1.97685790e-05 -1.37395441e-165 
 1.97785790e-05  0.00000000e+00  1.97785790e-05  9.15969606e-166 
 1.97885790e-05  0.00000000e+00  1.97885790e-05 -6.10646404e-166 
 1.97985790e-05  0.00000000e+00  1.97985790e-05  4.07097603e-166 
 1.98085790e-05  0.00000000e+00  1.98085790e-05 -2.71398402e-166 
 1.98185790e-05  0.00000000e+00  1.98185790e-05  1.80932268e-166 
 1.98285790e-05  0.00000000e+00  1.98285790e-05 -1.20621512e-166 
 1.98385790e-05  0.00000000e+00  1.98385790e-05  8.04143413e-167 
 1.98485790e-05  0.00000000e+00  1.98485790e-05 -5.36095609e-167 
 1.98585790e-05  0.00000000e+00  1.98585790e-05  3.57397072e-167 
 1.98685790e-05  0.00000000e+00  1.98685790e-05 -2.38264715e-167 
 1.98785790e-05  0.00000000e+00  1.98785790e-05  1.58843143e-167 
 1.98885790e-05  0.00000000e+00  1.98885790e-05 -1.05895429e-167 
 1.98985790e-05  0.00000000e+00  1.98985790e-05  7.05969526e-168 
 1.99085790e-05  0.00000000e+00  1.99085790e-05 -4.70646350e-168 
 1.99185790e-05  0.00000000e+00  1.99185790e-05  3.13764234e-168 
 1.99285790e-05  0.00000000e+00  1.99285790e-05 -2.09176156e-168 
 1.99385790e-05  0.00000000e+00  1.99385790e-05  1.39450771e-168 
 1.99485790e-05  0.00000000e+00  1.99485790e-05 -9.29671803e-169 
 1.99585790e-05  0.00000000e+00  1.99585790e-05  6.19781202e-169 
 1.99685790e-05  0.00000000e+00  1.99685790e-05 -4.13187468e-169 
 1.99785790e-05  0.00000000e+00  1.99785790e-05  2.75458312e-169 
 1.99885790e-05  0.00000000e+00  1.99885790e-05 -1.83638875e-169 
 1.99942895e-05  0.00000000e+00  1.99942895e-05  8.83716883e-170 
 2.00000000e-05  0.00000000e+00  2.00000000e-05 -4.25266998e-170 
