 0.00000000e+00  0.00000000e+00  0.00000000e+00  0.00000000e+00 
 1.00000000e-13  0.00000000e+00  1.00000000e-13  0.00000000e+00 
 2.00000000e-13  0.00000000e+00  2.00000000e-13  0.00000000e+00 
 4.00000000e-13  0.00000000e+00  4.00000000e-13  0.00000000e+00 
 8.00000000e-13  0.00000000e+00  8.00000000e-13  0.00000000e+00 
 1.60000000e-12  0.00000000e+00  1.60000000e-12  0.00000000e+00 
 3.20000000e-12  0.00000000e+00  3.20000000e-12  0.00000000e+00 
 6.40000000e-12  0.00000000e+00  6.40000000e-12  0.00000000e+00 
 1.28000000e-11  0.00000000e+00  1.28000000e-11  0.00000000e+00 
 2.28000000e-11  0.00000000e+00  2.28000000e-11  0.00000000e+00 
 3.28000000e-11  0.00000000e+00  3.28000000e-11  0.00000000e+00 
 4.28000000e-11  0.00000000e+00  4.28000000e-11  0.00000000e+00 
 5.28000000e-11  0.00000000e+00  5.28000000e-11  0.00000000e+00 
 6.28000000e-11  0.00000000e+00  6.28000000e-11  0.00000000e+00 
 7.28000000e-11  0.00000000e+00  7.28000000e-11  0.00000000e+00 
 8.28000000e-11  0.00000000e+00  8.28000000e-11  0.00000000e+00 
 9.28000000e-11  0.00000000e+00  9.28000000e-11  0.00000000e+00 
 1.02800000e-10  0.00000000e+00  1.02800000e-10  0.00000000e+00 
 1.12800000e-10  0.00000000e+00  1.12800000e-10  0.00000000e+00 
 1.22800000e-10  0.00000000e+00  1.22800000e-10  0.00000000e+00 
 1.32800000e-10  0.00000000e+00  1.32800000e-10  0.00000000e+00 
 1.42800000e-10  0.00000000e+00  1.42800000e-10  0.00000000e+00 
 1.52800000e-10  0.00000000e+00  1.52800000e-10  0.00000000e+00 
 1.62800000e-10  0.00000000e+00  1.62800000e-10  0.00000000e+00 
 1.72800000e-10  0.00000000e+00  1.72800000e-10  0.00000000e+00 
 1.82800000e-10  0.00000000e+00  1.82800000e-10  0.00000000e+00 
 1.92800000e-10  0.00000000e+00  1.92800000e-10  0.00000000e+00 
 2.02800000e-10  0.00000000e+00  2.02800000e-10  0.00000000e+00 
 2.12800000e-10  0.00000000e+00  2.12800000e-10  0.00000000e+00 
 2.22800000e-10  0.00000000e+00  2.22800000e-10  0.00000000e+00 
 2.32800000e-10  0.00000000e+00  2.32800000e-10  0.00000000e+00 
 2.42800000e-10  0.00000000e+00  2.42800000e-10  0.00000000e+00 
 2.52800000e-10  0.00000000e+00  2.52800000e-10  0.00000000e+00 
 2.62800000e-10  0.00000000e+00  2.62800000e-10  0.00000000e+00 
 2.72800000e-10  0.00000000e+00  2.72800000e-10  0.00000000e+00 
 2.82800000e-10  0.00000000e+00  2.82800000e-10  0.00000000e+00 
 2.92800000e-10  0.00000000e+00  2.92800000e-10  0.00000000e+00 
 3.02800000e-10  0.00000000e+00  3.02800000e-10  0.00000000e+00 
 3.12800000e-10  0.00000000e+00  3.12800000e-10  0.00000000e+00 
 3.22800000e-10  0.00000000e+00  3.22800000e-10  0.00000000e+00 
 3.32800000e-10  0.00000000e+00  3.32800000e-10  0.00000000e+00 
 3.42800000e-10  0.00000000e+00  3.42800000e-10  0.00000000e+00 
 3.52800000e-10  0.00000000e+00  3.52800000e-10  0.00000000e+00 
 3.62800000e-10  0.00000000e+00  3.62800000e-10  0.00000000e+00 
 3.72800000e-10  0.00000000e+00  3.72800000e-10  0.00000000e+00 
 3.82800000e-10  0.00000000e+00  3.82800000e-10  0.00000000e+00 
 3.92800000e-10  0.00000000e+00  3.92800000e-10  0.00000000e+00 
 4.02800000e-10  0.00000000e+00  4.02800000e-10  0.00000000e+00 
 4.12800000e-10  0.00000000e+00  4.12800000e-10  0.00000000e+00 
 4.22800000e-10  0.00000000e+00  4.22800000e-10  0.00000000e+00 
 4.32800000e-10  0.00000000e+00  4.32800000e-10  0.00000000e+00 
 4.42800000e-10  0.00000000e+00  4.42800000e-10  0.00000000e+00 
 4.52800000e-10  0.00000000e+00  4.52800000e-10  0.00000000e+00 
 4.62800000e-10  0.00000000e+00  4.62800000e-10  0.00000000e+00 
 4.72800000e-10  0.00000000e+00  4.72800000e-10  0.00000000e+00 
 4.82800000e-10  0.00000000e+00  4.82800000e-10  0.00000000e+00 
 4.92800000e-10  0.00000000e+00  4.92800000e-10  0.00000000e+00 
 5.02800000e-10  0.00000000e+00  5.02800000e-10  0.00000000e+00 
 5.12800000e-10  0.00000000e+00  5.12800000e-10  0.00000000e+00 
 5.22800000e-10  0.00000000e+00  5.22800000e-10  0.00000000e+00 
 5.32800000e-10  0.00000000e+00  5.32800000e-10  0.00000000e+00 
 5.42800000e-10  0.00000000e+00  5.42800000e-10  0.00000000e+00 
 5.52800000e-10  0.00000000e+00  5.52800000e-10  0.00000000e+00 
 5.62800000e-10  0.00000000e+00  5.62800000e-10  0.00000000e+00 
 5.72800000e-10  0.00000000e+00  5.72800000e-10  0.00000000e+00 
 5.82800000e-10  0.00000000e+00  5.82800000e-10  0.00000000e+00 
 5.92800000e-10  0.00000000e+00  5.92800000e-10  0.00000000e+00 
 6.02800000e-10  0.00000000e+00  6.02800000e-10  0.00000000e+00 
 6.12800000e-10  0.00000000e+00  6.12800000e-10  0.00000000e+00 
 6.22800000e-10  0.00000000e+00  6.22800000e-10  0.00000000e+00 
 6.32800000e-10  0.00000000e+00  6.32800000e-10  0.00000000e+00 
 6.42800000e-10  0.00000000e+00  6.42800000e-10  0.00000000e+00 
 6.52800000e-10  0.00000000e+00  6.52800000e-10  0.00000000e+00 
 6.62800000e-10  0.00000000e+00  6.62800000e-10  0.00000000e+00 
 6.72800000e-10  0.00000000e+00  6.72800000e-10  0.00000000e+00 
 6.82800000e-10  0.00000000e+00  6.82800000e-10  0.00000000e+00 
 6.92800000e-10  0.00000000e+00  6.92800000e-10  0.00000000e+00 
 7.02800000e-10  0.00000000e+00  7.02800000e-10  0.00000000e+00 
 7.12800000e-10  0.00000000e+00  7.12800000e-10  0.00000000e+00 
 7.22800000e-10  0.00000000e+00  7.22800000e-10  0.00000000e+00 
 7.32800000e-10  0.00000000e+00  7.32800000e-10  0.00000000e+00 
 7.42800000e-10  0.00000000e+00  7.42800000e-10  0.00000000e+00 
 7.52800000e-10  0.00000000e+00  7.52800000e-10  0.00000000e+00 
 7.62800000e-10  0.00000000e+00  7.62800000e-10  0.00000000e+00 
 7.72800000e-10  0.00000000e+00  7.72800000e-10  0.00000000e+00 
 7.82800000e-10  0.00000000e+00  7.82800000e-10  0.00000000e+00 
 7.92800000e-10  0.00000000e+00  7.92800000e-10  0.00000000e+00 
 8.02800000e-10  0.00000000e+00  8.02800000e-10  0.00000000e+00 
 8.12800000e-10  0.00000000e+00  8.12800000e-10  0.00000000e+00 
 8.22800000e-10  0.00000000e+00  8.22800000e-10  0.00000000e+00 
 8.32800000e-10  0.00000000e+00  8.32800000e-10  0.00000000e+00 
 8.42800000e-10  0.00000000e+00  8.42800000e-10  0.00000000e+00 
 8.52800000e-10  0.00000000e+00  8.52800000e-10  0.00000000e+00 
 8.62800000e-10  0.00000000e+00  8.62800000e-10  0.00000000e+00 
 8.72800000e-10  0.00000000e+00  8.72800000e-10  0.00000000e+00 
 8.82800000e-10  0.00000000e+00  8.82800000e-10  0.00000000e+00 
 8.92800000e-10  0.00000000e+00  8.92800000e-10  0.00000000e+00 
 9.02800000e-10  0.00000000e+00  9.02800000e-10  0.00000000e+00 
 9.12800000e-10  0.00000000e+00  9.12800000e-10  0.00000000e+00 
 9.22800000e-10  0.00000000e+00  9.22800000e-10  0.00000000e+00 
 9.32800000e-10  0.00000000e+00  9.32800000e-10  0.00000000e+00 
 9.42800000e-10  0.00000000e+00  9.42800000e-10  0.00000000e+00 
 9.52800000e-10  0.00000000e+00  9.52800000e-10  0.00000000e+00 
 9.62800000e-10  0.00000000e+00  9.62800000e-10  0.00000000e+00 
 9.72800000e-10  0.00000000e+00  9.72800000e-10  0.00000000e+00 
 9.82800000e-10  0.00000000e+00  9.82800000e-10  0.00000000e+00 
 9.92800000e-10  0.00000000e+00  9.92800000e-10  0.00000000e+00 
 1.00280000e-09  0.00000000e+00  1.00280000e-09  0.00000000e+00 
 1.01280000e-09  0.00000000e+00  1.01280000e-09  0.00000000e+00 
 1.02280000e-09  0.00000000e+00  1.02280000e-09  0.00000000e+00 
 1.03280000e-09  0.00000000e+00  1.03280000e-09  0.00000000e+00 
 1.04280000e-09  0.00000000e+00  1.04280000e-09  0.00000000e+00 
 1.05280000e-09  0.00000000e+00  1.05280000e-09  0.00000000e+00 
 1.06280000e-09  0.00000000e+00  1.06280000e-09  0.00000000e+00 
 1.07280000e-09  0.00000000e+00  1.07280000e-09  0.00000000e+00 
 1.08280000e-09  0.00000000e+00  1.08280000e-09  0.00000000e+00 
 1.09280000e-09  0.00000000e+00  1.09280000e-09  0.00000000e+00 
 1.10280000e-09  0.00000000e+00  1.10280000e-09  0.00000000e+00 
 1.11280000e-09  0.00000000e+00  1.11280000e-09  0.00000000e+00 
 1.12280000e-09  0.00000000e+00  1.12280000e-09  0.00000000e+00 
 1.13280000e-09  0.00000000e+00  1.13280000e-09  0.00000000e+00 
 1.14280000e-09  0.00000000e+00  1.14280000e-09  0.00000000e+00 
 1.15280000e-09  0.00000000e+00  1.15280000e-09  0.00000000e+00 
 1.16280000e-09  0.00000000e+00  1.16280000e-09  0.00000000e+00 
 1.17280000e-09  0.00000000e+00  1.17280000e-09  0.00000000e+00 
 1.18280000e-09  0.00000000e+00  1.18280000e-09  0.00000000e+00 
 1.19280000e-09  0.00000000e+00  1.19280000e-09  0.00000000e+00 
 1.20280000e-09  0.00000000e+00  1.20280000e-09  0.00000000e+00 
 1.21280000e-09  0.00000000e+00  1.21280000e-09  0.00000000e+00 
 1.22280000e-09  0.00000000e+00  1.22280000e-09  0.00000000e+00 
 1.23280000e-09  0.00000000e+00  1.23280000e-09  0.00000000e+00 
 1.24280000e-09  0.00000000e+00  1.24280000e-09  0.00000000e+00 
 1.25280000e-09  0.00000000e+00  1.25280000e-09  0.00000000e+00 
 1.26280000e-09  0.00000000e+00  1.26280000e-09  0.00000000e+00 
 1.27280000e-09  0.00000000e+00  1.27280000e-09  0.00000000e+00 
 1.28280000e-09  0.00000000e+00  1.28280000e-09  0.00000000e+00 
 1.29280000e-09  0.00000000e+00  1.29280000e-09  0.00000000e+00 
 1.30280000e-09  0.00000000e+00  1.30280000e-09  0.00000000e+00 
 1.31280000e-09  0.00000000e+00  1.31280000e-09  0.00000000e+00 
 1.32280000e-09  0.00000000e+00  1.32280000e-09  0.00000000e+00 
 1.33280000e-09  0.00000000e+00  1.33280000e-09  0.00000000e+00 
 1.34280000e-09  0.00000000e+00  1.34280000e-09  0.00000000e+00 
 1.35280000e-09  0.00000000e+00  1.35280000e-09  0.00000000e+00 
 1.36280000e-09  0.00000000e+00  1.36280000e-09  0.00000000e+00 
 1.37280000e-09  0.00000000e+00  1.37280000e-09  0.00000000e+00 
 1.38280000e-09  0.00000000e+00  1.38280000e-09  0.00000000e+00 
 1.39280000e-09  0.00000000e+00  1.39280000e-09  0.00000000e+00 
 1.40280000e-09  0.00000000e+00  1.40280000e-09  0.00000000e+00 
 1.41280000e-09  0.00000000e+00  1.41280000e-09  0.00000000e+00 
 1.42280000e-09  0.00000000e+00  1.42280000e-09  0.00000000e+00 
 1.43280000e-09  0.00000000e+00  1.43280000e-09  0.00000000e+00 
 1.44280000e-09  0.00000000e+00  1.44280000e-09  0.00000000e+00 
 1.45280000e-09  0.00000000e+00  1.45280000e-09  0.00000000e+00 
 1.46280000e-09  0.00000000e+00  1.46280000e-09  0.00000000e+00 
 1.47280000e-09  0.00000000e+00  1.47280000e-09  0.00000000e+00 
 1.48280000e-09  0.00000000e+00  1.48280000e-09  0.00000000e+00 
 1.49280000e-09  0.00000000e+00  1.49280000e-09  0.00000000e+00 
 1.50280000e-09  0.00000000e+00  1.50280000e-09  0.00000000e+00 
 1.51280000e-09  0.00000000e+00  1.51280000e-09  0.00000000e+00 
 1.52280000e-09  0.00000000e+00  1.52280000e-09  0.00000000e+00 
 1.53280000e-09  0.00000000e+00  1.53280000e-09  0.00000000e+00 
 1.54280000e-09  0.00000000e+00  1.54280000e-09  0.00000000e+00 
 1.55280000e-09  0.00000000e+00  1.55280000e-09  0.00000000e+00 
 1.56280000e-09  0.00000000e+00  1.56280000e-09  0.00000000e+00 
 1.57280000e-09  0.00000000e+00  1.57280000e-09  0.00000000e+00 
 1.58280000e-09  0.00000000e+00  1.58280000e-09  0.00000000e+00 
 1.59280000e-09  0.00000000e+00  1.59280000e-09  0.00000000e+00 
 1.60280000e-09  0.00000000e+00  1.60280000e-09  0.00000000e+00 
 1.61280000e-09  0.00000000e+00  1.61280000e-09  0.00000000e+00 
 1.62280000e-09  0.00000000e+00  1.62280000e-09  0.00000000e+00 
 1.63280000e-09  0.00000000e+00  1.63280000e-09  0.00000000e+00 
 1.64280000e-09  0.00000000e+00  1.64280000e-09  0.00000000e+00 
 1.65280000e-09  0.00000000e+00  1.65280000e-09  0.00000000e+00 
 1.66280000e-09  0.00000000e+00  1.66280000e-09  0.00000000e+00 
 1.67280000e-09  0.00000000e+00  1.67280000e-09  0.00000000e+00 
 1.68280000e-09  0.00000000e+00  1.68280000e-09  0.00000000e+00 
 1.69280000e-09  0.00000000e+00  1.69280000e-09  0.00000000e+00 
 1.70280000e-09  0.00000000e+00  1.70280000e-09  0.00000000e+00 
 1.71280000e-09  0.00000000e+00  1.71280000e-09  0.00000000e+00 
 1.72280000e-09  0.00000000e+00  1.72280000e-09  0.00000000e+00 
 1.73280000e-09  0.00000000e+00  1.73280000e-09  0.00000000e+00 
 1.74280000e-09  0.00000000e+00  1.74280000e-09  0.00000000e+00 
 1.75280000e-09  0.00000000e+00  1.75280000e-09  0.00000000e+00 
 1.76280000e-09  0.00000000e+00  1.76280000e-09  0.00000000e+00 
 1.77280000e-09  0.00000000e+00  1.77280000e-09  0.00000000e+00 
 1.78280000e-09  0.00000000e+00  1.78280000e-09  0.00000000e+00 
 1.79280000e-09  0.00000000e+00  1.79280000e-09  0.00000000e+00 
 1.80280000e-09  0.00000000e+00  1.80280000e-09  0.00000000e+00 
 1.81280000e-09  0.00000000e+00  1.81280000e-09  0.00000000e+00 
 1.82280000e-09  0.00000000e+00  1.82280000e-09  0.00000000e+00 
 1.83280000e-09  0.00000000e+00  1.83280000e-09  0.00000000e+00 
 1.84280000e-09  0.00000000e+00  1.84280000e-09  0.00000000e+00 
 1.85280000e-09  0.00000000e+00  1.85280000e-09  0.00000000e+00 
 1.86280000e-09  0.00000000e+00  1.86280000e-09  0.00000000e+00 
 1.87280000e-09  0.00000000e+00  1.87280000e-09  0.00000000e+00 
 1.88280000e-09  0.00000000e+00  1.88280000e-09  0.00000000e+00 
 1.89280000e-09  0.00000000e+00  1.89280000e-09  0.00000000e+00 
 1.90280000e-09  0.00000000e+00  1.90280000e-09  0.00000000e+00 
 1.91280000e-09  0.00000000e+00  1.91280000e-09  0.00000000e+00 
 1.92280000e-09  0.00000000e+00  1.92280000e-09  0.00000000e+00 
 1.93280000e-09  0.00000000e+00  1.93280000e-09  0.00000000e+00 
 1.94280000e-09  0.00000000e+00  1.94280000e-09  0.00000000e+00 
 1.95280000e-09  0.00000000e+00  1.95280000e-09  0.00000000e+00 
 1.96280000e-09  0.00000000e+00  1.96280000e-09  0.00000000e+00 
 1.97280000e-09  0.00000000e+00  1.97280000e-09  0.00000000e+00 
 1.98280000e-09  0.00000000e+00  1.98280000e-09  0.00000000e+00 
 1.99140000e-09  0.00000000e+00  1.99140000e-09  0.00000000e+00 
 2.00000000e-09  0.00000000e+00  2.00000000e-09  0.00000000e+00 
 2.00100000e-09  1.00000000e-02  2.00100000e-09  0.00000000e+00 
 2.00300000e-09  3.00000000e-02  2.00300000e-09  0.00000000e+00 
 2.00700000e-09  7.00000000e-02  2.00700000e-09  0.00000000e+00 
 2.01500000e-09  1.50000000e-01  2.01500000e-09  0.00000000e+00 
 2.02500000e-09  2.50000000e-01  2.02500000e-09  0.00000000e+00 
 2.03500000e-09  3.50000000e-01  2.03500000e-09  0.00000000e+00 
 2.04500000e-09  4.50000000e-01  2.04500000e-09  0.00000000e+00 
 2.05500000e-09  5.50000000e-01  2.05500000e-09  0.00000000e+00 
 2.06500000e-09  6.50000000e-01  2.06500000e-09  0.00000000e+00 
 2.07500000e-09  7.50000000e-01  2.07500000e-09  0.00000000e+00 
 2.08500000e-09  8.50000000e-01  2.08500000e-09  0.00000000e+00 
 2.09250000e-09  9.25000000e-01  2.09250000e-09  0.00000000e+00 
 2.10000000e-09  1.00000000e+00  2.10000000e-09  0.00000000e+00 
 2.10100000e-09  1.00000000e+00  2.10100000e-09  0.00000000e+00 
 2.10300000e-09  1.00000000e+00  2.10300000e-09  0.00000000e+00 
 2.10700000e-09  1.00000000e+00  2.10700000e-09  0.00000000e+00 
 2.11500000e-09  1.00000000e+00  2.11500000e-09  0.00000000e+00 
 2.12500000e-09  1.00000000e+00  2.12500000e-09  0.00000000e+00 
 2.13500000e-09  1.00000000e+00  2.13500000e-09  0.00000000e+00 
 2.14500000e-09  1.00000000e+00  2.14500000e-09  0.00000000e+00 
 2.15500000e-09  1.00000000e+00  2.15500000e-09  0.00000000e+00 
 2.16500000e-09  1.00000000e+00  2.16500000e-09  0.00000000e+00 
 2.17500000e-09  1.00000000e+00  2.17500000e-09  0.00000000e+00 
 2.18500000e-09  1.00000000e+00  2.18500000e-09  0.00000000e+00 
 2.19500000e-09  1.00000000e+00  2.19500000e-09  0.00000000e+00 
 2.20500000e-09  1.00000000e+00  2.20500000e-09  0.00000000e+00 
 2.21500000e-09  1.00000000e+00  2.21500000e-09  0.00000000e+00 
 2.22500000e-09  1.00000000e+00  2.22500000e-09  0.00000000e+00 
 2.23500000e-09  1.00000000e+00  2.23500000e-09  0.00000000e+00 
 2.24500000e-09  1.00000000e+00  2.24500000e-09  0.00000000e+00 
 2.25500000e-09  1.00000000e+00  2.25500000e-09  0.00000000e+00 
 2.26500000e-09  1.00000000e+00  2.26500000e-09  0.00000000e+00 
 2.27500000e-09  1.00000000e+00  2.27500000e-09  0.00000000e+00 
 2.28500000e-09  1.00000000e+00  2.28500000e-09  0.00000000e+00 
 2.29500000e-09  1.00000000e+00  2.29500000e-09  0.00000000e+00 
 2.30500000e-09  1.00000000e+00  2.30500000e-09  0.00000000e+00 
 2.31500000e-09  1.00000000e+00  2.31500000e-09  0.00000000e+00 
 2.32500000e-09  1.00000000e+00  2.32500000e-09  0.00000000e+00 
 2.33500000e-09  1.00000000e+00  2.33500000e-09  0.00000000e+00 
 2.34500000e-09  1.00000000e+00  2.34500000e-09  0.00000000e+00 
 2.35500000e-09  1.00000000e+00  2.35500000e-09  0.00000000e+00 
 2.36500000e-09  1.00000000e+00  2.36500000e-09  0.00000000e+00 
 2.37500000e-09  1.00000000e+00  2.37500000e-09  0.00000000e+00 
 2.38500000e-09  1.00000000e+00  2.38500000e-09  0.00000000e+00 
 2.39500000e-09  1.00000000e+00  2.39500000e-09  0.00000000e+00 
 2.40500000e-09  1.00000000e+00  2.40500000e-09  0.00000000e+00 
 2.41500000e-09  1.00000000e+00  2.41500000e-09  0.00000000e+00 
 2.42500000e-09  1.00000000e+00  2.42500000e-09  0.00000000e+00 
 2.43500000e-09  1.00000000e+00  2.43500000e-09  0.00000000e+00 
 2.44500000e-09  1.00000000e+00  2.44500000e-09  0.00000000e+00 
 2.45500000e-09  1.00000000e+00  2.45500000e-09  0.00000000e+00 
 2.46500000e-09  1.00000000e+00  2.46500000e-09  0.00000000e+00 
 2.47500000e-09  1.00000000e+00  2.47500000e-09  0.00000000e+00 
 2.48500000e-09  1.00000000e+00  2.48500000e-09  0.00000000e+00 
 2.49500000e-09  1.00000000e+00  2.49500000e-09  0.00000000e+00 
 2.50500000e-09  1.00000000e+00  2.50500000e-09  0.00000000e+00 
 2.51500000e-09  1.00000000e+00  2.51500000e-09  0.00000000e+00 
 2.52500000e-09  1.00000000e+00  2.52500000e-09  0.00000000e+00 
 2.53500000e-09  1.00000000e+00  2.53500000e-09  0.00000000e+00 
 2.54500000e-09  1.00000000e+00  2.54500000e-09  0.00000000e+00 
 2.55500000e-09  1.00000000e+00  2.55500000e-09  0.00000000e+00 
 2.56500000e-09  1.00000000e+00  2.56500000e-09  0.00000000e+00 
 2.57500000e-09  1.00000000e+00  2.57500000e-09  0.00000000e+00 
 2.58500000e-09  1.00000000e+00  2.58500000e-09  0.00000000e+00 
 2.59500000e-09  1.00000000e+00  2.59500000e-09  0.00000000e+00 
 2.60500000e-09  1.00000000e+00  2.60500000e-09  0.00000000e+00 
 2.61500000e-09  1.00000000e+00  2.61500000e-09  0.00000000e+00 
 2.62500000e-09  1.00000000e+00  2.62500000e-09  0.00000000e+00 
 2.63500000e-09  1.00000000e+00  2.63500000e-09  0.00000000e+00 
 2.64500000e-09  1.00000000e+00  2.64500000e-09  0.00000000e+00 
 2.65500000e-09  1.00000000e+00  2.65500000e-09  0.00000000e+00 
 2.66500000e-09  1.00000000e+00  2.66500000e-09  0.00000000e+00 
 2.67500000e-09  1.00000000e+00  2.67500000e-09  0.00000000e+00 
 2.68500000e-09  1.00000000e+00  2.68500000e-09  0.00000000e+00 
 2.69500000e-09  1.00000000e+00  2.69500000e-09  0.00000000e+00 
 2.70500000e-09  1.00000000e+00  2.70500000e-09  0.00000000e+00 
 2.71500000e-09  1.00000000e+00  2.71500000e-09  0.00000000e+00 
 2.72500000e-09  1.00000000e+00  2.72500000e-09  0.00000000e+00 
 2.73500000e-09  1.00000000e+00  2.73500000e-09  0.00000000e+00 
 2.74500000e-09  1.00000000e+00  2.74500000e-09  0.00000000e+00 
 2.75500000e-09  1.00000000e+00  2.75500000e-09  0.00000000e+00 
 2.76500000e-09  1.00000000e+00  2.76500000e-09  0.00000000e+00 
 2.77500000e-09  1.00000000e+00  2.77500000e-09  0.00000000e+00 
 2.78500000e-09  1.00000000e+00  2.78500000e-09  0.00000000e+00 
 2.79500000e-09  1.00000000e+00  2.79500000e-09  0.00000000e+00 
 2.80500000e-09  1.00000000e+00  2.80500000e-09  0.00000000e+00 
 2.81500000e-09  1.00000000e+00  2.81500000e-09  0.00000000e+00 
 2.82500000e-09  1.00000000e+00  2.82500000e-09  0.00000000e+00 
 2.83500000e-09  1.00000000e+00  2.83500000e-09  0.00000000e+00 
 2.84500000e-09  1.00000000e+00  2.84500000e-09  0.00000000e+00 
 2.85500000e-09  1.00000000e+00  2.85500000e-09  0.00000000e+00 
 2.86500000e-09  1.00000000e+00  2.86500000e-09  0.00000000e+00 
 2.87500000e-09  1.00000000e+00  2.87500000e-09  0.00000000e+00 
 2.88500000e-09  1.00000000e+00  2.88500000e-09  0.00000000e+00 
 2.89500000e-09  1.00000000e+00  2.89500000e-09  0.00000000e+00 
 2.90500000e-09  1.00000000e+00  2.90500000e-09  0.00000000e+00 
 2.91500000e-09  1.00000000e+00  2.91500000e-09  0.00000000e+00 
 2.92500000e-09  1.00000000e+00  2.92500000e-09  0.00000000e+00 
 2.93500000e-09  1.00000000e+00  2.93500000e-09  0.00000000e+00 
 2.94500000e-09  1.00000000e+00  2.94500000e-09  0.00000000e+00 
 2.95500000e-09  1.00000000e+00  2.95500000e-09  0.00000000e+00 
 2.96500000e-09  1.00000000e+00  2.96500000e-09  0.00000000e+00 
 2.97500000e-09  1.00000000e+00  2.97500000e-09  0.00000000e+00 
 2.98500000e-09  1.00000000e+00  2.98500000e-09  0.00000000e+00 
 2.99500000e-09  1.00000000e+00  2.99500000e-09  0.00000000e+00 
 3.00500000e-09  1.00000000e+00  3.00500000e-09  0.00000000e+00 
 3.01500000e-09  1.00000000e+00  3.01500000e-09  0.00000000e+00 
 3.02500000e-09  1.00000000e+00  3.02500000e-09  0.00000000e+00 
 3.03500000e-09  1.00000000e+00  3.03500000e-09  0.00000000e+00 
 3.04500000e-09  1.00000000e+00  3.04500000e-09  7.61335390e-15 
 3.05500000e-09  1.00000000e+00  3.05500000e-09  2.50000000e-03 
 3.06500000e-09  1.00000000e+00  3.06500000e-09  7.50000000e-03 
 3.07500000e-09  1.00000000e+00  3.07500000e-09  1.25000000e-02 
 3.08500000e-09  1.00000000e+00  3.08500000e-09  1.75000000e-02 
 3.09500000e-09  1.00000000e+00  3.09500000e-09  2.25000000e-02 
 3.10500000e-09  1.00000000e+00  3.10500000e-09  2.75000000e-02 
 3.11500000e-09  1.00000000e+00  3.11500000e-09  3.25000000e-02 
 3.12500000e-09  1.00000000e+00  3.12500000e-09  3.75000000e-02 
 3.13500000e-09  1.00000000e+00  3.13500000e-09  4.25000000e-02 
 3.14500000e-09  1.00000000e+00  3.14500000e-09  4.75000000e-02 
 3.15500000e-09  1.00000000e+00  3.15500000e-09  5.25000000e-02 
 3.16500000e-09  1.00000000e+00  3.16500000e-09  5.75000000e-02 
 3.17500000e-09  1.00000000e+00  3.17500000e-09  6.25000000e-02 
 3.18500000e-09  1.00000000e+00  3.18500000e-09  6.75000000e-02 
 3.19500000e-09  1.00000000e+00  3.19500000e-09  7.25000000e-02 
 3.20500000e-09  1.00000000e+00  3.20500000e-09  7.75000000e-02 
 3.21500000e-09  1.00000000e+00  3.21500000e-09  8.25000000e-02 
 3.22500000e-09  1.00000000e+00  3.22500000e-09  8.75000000e-02 
 3.23500000e-09  1.00000000e+00  3.23500000e-09  9.25000000e-02 
 3.24500000e-09  1.00000000e+00  3.24500000e-09  9.75000000e-02 
 3.25500000e-09  1.00000000e+00  3.25500000e-09  1.02500000e-01 
 3.26500000e-09  1.00000000e+00  3.26500000e-09  1.07500000e-01 
 3.27500000e-09  1.00000000e+00  3.27500000e-09  1.12500000e-01 
 3.28500000e-09  1.00000000e+00  3.28500000e-09  1.17500000e-01 
 3.29500000e-09  1.00000000e+00  3.29500000e-09  1.22500000e-01 
 3.30500000e-09  1.00000000e+00  3.30500000e-09  1.27500000e-01 
 3.31500000e-09  1.00000000e+00  3.31500000e-09  1.32500000e-01 
 3.32500000e-09  1.00000000e+00  3.32500000e-09  1.37500000e-01 
 3.33500000e-09  1.00000000e+00  3.33500000e-09  1.42500000e-01 
 3.34500000e-09  1.00000000e+00  3.34500000e-09  1.47500000e-01 
 3.35500000e-09  1.00000000e+00  3.35500000e-09  1.52500000e-01 
 3.36500000e-09  1.00000000e+00  3.36500000e-09  1.57500000e-01 
 3.37500000e-09  1.00000000e+00  3.37500000e-09  1.62500000e-01 
 3.38500000e-09  1.00000000e+00  3.38500000e-09  1.67500000e-01 
 3.39500000e-09  1.00000000e+00  3.39500000e-09  1.72500000e-01 
 3.40500000e-09  1.00000000e+00  3.40500000e-09  1.77500000e-01 
 3.41500000e-09  1.00000000e+00  3.41500000e-09  1.82500000e-01 
 3.42500000e-09  1.00000000e+00  3.42500000e-09  1.87500000e-01 
 3.43500000e-09  1.00000000e+00  3.43500000e-09  1.92500000e-01 
 3.44500000e-09  1.00000000e+00  3.44500000e-09  1.97500000e-01 
 3.45500000e-09  1.00000000e+00  3.45500000e-09  2.02500000e-01 
 3.46500000e-09  1.00000000e+00  3.46500000e-09  2.07500000e-01 
 3.47500000e-09  1.00000000e+00  3.47500000e-09  2.12500000e-01 
 3.48500000e-09  1.00000000e+00  3.48500000e-09  2.17500000e-01 
 3.49500000e-09  1.00000000e+00  3.49500000e-09  2.22500000e-01 
 3.50500000e-09  1.00000000e+00  3.50500000e-09  2.27500000e-01 
 3.51500000e-09  1.00000000e+00  3.51500000e-09  2.32500000e-01 
 3.52500000e-09  1.00000000e+00  3.52500000e-09  2.37500000e-01 
 3.53500000e-09  1.00000000e+00  3.53500000e-09  2.42500000e-01 
 3.54500000e-09  1.00000000e+00  3.54500000e-09  2.47500000e-01 
 3.55500000e-09  1.00000000e+00  3.55500000e-09  2.52500000e-01 
 3.56500000e-09  1.00000000e+00  3.56500000e-09  2.57500000e-01 
 3.57500000e-09  1.00000000e+00  3.57500000e-09  2.62500000e-01 
 3.58500000e-09  1.00000000e+00  3.58500000e-09  2.67500000e-01 
 3.59500000e-09  1.00000000e+00  3.59500000e-09  2.72500000e-01 
 3.60500000e-09  1.00000000e+00  3.60500000e-09  2.77500000e-01 
 3.61500000e-09  1.00000000e+00  3.61500000e-09  2.82500000e-01 
 3.62500000e-09  1.00000000e+00  3.62500000e-09  2.87500000e-01 
 3.63500000e-09  1.00000000e+00  3.63500000e-09  2.92500000e-01 
 3.64500000e-09  1.00000000e+00  3.64500000e-09  2.97500000e-01 
 3.65500000e-09  1.00000000e+00  3.65500000e-09  3.02500000e-01 
 3.66500000e-09  1.00000000e+00  3.66500000e-09  3.07500000e-01 
 3.67500000e-09  1.00000000e+00  3.67500000e-09  3.12500000e-01 
 3.68500000e-09  1.00000000e+00  3.68500000e-09  3.17500000e-01 
 3.69500000e-09  1.00000000e+00  3.69500000e-09  3.22500000e-01 
 3.70500000e-09  1.00000000e+00  3.70500000e-09  3.27500000e-01 
 3.71500000e-09  1.00000000e+00  3.71500000e-09  3.32500000e-01 
 3.72500000e-09  1.00000000e+00  3.72500000e-09  3.37500000e-01 
 3.73500000e-09  1.00000000e+00  3.73500000e-09  3.42500000e-01 
 3.74500000e-09  1.00000000e+00  3.74500000e-09  3.47500000e-01 
 3.75500000e-09  1.00000000e+00  3.75500000e-09  3.52500000e-01 
 3.76500000e-09  1.00000000e+00  3.76500000e-09  3.57500000e-01 
 3.77500000e-09  1.00000000e+00  3.77500000e-09  3.62500000e-01 
 3.78500000e-09  1.00000000e+00  3.78500000e-09  3.67500000e-01 
 3.79500000e-09  1.00000000e+00  3.79500000e-09  3.72500000e-01 
 3.80500000e-09  1.00000000e+00  3.80500000e-09  3.77500000e-01 
 3.81500000e-09  1.00000000e+00  3.81500000e-09  3.82500000e-01 
 3.82500000e-09  1.00000000e+00  3.82500000e-09  3.87500000e-01 
 3.83500000e-09  1.00000000e+00  3.83500000e-09  3.92500000e-01 
 3.84500000e-09  1.00000000e+00  3.84500000e-09  3.97500000e-01 
 3.85500000e-09  1.00000000e+00  3.85500000e-09  4.02500000e-01 
 3.86500000e-09  1.00000000e+00  3.86500000e-09  4.07500000e-01 
 3.87500000e-09  1.00000000e+00  3.87500000e-09  4.12500000e-01 
 3.88500000e-09  1.00000000e+00  3.88500000e-09  4.17500000e-01 
 3.89500000e-09  1.00000000e+00  3.89500000e-09  4.22500000e-01 
 3.90500000e-09  1.00000000e+00  3.90500000e-09  4.27500000e-01 
 3.91500000e-09  1.00000000e+00  3.91500000e-09  4.32500000e-01 
 3.92500000e-09  1.00000000e+00  3.92500000e-09  4.37500000e-01 
 3.93500000e-09  1.00000000e+00  3.93500000e-09  4.42500000e-01 
 3.94500000e-09  1.00000000e+00  3.94500000e-09  4.47500000e-01 
 3.95500000e-09  1.00000000e+00  3.95500000e-09  4.52500000e-01 
 3.96500000e-09  1.00000000e+00  3.96500000e-09  4.57500000e-01 
 3.97500000e-09  1.00000000e+00  3.97500000e-09  4.62500000e-01 
 3.98500000e-09  1.00000000e+00  3.98500000e-09  4.67500000e-01 
 3.99500000e-09  1.00000000e+00  3.99500000e-09  4.72500000e-01 
 4.00500000e-09  1.00000000e+00  4.00500000e-09  4.77500000e-01 
 4.01500000e-09  1.00000000e+00  4.01500000e-09  4.82500000e-01 
 4.02500000e-09  1.00000000e+00  4.02500000e-09  4.87500000e-01 
 4.03500000e-09  1.00000000e+00  4.03500000e-09  4.92500000e-01 
 4.04500000e-09  1.00000000e+00  4.04500000e-09  4.97500000e-01 
 4.05500000e-09  1.00000000e+00  4.05500000e-09  5.02500000e-01 
 4.06500000e-09  1.00000000e+00  4.06500000e-09  5.07462687e-01 
 4.07500000e-09  1.00000000e+00  4.07500000e-09  5.12363555e-01 
 4.08500000e-09  1.00000000e+00  4.08500000e-09  5.17215659e-01 
 4.09500000e-09  1.00000000e+00  4.09500000e-09  5.22019484e-01 
 4.10500000e-09  1.00000000e+00  4.10500000e-09  5.26775509e-01 
 4.11500000e-09  1.00000000e+00  4.11500000e-09  5.31484210e-01 
 4.12500000e-09  1.00000000e+00  4.12500000e-09  5.36146059e-01 
 4.13500000e-09  1.00000000e+00  4.13500000e-09  5.40761521e-01 
 4.14500000e-09  1.00000000e+00  4.14500000e-09  5.45331058e-01 
 4.15500000e-09  1.00000000e+00  4.15500000e-09  5.49855127e-01 
 4.16500000e-09  1.00000000e+00  4.16500000e-09  5.54334180e-01 
 4.17500000e-09  1.00000000e+00  4.17500000e-09  5.58768666e-01 
 4.18500000e-09  1.00000000e+00  4.18500000e-09  5.63159028e-01 
 4.19500000e-09  1.00000000e+00  4.19500000e-09  5.67505704e-01 
 4.20500000e-09  1.00000000e+00  4.20500000e-09  5.71809130e-01 
 4.21500000e-09  1.00000000e+00  4.21500000e-09  5.76069736e-01 
 4.22500000e-09  1.00000000e+00  4.22500000e-09  5.80287947e-01 
 4.23500000e-09  1.00000000e+00  4.23500000e-09  5.84464186e-01 
 4.24500000e-09  1.00000000e+00  4.24500000e-09  5.88598871e-01 
 4.25500000e-09  1.00000000e+00  4.25500000e-09  5.92692415e-01 
 4.26500000e-09  1.00000000e+00  4.26500000e-09  5.96745227e-01 
 4.27500000e-09  1.00000000e+00  4.27500000e-09  6.00757712e-01 
 4.28500000e-09  1.00000000e+00  4.28500000e-09  6.04730272e-01 
 4.29500000e-09  1.00000000e+00  4.29500000e-09  6.08663304e-01 
 4.30500000e-09  1.00000000e+00  4.30500000e-09  6.12557202e-01 
 4.31500000e-09  1.00000000e+00  4.31500000e-09  6.16412354e-01 
 4.32500000e-09  1.00000000e+00  4.32500000e-09  6.20229146e-01 
 4.33500000e-09  1.00000000e+00  4.33500000e-09  6.24007961e-01 
 4.34500000e-09  1.00000000e+00  4.34500000e-09  6.27749175e-01 
 4.35500000e-09  1.00000000e+00  4.35500000e-09  6.31453163e-01 
 4.36500000e-09  1.00000000e+00  4.36500000e-09  6.35120296e-01 
 4.37500000e-09  1.00000000e+00  4.37500000e-09  6.38750940e-01 
 4.38500000e-09  1.00000000e+00  4.38500000e-09  6.42345458e-01 
 4.39500000e-09  1.00000000e+00  4.39500000e-09  6.45904210e-01 
 4.40500000e-09  1.00000000e+00  4.40500000e-09  6.49427551e-01 
 4.41500000e-09  1.00000000e+00  4.41500000e-09  6.52915834e-01 
 4.42500000e-09  1.00000000e+00  4.42500000e-09  6.56369408e-01 
 4.43500000e-09  1.00000000e+00  4.43500000e-09  6.59788617e-01 
 4.44500000e-09  1.00000000e+00  4.44500000e-09  6.63173805e-01 
 4.45500000e-09  1.00000000e+00  4.45500000e-09  6.66525310e-01 
 4.46500000e-09  1.00000000e+00  4.46500000e-09  6.69843466e-01 
 4.47500000e-09  1.00000000e+00  4.47500000e-09  6.73128606e-01 
 4.48500000e-09  1.00000000e+00  4.48500000e-09  6.76381057e-01 
 4.49500000e-09  1.00000000e+00  4.49500000e-09  6.79601146e-01 
 4.50500000e-09  1.00000000e+00  4.50500000e-09  6.82789195e-01 
 4.51500000e-09  1.00000000e+00  4.51500000e-09  6.85945521e-01 
 4.52500000e-09  1.00000000e+00  4.52500000e-09  6.89070441e-01 
 4.53500000e-09  1.00000000e+00  4.53500000e-09  6.92164268e-01 
 4.54500000e-09  1.00000000e+00  4.54500000e-09  6.95227310e-01 
 4.55500000e-09  1.00000000e+00  4.55500000e-09  6.98259874e-01 
 4.56500000e-09  1.00000000e+00  4.56500000e-09  7.01262263e-01 
 4.57500000e-09  1.00000000e+00  4.57500000e-09  7.04234778e-01 
 4.58500000e-09  1.00000000e+00  4.58500000e-09  7.07177715e-01 
 4.59500000e-09  1.00000000e+00  4.59500000e-09  7.10091370e-01 
 4.60500000e-09  1.00000000e+00  4.60500000e-09  7.12976033e-01 
 4.61500000e-09  1.00000000e+00  4.61500000e-09  7.15831993e-01 
 4.62500000e-09  1.00000000e+00  4.62500000e-09  7.18659535e-01 
 4.63500000e-09  1.00000000e+00  4.63500000e-09  7.21458943e-01 
 4.64500000e-09  1.00000000e+00  4.64500000e-09  7.24230496e-01 
 4.65500000e-09  1.00000000e+00  4.65500000e-09  7.26974471e-01 
 4.66500000e-09  1.00000000e+00  4.66500000e-09  7.29691143e-01 
 4.67500000e-09  1.00000000e+00  4.67500000e-09  7.32380783e-01 
 4.68500000e-09  1.00000000e+00  4.68500000e-09  7.35043661e-01 
 4.69500000e-09  1.00000000e+00  4.69500000e-09  7.37680042e-01 
 4.70500000e-09  1.00000000e+00  4.70500000e-09  7.40290191e-01 
 4.71500000e-09  1.00000000e+00  4.71500000e-09  7.42874368e-01 
 4.72500000e-09  1.00000000e+00  4.72500000e-09  7.45432832e-01 
 4.73500000e-09  1.00000000e+00  4.73500000e-09  7.47965839e-01 
 4.74500000e-09  1.00000000e+00  4.74500000e-09  7.50473642e-01 
 4.75500000e-09  1.00000000e+00  4.75500000e-09  7.52956491e-01 
 4.76500000e-09  1.00000000e+00  4.76500000e-09  7.55414635e-01 
 4.77500000e-09  1.00000000e+00  4.77500000e-09  7.57848321e-01 
 4.78500000e-09  1.00000000e+00  4.78500000e-09  7.60257790e-01 
 4.79500000e-09  1.00000000e+00  4.79500000e-09  7.62643285e-01 
 4.80500000e-09  1.00000000e+00  4.80500000e-09  7.65005043e-01 
 4.81500000e-09  1.00000000e+00  4.81500000e-09  7.67343301e-01 
 4.82500000e-09  1.00000000e+00  4.82500000e-09  7.69658293e-01 
 4.83500000e-09  1.00000000e+00  4.83500000e-09  7.71950251e-01 
 4.84500000e-09  1.00000000e+00  4.84500000e-09  7.74219402e-01 
 4.85500000e-09  1.00000000e+00  4.85500000e-09  7.76465975e-01 
 4.86500000e-09  1.00000000e+00  4.86500000e-09  7.78690195e-01 
 4.87500000e-09  1.00000000e+00  4.87500000e-09  7.80892282e-01 
 4.88500000e-09  1.00000000e+00  4.88500000e-09  7.83072459e-01 
 4.89500000e-09  1.00000000e+00  4.89500000e-09  7.85230942e-01 
 4.90500000e-09  1.00000000e+00  4.90500000e-09  7.87367947e-01 
 4.91500000e-09  1.00000000e+00  4.91500000e-09  7.89483689e-01 
 4.92500000e-09  1.00000000e+00  4.92500000e-09  7.91578379e-01 
 4.93500000e-09  1.00000000e+00  4.93500000e-09  7.93652226e-01 
 4.94500000e-09  1.00000000e+00  4.94500000e-09  7.95705437e-01 
 4.95500000e-09  1.00000000e+00  4.95500000e-09  7.97738219e-01 
 4.96500000e-09  1.00000000e+00  4.96500000e-09  7.99750774e-01 
 4.97500000e-09  1.00000000e+00  4.97500000e-09  8.01743304e-01 
 4.98500000e-09  1.00000000e+00  4.98500000e-09  8.03716007e-01 
 4.99500000e-09  1.00000000e+00  4.99500000e-09  8.05669082e-01 
 5.00500000e-09  1.00000000e+00  5.00500000e-09  8.07602723e-01 
 5.01500000e-09  1.00000000e+00  5.01500000e-09  8.09517123e-01 
 5.02500000e-09  1.00000000e+00  5.02500000e-09  8.11412475e-01 
 5.03500000e-09  1.00000000e+00  5.03500000e-09  8.13288968e-01 
 5.04500000e-09  1.00000000e+00  5.04500000e-09  8.15146789e-01 
 5.05500000e-09  1.00000000e+00  5.05500000e-09  8.16986125e-01 
 5.06500000e-09  1.00000000e+00  5.06500000e-09  8.18807158e-01 
 5.07500000e-09  1.00000000e+00  5.07500000e-09  8.20610072e-01 
 5.08500000e-09  1.00000000e+00  5.08500000e-09  8.22395047e-01 
 5.09500000e-09  1.00000000e+00  5.09500000e-09  8.24162260e-01 
 5.10500000e-09  1.00000000e+00  5.10500000e-09  8.25911889e-01 
 5.11500000e-09  1.00000000e+00  5.11500000e-09  8.27644109e-01 
 5.12500000e-09  1.00000000e+00  5.12500000e-09  8.29359093e-01 
 5.13500000e-09  1.00000000e+00  5.13500000e-09  8.31057013e-01 
 5.14500000e-09  1.00000000e+00  5.14500000e-09  8.32738038e-01 
 5.15500000e-09  1.00000000e+00  5.15500000e-09  8.34402336e-01 
 5.16500000e-09  1.00000000e+00  5.16500000e-09  8.36050074e-01 
 5.17500000e-09  1.00000000e+00  5.17500000e-09  8.37681416e-01 
 5.18500000e-09  1.00000000e+00  5.18500000e-09  8.39296526e-01 
 5.19500000e-09  1.00000000e+00  5.19500000e-09  8.40895566e-01 
 5.20500000e-09  1.00000000e+00  5.20500000e-09  8.42478695e-01 
 5.21500000e-09  1.00000000e+00  5.21500000e-09  8.44046071e-01 
 5.22500000e-09  1.00000000e+00  5.22500000e-09  8.45597851e-01 
 5.23500000e-09  1.00000000e+00  5.23500000e-09  8.47134191e-01 
 5.24500000e-09  1.00000000e+00  5.24500000e-09  8.48655244e-01 
 5.25500000e-09  1.00000000e+00  5.25500000e-09  8.50161162e-01 
 5.26500000e-09  1.00000000e+00  5.26500000e-09  8.51652096e-01 
 5.27500000e-09  1.00000000e+00  5.27500000e-09  8.53128194e-01 
 5.28500000e-09  1.00000000e+00  5.28500000e-09  8.54589605e-01 
 5.29500000e-09  1.00000000e+00  5.29500000e-09  8.56036475e-01 
 5.30500000e-09  1.00000000e+00  5.30500000e-09  8.57468948e-01 
 5.31500000e-09  1.00000000e+00  5.31500000e-09  8.58887167e-01 
 5.32500000e-09  1.00000000e+00  5.32500000e-09  8.60291275e-01 
 5.33500000e-09  1.00000000e+00  5.33500000e-09  8.61681411e-01 
 5.34500000e-09  1.00000000e+00  5.34500000e-09  8.63057716e-01 
 5.35500000e-09  1.00000000e+00  5.35500000e-09  8.64420326e-01 
 5.36500000e-09  1.00000000e+00  5.36500000e-09  8.65769377e-01 
 5.37500000e-09  1.00000000e+00  5.37500000e-09  8.67105005e-01 
 5.38500000e-09  1.00000000e+00  5.38500000e-09  8.68427343e-01 
 5.39500000e-09  1.00000000e+00  5.39500000e-09  8.69736524e-01 
 5.40500000e-09  1.00000000e+00  5.40500000e-09  8.71032678e-01 
 5.41500000e-09  1.00000000e+00  5.41500000e-09  8.72315935e-01 
 5.42500000e-09  1.00000000e+00  5.42500000e-09  8.73586423e-01 
 5.43500000e-09  1.00000000e+00  5.43500000e-09  8.74844270e-01 
 5.44500000e-09  1.00000000e+00  5.44500000e-09  8.76089600e-01 
 5.45500000e-09  1.00000000e+00  5.45500000e-09  8.77322540e-01 
 5.46500000e-09  1.00000000e+00  5.46500000e-09  8.78543211e-01 
 5.47500000e-09  1.00000000e+00  5.47500000e-09  8.79751736e-01 
 5.48500000e-09  1.00000000e+00  5.48500000e-09  8.80948236e-01 
 5.49500000e-09  1.00000000e+00  5.49500000e-09  8.82132831e-01 
 5.50500000e-09  1.00000000e+00  5.50500000e-09  8.83305639e-01 
 5.51500000e-09  1.00000000e+00  5.51500000e-09  8.84466777e-01 
 5.52500000e-09  1.00000000e+00  5.52500000e-09  8.85616361e-01 
 5.53500000e-09  1.00000000e+00  5.53500000e-09  8.86754507e-01 
 5.54500000e-09  1.00000000e+00  5.54500000e-09  8.87881327e-01 
 5.55500000e-09  1.00000000e+00  5.55500000e-09  8.88996936e-01 
 5.56500000e-09  1.00000000e+00  5.56500000e-09  8.90101444e-01 
 5.57500000e-09  1.00000000e+00  5.57500000e-09  8.91194962e-01 
 5.58500000e-09  1.00000000e+00  5.58500000e-09  8.92277599e-01 
 5.59500000e-09  1.00000000e+00  5.59500000e-09  8.93349464e-01 
 5.60500000e-09  1.00000000e+00  5.60500000e-09  8.94410663e-01 
 5.61500000e-09  1.00000000e+00  5.61500000e-09  8.95461304e-01 
 5.62500000e-09  1.00000000e+00  5.62500000e-09  8.96501490e-01 
 5.63500000e-09  1.00000000e+00  5.63500000e-09  8.97531325e-01 
 5.64500000e-09  1.00000000e+00  5.64500000e-09  8.98550914e-01 
 5.65500000e-09  1.00000000e+00  5.65500000e-09  8.99560358e-01 
 5.66500000e-09  1.00000000e+00  5.66500000e-09  9.00559757e-01 
 5.67500000e-09  1.00000000e+00  5.67500000e-09  9.01549212e-01 
 5.68500000e-09  1.00000000e+00  5.68500000e-09  9.02528822e-01 
 5.69500000e-09  1.00000000e+00  5.69500000e-09  9.03498685e-01 
 5.70500000e-09  1.00000000e+00  5.70500000e-09  9.04458897e-01 
 5.71500000e-09  1.00000000e+00  5.71500000e-09  9.05409555e-01 
 5.72500000e-09  1.00000000e+00  5.72500000e-09  9.06350753e-01 
 5.73500000e-09  1.00000000e+00  5.73500000e-09  9.07282586e-01 
 5.74500000e-09  1.00000000e+00  5.74500000e-09  9.08205148e-01 
 5.75500000e-09  1.00000000e+00  5.75500000e-09  9.09118529e-01 
 5.76500000e-09  1.00000000e+00  5.76500000e-09  9.10022823e-01 
 5.77500000e-09  1.00000000e+00  5.77500000e-09  9.10918118e-01 
 5.78500000e-09  1.00000000e+00  5.78500000e-09  9.11804505e-01 
 5.79500000e-09  1.00000000e+00  5.79500000e-09  9.12682072e-01 
 5.80500000e-09  1.00000000e+00  5.80500000e-09  9.13550907e-01 
 5.81500000e-09  1.00000000e+00  5.81500000e-09  9.14411097e-01 
 5.82500000e-09  1.00000000e+00  5.82500000e-09  9.15262728e-01 
 5.83500000e-09  1.00000000e+00  5.83500000e-09  9.16105885e-01 
 5.84500000e-09  1.00000000e+00  5.84500000e-09  9.16940652e-01 
 5.85500000e-09  1.00000000e+00  5.85500000e-09  9.17767113e-01 
 5.86500000e-09  1.00000000e+00  5.86500000e-09  9.18585351e-01 
 5.87500000e-09  1.00000000e+00  5.87500000e-09  9.19395447e-01 
 5.88500000e-09  1.00000000e+00  5.88500000e-09  9.20197482e-01 
 5.89500000e-09  1.00000000e+00  5.89500000e-09  9.20991537e-01 
 5.90500000e-09  1.00000000e+00  5.90500000e-09  9.21777691e-01 
 5.91500000e-09  1.00000000e+00  5.91500000e-09  9.22556022e-01 
 5.92500000e-09  1.00000000e+00  5.92500000e-09  9.23326609e-01 
 5.93500000e-09  1.00000000e+00  5.93500000e-09  9.24089529e-01 
 5.94500000e-09  1.00000000e+00  5.94500000e-09  9.24844857e-01 
 5.95500000e-09  1.00000000e+00  5.95500000e-09  9.25592669e-01 
 5.96500000e-09  1.00000000e+00  5.96500000e-09  9.26333041e-01 
 5.97500000e-09  1.00000000e+00  5.97500000e-09  9.27066045e-01 
 5.98500000e-09  1.00000000e+00  5.98500000e-09  9.27791756e-01 
 5.99500000e-09  1.00000000e+00  5.99500000e-09  9.28510246e-01 
 6.00500000e-09  1.00000000e+00  6.00500000e-09  9.29221587e-01 
 6.01500000e-09  1.00000000e+00  6.01500000e-09  9.29925850e-01 
 6.02500000e-09  1.00000000e+00  6.02500000e-09  9.30623105e-01 
 6.03500000e-09  1.00000000e+00  6.03500000e-09  9.31313422e-01 
 6.04500000e-09  1.00000000e+00  6.04500000e-09  9.31996871e-01 
 6.05500000e-09  1.00000000e+00  6.05500000e-09  9.32673519e-01 
 6.06500000e-09  1.00000000e+00  6.06500000e-09  9.33343434e-01 
 6.07500000e-09  1.00000000e+00  6.07500000e-09  9.34006684e-01 
 6.08500000e-09  1.00000000e+00  6.08500000e-09  9.34663333e-01 
 6.09500000e-09  1.00000000e+00  6.09500000e-09  9.35313450e-01 
 6.10500000e-09  1.00000000e+00  6.10500000e-09  9.35957097e-01 
 6.11500000e-09  1.00000000e+00  6.11500000e-09  9.36594340e-01 
 6.12500000e-09  1.00000000e+00  6.12500000e-09  9.37225242e-01 
 6.13500000e-09  1.00000000e+00  6.13500000e-09  9.37849866e-01 
 6.14500000e-09  1.00000000e+00  6.14500000e-09  9.38468275e-01 
 6.15500000e-09  1.00000000e+00  6.15500000e-09  9.39080531e-01 
 6.16500000e-09  1.00000000e+00  6.16500000e-09  9.39686695e-01 
 6.17500000e-09  1.00000000e+00  6.17500000e-09  9.40286828e-01 
 6.18500000e-09  1.00000000e+00  6.18500000e-09  9.40880989e-01 
 6.19500000e-09  1.00000000e+00  6.19500000e-09  9.41469237e-01 
 6.20500000e-09  1.00000000e+00  6.20500000e-09  9.42051633e-01 
 6.21500000e-09  1.00000000e+00  6.21500000e-09  9.42628234e-01 
 6.22500000e-09  1.00000000e+00  6.22500000e-09  9.43199097e-01 
 6.23500000e-09  1.00000000e+00  6.23500000e-09  9.43764280e-01 
 6.24500000e-09  1.00000000e+00  6.24500000e-09  9.44323840e-01 
 6.25500000e-09  1.00000000e+00  6.25500000e-09  9.44877831e-01 
 6.26500000e-09  1.00000000e+00  6.26500000e-09  9.45426311e-01 
 6.27500000e-09  1.00000000e+00  6.27500000e-09  9.45969332e-01 
 6.28500000e-09  1.00000000e+00  6.28500000e-09  9.46506951e-01 
 6.29500000e-09  1.00000000e+00  6.29500000e-09  9.47039220e-01 
 6.30500000e-09  1.00000000e+00  6.30500000e-09  9.47566193e-01 
 6.31500000e-09  1.00000000e+00  6.31500000e-09  9.48087922e-01 
 6.32500000e-09  1.00000000e+00  6.32500000e-09  9.48604461e-01 
 6.33500000e-09  1.00000000e+00  6.33500000e-09  9.49115859e-01 
 6.34500000e-09  1.00000000e+00  6.34500000e-09  9.49622169e-01 
 6.35500000e-09  1.00000000e+00  6.35500000e-09  9.50123441e-01 
 6.36500000e-09  1.00000000e+00  6.36500000e-09  9.50619725e-01 
 6.37500000e-09  1.00000000e+00  6.37500000e-09  9.51111071e-01 
 6.38500000e-09  1.00000000e+00  6.38500000e-09  9.51597528e-01 
 6.39500000e-09  1.00000000e+00  6.39500000e-09  9.52079145e-01 
 6.40500000e-09  1.00000000e+00  6.40500000e-09  9.52555969e-01 
 6.41500000e-09  1.00000000e+00  6.41500000e-09  9.53028049e-01 
 6.42500000e-09  1.00000000e+00  6.42500000e-09  9.53495432e-01 
 6.43500000e-09  1.00000000e+00  6.43500000e-09  9.53958164e-01 
 6.44500000e-09  1.00000000e+00  6.44500000e-09  9.54416291e-01 
 6.45500000e-09  1.00000000e+00  6.45500000e-09  9.54869861e-01 
 6.46500000e-09  1.00000000e+00  6.46500000e-09  9.55318917e-01 
 6.47500000e-09  1.00000000e+00  6.47500000e-09  9.55763505e-01 
 6.48500000e-09  1.00000000e+00  6.48500000e-09  9.56203669e-01 
 6.49500000e-09  1.00000000e+00  6.49500000e-09  9.56639453e-01 
 6.50500000e-09  1.00000000e+00  6.50500000e-09  9.57070901e-01 
 6.51500000e-09  1.00000000e+00  6.51500000e-09  9.57498057e-01 
 6.52500000e-09  1.00000000e+00  6.52500000e-09  9.57920961e-01 
 6.53500000e-09  1.00000000e+00  6.53500000e-09  9.58339658e-01 
 6.54500000e-09  1.00000000e+00  6.54500000e-09  9.58754189e-01 
 6.55500000e-09  1.00000000e+00  6.55500000e-09  9.59164595e-01 
 6.56500000e-09  1.00000000e+00  6.56500000e-09  9.59570918e-01 
 6.57500000e-09  1.00000000e+00  6.57500000e-09  9.59973197e-01 
 6.58500000e-09  1.00000000e+00  6.58500000e-09  9.60371474e-01 
 6.59500000e-09  1.00000000e+00  6.59500000e-09  9.60765787e-01 
 6.60500000e-09  1.00000000e+00  6.60500000e-09  9.61156178e-01 
 6.61500000e-09  1.00000000e+00  6.61500000e-09  9.61542683e-01 
 6.62500000e-09  1.00000000e+00  6.62500000e-09  9.61925343e-01 
 6.63500000e-09  1.00000000e+00  6.63500000e-09  9.62304195e-01 
 6.64500000e-09  1.00000000e+00  6.64500000e-09  9.62679278e-01 
 6.65500000e-09  1.00000000e+00  6.65500000e-09  9.63050629e-01 
 6.66500000e-09  1.00000000e+00  6.66500000e-09  9.63418284e-01 
 6.67500000e-09  1.00000000e+00  6.67500000e-09  9.63782281e-01 
 6.68500000e-09  1.00000000e+00  6.68500000e-09  9.64142656e-01 
 6.69500000e-09  1.00000000e+00  6.69500000e-09  9.64499446e-01 
 6.70500000e-09  1.00000000e+00  6.70500000e-09  9.64852685e-01 
 6.71500000e-09  1.00000000e+00  6.71500000e-09  9.65202410e-01 
 6.72500000e-09  1.00000000e+00  6.72500000e-09  9.65548654e-01 
 6.73500000e-09  1.00000000e+00  6.73500000e-09  9.65891454e-01 
 6.74500000e-09  1.00000000e+00  6.74500000e-09  9.66230842e-01 
 6.75500000e-09  1.00000000e+00  6.75500000e-09  9.66566854e-01 
 6.76500000e-09  1.00000000e+00  6.76500000e-09  9.66899522e-01 
 6.77500000e-09  1.00000000e+00  6.77500000e-09  9.67228880e-01 
 6.78500000e-09  1.00000000e+00  6.78500000e-09  9.67554961e-01 
 6.79500000e-09  1.00000000e+00  6.79500000e-09  9.67877797e-01 
 6.80500000e-09  1.00000000e+00  6.80500000e-09  9.68197421e-01 
 6.81500000e-09  1.00000000e+00  6.81500000e-09  9.68513865e-01 
 6.82500000e-09  1.00000000e+00  6.82500000e-09  9.68827159e-01 
 6.83500000e-09  1.00000000e+00  6.83500000e-09  9.69137337e-01 
 6.84500000e-09  1.00000000e+00  6.84500000e-09  9.69444428e-01 
 6.85500000e-09  1.00000000e+00  6.85500000e-09  9.69748464e-01 
 6.86500000e-09  1.00000000e+00  6.86500000e-09  9.70049474e-01 
 6.87500000e-09  1.00000000e+00  6.87500000e-09  9.70347489e-01 
 6.88500000e-09  1.00000000e+00  6.88500000e-09  9.70642539e-01 
 6.89500000e-09  1.00000000e+00  6.89500000e-09  9.70934653e-01 
 6.90500000e-09  1.00000000e+00  6.90500000e-09  9.71223861e-01 
 6.91500000e-09  1.00000000e+00  6.91500000e-09  9.71510190e-01 
 6.92500000e-09  1.00000000e+00  6.92500000e-09  9.71793671e-01 
 6.93500000e-09  1.00000000e+00  6.93500000e-09  9.72074331e-01 
 6.94500000e-09  1.00000000e+00  6.94500000e-09  9.72352198e-01 
 6.95500000e-09  1.00000000e+00  6.95500000e-09  9.72627301e-01 
 6.96500000e-09  1.00000000e+00  6.96500000e-09  9.72899666e-01 
 6.97500000e-09  1.00000000e+00  6.97500000e-09  9.73169321e-01 
 6.98500000e-09  1.00000000e+00  6.98500000e-09  9.73436293e-01 
 6.99500000e-09  1.00000000e+00  6.99500000e-09  9.73700608e-01 
 7.00500000e-09  1.00000000e+00  7.00500000e-09  9.73962294e-01 
 7.01500000e-09  1.00000000e+00  7.01500000e-09  9.74221376e-01 
 7.02500000e-09  1.00000000e+00  7.02500000e-09  9.74477879e-01 
 7.03500000e-09  1.00000000e+00  7.03500000e-09  9.74731831e-01 
 7.04500000e-09  1.00000000e+00  7.04500000e-09  9.74983255e-01 
 7.05500000e-09  1.00000000e+00  7.05500000e-09  9.75232178e-01 
 7.06500000e-09  1.00000000e+00  7.06500000e-09  9.75478624e-01 
 7.07500000e-09  1.00000000e+00  7.07500000e-09  9.75722618e-01 
 7.08500000e-09  1.00000000e+00  7.08500000e-09  9.75964184e-01 
 7.09500000e-09  1.00000000e+00  7.09500000e-09  9.76203346e-01 
 7.10500000e-09  1.00000000e+00  7.10500000e-09  9.76440129e-01 
 7.11500000e-09  1.00000000e+00  7.11500000e-09  9.76674555e-01 
 7.12500000e-09  1.00000000e+00  7.12500000e-09  9.76906649e-01 
 7.13500000e-09  1.00000000e+00  7.13500000e-09  9.77136434e-01 
 7.14500000e-09  1.00000000e+00  7.14500000e-09  9.77363932e-01 
 7.15500000e-09  1.00000000e+00  7.15500000e-09  9.77589167e-01 
 7.16500000e-09  1.00000000e+00  7.16500000e-09  9.77812160e-01 
 7.17500000e-09  1.00000000e+00  7.17500000e-09  9.78032935e-01 
 7.18500000e-09  1.00000000e+00  7.18500000e-09  9.78251512e-01 
 7.19500000e-09  1.00000000e+00  7.19500000e-09  9.78467915e-01 
 7.20500000e-09  1.00000000e+00  7.20500000e-09  9.78682165e-01 
 7.21500000e-09  1.00000000e+00  7.21500000e-09  9.78894283e-01 
 7.22500000e-09  1.00000000e+00  7.22500000e-09  9.79104290e-01 
 7.23500000e-09  1.00000000e+00  7.23500000e-09  9.79312207e-01 
 7.24500000e-09  1.00000000e+00  7.24500000e-09  9.79518056e-01 
 7.25500000e-09  1.00000000e+00  7.25500000e-09  9.79721856e-01 
 7.26500000e-09  1.00000000e+00  7.26500000e-09  9.79923629e-01 
 7.27500000e-09  1.00000000e+00  7.27500000e-09  9.80123394e-01 
 7.28500000e-09  1.00000000e+00  7.28500000e-09  9.80321171e-01 
 7.29500000e-09  1.00000000e+00  7.29500000e-09  9.80516980e-01 
 7.30500000e-09  1.00000000e+00  7.30500000e-09  9.80710841e-01 
 7.31500000e-09  1.00000000e+00  7.31500000e-09  9.80902773e-01 
 7.32500000e-09  1.00000000e+00  7.32500000e-09  9.81092795e-01 
 7.33500000e-09  1.00000000e+00  7.33500000e-09  9.81280927e-01 
 7.34500000e-09  1.00000000e+00  7.34500000e-09  9.81467186e-01 
 7.35500000e-09  1.00000000e+00  7.35500000e-09  9.81651592e-01 
 7.36500000e-09  1.00000000e+00  7.36500000e-09  9.81834163e-01 
 7.37500000e-09  1.00000000e+00  7.37500000e-09  9.82014918e-01 
 7.38500000e-09  1.00000000e+00  7.38500000e-09  9.82193874e-01 
 7.39500000e-09  1.00000000e+00  7.39500000e-09  9.82371049e-01 
 7.40500000e-09  1.00000000e+00  7.40500000e-09  9.82546462e-01 
 7.41500000e-09  1.00000000e+00  7.41500000e-09  9.82720129e-01 
 7.42500000e-09  1.00000000e+00  7.42500000e-09  9.82892068e-01 
 7.43500000e-09  1.00000000e+00  7.43500000e-09  9.83062296e-01 
 7.44500000e-09  1.00000000e+00  7.44500000e-09  9.83230830e-01 
 7.45500000e-09  1.00000000e+00  7.45500000e-09  9.83397688e-01 
 7.46500000e-09  1.00000000e+00  7.46500000e-09  9.83562885e-01 
 7.47500000e-09  1.00000000e+00  7.47500000e-09  9.83726438e-01 
 7.48500000e-09  1.00000000e+00  7.48500000e-09  9.83888364e-01 
 7.49500000e-09  1.00000000e+00  7.49500000e-09  9.84048679e-01 
 7.50500000e-09  1.00000000e+00  7.50500000e-09  9.84207399e-01 
 7.51500000e-09  1.00000000e+00  7.51500000e-09  9.84364539e-01 
 7.52500000e-09  1.00000000e+00  7.52500000e-09  9.84520116e-01 
 7.53500000e-09  1.00000000e+00  7.53500000e-09  9.84674145e-01 
 7.54500000e-09  1.00000000e+00  7.54500000e-09  9.84826641e-01 
 7.55500000e-09  1.00000000e+00  7.55500000e-09  9.84977619e-01 
 7.56500000e-09  1.00000000e+00  7.56500000e-09  9.85127096e-01 
 7.57500000e-09  1.00000000e+00  7.57500000e-09  9.85275085e-01 
 7.58500000e-09  1.00000000e+00  7.58500000e-09  9.85421601e-01 
 7.59500000e-09  1.00000000e+00  7.59500000e-09  9.85566660e-01 
 7.60500000e-09  1.00000000e+00  7.60500000e-09  9.85710275e-01 
 7.61500000e-09  1.00000000e+00  7.61500000e-09  9.85852462e-01 
 7.62500000e-09  1.00000000e+00  7.62500000e-09  9.85993233e-01 
 7.63500000e-09  1.00000000e+00  7.63500000e-09  9.86132604e-01 
 7.64500000e-09  1.00000000e+00  7.64500000e-09  9.86270588e-01 
 7.65500000e-09  1.00000000e+00  7.65500000e-09  9.86407199e-01 
 7.66500000e-09  1.00000000e+00  7.66500000e-09  9.86542451e-01 
 7.67500000e-09  1.00000000e+00  7.67500000e-09  9.86676357e-01 
 7.68500000e-09  1.00000000e+00  7.68500000e-09  9.86808930e-01 
 7.69500000e-09  1.00000000e+00  7.69500000e-09  9.86940185e-01 
 7.70500000e-09  1.00000000e+00  7.70500000e-09  9.87070133e-01 
 7.71500000e-09  1.00000000e+00  7.71500000e-09  9.87198789e-01 
 7.72500000e-09  1.00000000e+00  7.72500000e-09  9.87326164e-01 
 7.73500000e-09  1.00000000e+00  7.73500000e-09  9.87452272e-01 
 7.74500000e-09  1.00000000e+00  7.74500000e-09  9.87577125e-01 
 7.75500000e-09  1.00000000e+00  7.75500000e-09  9.87700735e-01 
 7.76500000e-09  1.00000000e+00  7.76500000e-09  9.87823116e-01 
 7.77500000e-09  1.00000000e+00  7.77500000e-09  9.87944279e-01 
 7.78500000e-09  1.00000000e+00  7.78500000e-09  9.88064237e-01 
 7.79500000e-09  1.00000000e+00  7.79500000e-09  9.88183000e-01 
 7.80500000e-09  1.00000000e+00  7.80500000e-09  9.88300583e-01 
 7.81500000e-09  1.00000000e+00  7.81500000e-09  9.88416995e-01 
 7.82500000e-09  1.00000000e+00  7.82500000e-09  9.88532248e-01 
 7.83500000e-09  1.00000000e+00  7.83500000e-09  9.88646355e-01 
 7.84500000e-09  1.00000000e+00  7.84500000e-09  9.88759327e-01 
 7.85500000e-09  1.00000000e+00  7.85500000e-09  9.88871174e-01 
 7.86500000e-09  1.00000000e+00  7.86500000e-09  9.88981909e-01 
 7.87500000e-09  1.00000000e+00  7.87500000e-09  9.89091542e-01 
 7.88500000e-09  1.00000000e+00  7.88500000e-09  9.89200084e-01 
 7.89500000e-09  1.00000000e+00  7.89500000e-09  9.89307546e-01 
 7.90500000e-09  1.00000000e+00  7.90500000e-09  9.89413938e-01 
 7.91500000e-09  1.00000000e+00  7.91500000e-09  9.89519272e-01 
 7.92500000e-09  1.00000000e+00  7.92500000e-09  9.89623558e-01 
 7.93500000e-09  1.00000000e+00  7.93500000e-09  9.89726806e-01 
 7.94500000e-09  1.00000000e+00  7.94500000e-09  9.89829027e-01 
 7.95500000e-09  1.00000000e+00  7.95500000e-09  9.89930231e-01 
 7.96500000e-09  1.00000000e+00  7.96500000e-09  9.90030427e-01 
 7.97500000e-09  1.00000000e+00  7.97500000e-09  9.90129627e-01 
 7.98500000e-09  1.00000000e+00  7.98500000e-09  9.90227840e-01 
 7.99500000e-09  1.00000000e+00  7.99500000e-09  9.90325075e-01 
 8.00500000e-09  1.00000000e+00  8.00500000e-09  9.90421343e-01 
 8.01500000e-09  1.00000000e+00  8.01500000e-09  9.90516653e-01 
 8.02500000e-09  1.00000000e+00  8.02500000e-09  9.90611015e-01 
 8.03500000e-09  1.00000000e+00  8.03500000e-09  9.90704437e-01 
 8.04500000e-09  1.00000000e+00  8.04500000e-09  9.90796931e-01 
 8.05500000e-09  1.00000000e+00  8.05500000e-09  9.90888503e-01 
 8.06500000e-09  1.00000000e+00  8.06500000e-09  9.90979165e-01 
 8.07500000e-09  1.00000000e+00  8.07500000e-09  9.91068925e-01 
 8.08500000e-09  1.00000000e+00  8.08500000e-09  9.91157791e-01 
 8.09500000e-09  1.00000000e+00  8.09500000e-09  9.91245773e-01 
 8.10500000e-09  1.00000000e+00  8.10500000e-09  9.91332880e-01 
 8.11500000e-09  1.00000000e+00  8.11500000e-09  9.91419120e-01 
 8.12500000e-09  1.00000000e+00  8.12500000e-09  9.91504502e-01 
 8.13500000e-09  1.00000000e+00  8.13500000e-09  9.91589034e-01 
 8.14500000e-09  1.00000000e+00  8.14500000e-09  9.91672725e-01 
 8.15500000e-09  1.00000000e+00  8.15500000e-09  9.91755584e-01 
 8.16500000e-09  1.00000000e+00  8.16500000e-09  9.91837618e-01 
 8.17500000e-09  1.00000000e+00  8.17500000e-09  9.91918836e-01 
 8.18500000e-09  1.00000000e+00  8.18500000e-09  9.91999245e-01 
 8.19500000e-09  1.00000000e+00  8.19500000e-09  9.92078855e-01 
 8.20500000e-09  1.00000000e+00  8.20500000e-09  9.92157672e-01 
 8.21500000e-09  1.00000000e+00  8.21500000e-09  9.92235705e-01 
 8.22500000e-09  1.00000000e+00  8.22500000e-09  9.92312962e-01 
 8.23500000e-09  1.00000000e+00  8.23500000e-09  9.92389450e-01 
 8.24500000e-09  1.00000000e+00  8.24500000e-09  9.92465177e-01 
 8.25500000e-09  1.00000000e+00  8.25500000e-09  9.92540150e-01 
 8.26500000e-09  1.00000000e+00  8.26500000e-09  9.92614377e-01 
 8.27500000e-09  1.00000000e+00  8.27500000e-09  9.92687866e-01 
 8.28500000e-09  1.00000000e+00  8.28500000e-09  9.92760624e-01 
 8.29500000e-09  1.00000000e+00  8.29500000e-09  9.92832657e-01 
 8.30500000e-09  1.00000000e+00  8.30500000e-09  9.92903974e-01 
 8.31500000e-09  1.00000000e+00  8.31500000e-09  9.92974581e-01 
 8.32500000e-09  1.00000000e+00  8.32500000e-09  9.93044486e-01 
 8.33500000e-09  1.00000000e+00  8.33500000e-09  9.93113695e-01 
 8.34500000e-09  1.00000000e+00  8.34500000e-09  9.93182216e-01 
 8.35500000e-09  1.00000000e+00  8.35500000e-09  9.93250054e-01 
 8.36500000e-09  1.00000000e+00  8.36500000e-09  9.93317218e-01 
 8.37500000e-09  1.00000000e+00  8.37500000e-09  9.93383713e-01 
 8.38500000e-09  1.00000000e+00  8.38500000e-09  9.93449547e-01 
 8.39500000e-09  1.00000000e+00  8.39500000e-09  9.93514726e-01 
 8.40500000e-09  1.00000000e+00  8.40500000e-09  9.93579256e-01 
 8.41500000e-09  1.00000000e+00  8.41500000e-09  9.93643144e-01 
 8.42500000e-09  1.00000000e+00  8.42500000e-09  9.93706396e-01 
 8.43500000e-09  1.00000000e+00  8.43500000e-09  9.93769019e-01 
 8.44500000e-09  1.00000000e+00  8.44500000e-09  9.93831019e-01 
 8.45500000e-09  1.00000000e+00  8.45500000e-09  9.93892402e-01 
 8.46500000e-09  1.00000000e+00  8.46500000e-09  9.93953174e-01 
 8.47500000e-09  1.00000000e+00  8.47500000e-09  9.94013341e-01 
 8.48500000e-09  1.00000000e+00  8.48500000e-09  9.94072910e-01 
 8.49500000e-09  1.00000000e+00  8.49500000e-09  9.94131886e-01 
 8.50500000e-09  1.00000000e+00  8.50500000e-09  9.94190275e-01 
 8.51500000e-09  1.00000000e+00  8.51500000e-09  9.94248083e-01 
 8.52500000e-09  1.00000000e+00  8.52500000e-09  9.94305316e-01 
 8.53500000e-09  1.00000000e+00  8.53500000e-09  9.94361980e-01 
 8.54500000e-09  1.00000000e+00  8.54500000e-09  9.94418080e-01 
 8.55500000e-09  1.00000000e+00  8.55500000e-09  9.94473621e-01 
 8.56500000e-09  1.00000000e+00  8.56500000e-09  9.94528610e-01 
 8.57500000e-09  1.00000000e+00  8.57500000e-09  9.94583052e-01 
 8.58500000e-09  1.00000000e+00  8.58500000e-09  9.94636952e-01 
 8.59500000e-09  1.00000000e+00  8.59500000e-09  9.94690315e-01 
 8.60500000e-09  1.00000000e+00  8.60500000e-09  9.94743148e-01 
 8.61500000e-09  1.00000000e+00  8.61500000e-09  9.94795455e-01 
 8.62500000e-09  1.00000000e+00  8.62500000e-09  9.94847241e-01 
 8.63500000e-09  1.00000000e+00  8.63500000e-09  9.94898513e-01 
 8.64500000e-09  1.00000000e+00  8.64500000e-09  9.94949274e-01 
 8.65500000e-09  1.00000000e+00  8.65500000e-09  9.94999530e-01 
 8.66500000e-09  1.00000000e+00  8.66500000e-09  9.95049286e-01 
 8.67500000e-09  1.00000000e+00  8.67500000e-09  9.95098546e-01 
 8.68500000e-09  1.00000000e+00  8.68500000e-09  9.95147317e-01 
 8.69500000e-09  1.00000000e+00  8.69500000e-09  9.95195603e-01 
 8.70500000e-09  1.00000000e+00  8.70500000e-09  9.95243407e-01 
 8.71500000e-09  1.00000000e+00  8.71500000e-09  9.95290737e-01 
 8.72500000e-09  1.00000000e+00  8.72500000e-09  9.95337595e-01 
 8.73500000e-09  1.00000000e+00  8.73500000e-09  9.95383987e-01 
 8.74500000e-09  1.00000000e+00  8.74500000e-09  9.95429918e-01 
 8.75500000e-09  1.00000000e+00  8.75500000e-09  9.95475391e-01 
 8.76500000e-09  1.00000000e+00  8.76500000e-09  9.95520412e-01 
 8.77500000e-09  1.00000000e+00  8.77500000e-09  9.95564985e-01 
 8.78500000e-09  1.00000000e+00  8.78500000e-09  9.95609115e-01 
 8.79500000e-09  1.00000000e+00  8.79500000e-09  9.95652805e-01 
 8.80500000e-09  1.00000000e+00  8.80500000e-09  9.95696061e-01 
 8.81500000e-09  1.00000000e+00  8.81500000e-09  9.95738886e-01 
 8.82500000e-09  1.00000000e+00  8.82500000e-09  9.95781285e-01 
 8.83500000e-09  1.00000000e+00  8.83500000e-09  9.95823262e-01 
 8.84500000e-09  1.00000000e+00  8.84500000e-09  9.95864822e-01 
 8.85500000e-09  1.00000000e+00  8.85500000e-09  9.95905968e-01 
 8.86500000e-09  1.00000000e+00  8.86500000e-09  9.95946705e-01 
 8.87500000e-09  1.00000000e+00  8.87500000e-09  9.95987036e-01 
 8.88500000e-09  1.00000000e+00  8.88500000e-09  9.96026966e-01 
 8.89500000e-09  1.00000000e+00  8.89500000e-09  9.96066499e-01 
 8.90500000e-09  1.00000000e+00  8.90500000e-09  9.96105638e-01 
 8.91500000e-09  1.00000000e+00  8.91500000e-09  9.96144388e-01 
 8.92500000e-09  1.00000000e+00  8.92500000e-09  9.96182752e-01 
 8.93500000e-09  1.00000000e+00  8.93500000e-09  9.96220735e-01 
 8.94500000e-09  1.00000000e+00  8.94500000e-09  9.96258339e-01 
 8.95500000e-09  1.00000000e+00  8.95500000e-09  9.96295570e-01 
 8.96500000e-09  1.00000000e+00  8.96500000e-09  9.96332430e-01 
 8.97500000e-09  1.00000000e+00  8.97500000e-09  9.96368923e-01 
 8.98500000e-09  1.00000000e+00  8.98500000e-09  9.96405053e-01 
 8.99500000e-09  1.00000000e+00  8.99500000e-09  9.96440824e-01 
 9.00500000e-09  1.00000000e+00  9.00500000e-09  9.96476238e-01 
 9.01500000e-09  1.00000000e+00  9.01500000e-09  9.96511301e-01 
 9.02500000e-09  1.00000000e+00  9.02500000e-09  9.96546014e-01 
 9.03500000e-09  1.00000000e+00  9.03500000e-09  9.96580382e-01 
 9.04500000e-09  1.00000000e+00  9.04500000e-09  9.96614408e-01 
 9.05500000e-09  1.00000000e+00  9.05500000e-09  9.96648096e-01 
 9.06500000e-09  1.00000000e+00  9.06500000e-09  9.96681448e-01 
 9.07500000e-09  1.00000000e+00  9.07500000e-09  9.96714468e-01 
 9.08500000e-09  1.00000000e+00  9.08500000e-09  9.96747160e-01 
 9.09500000e-09  1.00000000e+00  9.09500000e-09  9.96779527e-01 
 9.10500000e-09  1.00000000e+00  9.10500000e-09  9.96811571e-01 
 9.11500000e-09  1.00000000e+00  9.11500000e-09  9.96843297e-01 
 9.12500000e-09  1.00000000e+00  9.12500000e-09  9.96874707e-01 
 9.13500000e-09  1.00000000e+00  9.13500000e-09  9.96905804e-01 
 9.14500000e-09  1.00000000e+00  9.14500000e-09  9.96936592e-01 
 9.15500000e-09  1.00000000e+00  9.15500000e-09  9.96967074e-01 
 9.16500000e-09  1.00000000e+00  9.16500000e-09  9.96997252e-01 
 9.17500000e-09  1.00000000e+00  9.17500000e-09  9.97027131e-01 
 9.18500000e-09  1.00000000e+00  9.18500000e-09  9.97056711e-01 
 9.19500000e-09  1.00000000e+00  9.19500000e-09  9.97085998e-01 
 9.20500000e-09  1.00000000e+00  9.20500000e-09  9.97114993e-01 
 9.21500000e-09  1.00000000e+00  9.21500000e-09  9.97143699e-01 
 9.22500000e-09  1.00000000e+00  9.22500000e-09  9.97172120e-01 
 9.23500000e-09  1.00000000e+00  9.23500000e-09  9.97200258e-01 
 9.24500000e-09  1.00000000e+00  9.24500000e-09  9.97228116e-01 
 9.25500000e-09  1.00000000e+00  9.25500000e-09  9.97255697e-01 
 9.26500000e-09  1.00000000e+00  9.26500000e-09  9.97283004e-01 
 9.27500000e-09  1.00000000e+00  9.27500000e-09  9.97310039e-01 
 9.28500000e-09  1.00000000e+00  9.28500000e-09  9.97336804e-01 
 9.29500000e-09  1.00000000e+00  9.29500000e-09  9.97363304e-01 
 9.30500000e-09  1.00000000e+00  9.30500000e-09  9.97389540e-01 
 9.31500000e-09  1.00000000e+00  9.31500000e-09  9.97415514e-01 
 9.32500000e-09  1.00000000e+00  9.32500000e-09  9.97441231e-01 
 9.33500000e-09  1.00000000e+00  9.33500000e-09  9.97466691e-01 
 9.34500000e-09  1.00000000e+00  9.34500000e-09  9.97491898e-01 
 9.35500000e-09  1.00000000e+00  9.35500000e-09  9.97516854e-01 
 9.36500000e-09  1.00000000e+00  9.36500000e-09  9.97541562e-01 
 9.37500000e-09  1.00000000e+00  9.37500000e-09  9.97566024e-01 
 9.38500000e-09  1.00000000e+00  9.38500000e-09  9.97590243e-01 
 9.39500000e-09  1.00000000e+00  9.39500000e-09  9.97614221e-01 
 9.40500000e-09  1.00000000e+00  9.40500000e-09  9.97637960e-01 
 9.41500000e-09  1.00000000e+00  9.41500000e-09  9.97661463e-01 
 9.42500000e-09  1.00000000e+00  9.42500000e-09  9.97684732e-01 
 9.43500000e-09  1.00000000e+00  9.43500000e-09  9.97707769e-01 
 9.44500000e-09  1.00000000e+00  9.44500000e-09  9.97730578e-01 
 9.45500000e-09  1.00000000e+00  9.45500000e-09  9.97753159e-01 
 9.46500000e-09  1.00000000e+00  9.46500000e-09  9.97775515e-01 
 9.47500000e-09  1.00000000e+00  9.47500000e-09  9.97797650e-01 
 9.48500000e-09  1.00000000e+00  9.48500000e-09  9.97819564e-01 
 9.49500000e-09  1.00000000e+00  9.49500000e-09  9.97841259e-01 
 9.50500000e-09  1.00000000e+00  9.50500000e-09  9.97862739e-01 
 9.51500000e-09  1.00000000e+00  9.51500000e-09  9.97884006e-01 
 9.52500000e-09  1.00000000e+00  9.52500000e-09  9.97905060e-01 
 9.53500000e-09  1.00000000e+00  9.53500000e-09  9.97925906e-01 
 9.54500000e-09  1.00000000e+00  9.54500000e-09  9.97946543e-01 
 9.55500000e-09  1.00000000e+00  9.55500000e-09  9.97966976e-01 
 9.56500000e-09  1.00000000e+00  9.56500000e-09  9.97987205e-01 
 9.57500000e-09  1.00000000e+00  9.57500000e-09  9.98007233e-01 
 9.58500000e-09  1.00000000e+00  9.58500000e-09  9.98027061e-01 
 9.59500000e-09  1.00000000e+00  9.59500000e-09  9.98046692e-01 
 9.60500000e-09  1.00000000e+00  9.60500000e-09  9.98066128e-01 
 9.61500000e-09  1.00000000e+00  9.61500000e-09  9.98085371e-01 
 9.62500000e-09  1.00000000e+00  9.62500000e-09  9.98104422e-01 
 9.63500000e-09  1.00000000e+00  9.63500000e-09  9.98123283e-01 
 9.64500000e-09  1.00000000e+00  9.64500000e-09  9.98141957e-01 
 9.65500000e-09  1.00000000e+00  9.65500000e-09  9.98160445e-01 
 9.66500000e-09  1.00000000e+00  9.66500000e-09  9.98178749e-01 
 9.67500000e-09  1.00000000e+00  9.67500000e-09  9.98196871e-01 
 9.68500000e-09  1.00000000e+00  9.68500000e-09  9.98214813e-01 
 9.69500000e-09  1.00000000e+00  9.69500000e-09  9.98232576e-01 
 9.70500000e-09  1.00000000e+00  9.70500000e-09  9.98250162e-01 
 9.71500000e-09  1.00000000e+00  9.71500000e-09  9.98267573e-01 
 9.72500000e-09  1.00000000e+00  9.72500000e-09  9.98284811e-01 
 9.73500000e-09  1.00000000e+00  9.73500000e-09  9.98301878e-01 
 9.74500000e-09  1.00000000e+00  9.74500000e-09  9.98318775e-01 
 9.75500000e-09  1.00000000e+00  9.75500000e-09  9.98335503e-01 
 9.76500000e-09  1.00000000e+00  9.76500000e-09  9.98352065e-01 
 9.77500000e-09  1.00000000e+00  9.77500000e-09  9.98368463e-01 
 9.78500000e-09  1.00000000e+00  9.78500000e-09  9.98384697e-01 
 9.79500000e-09  1.00000000e+00  9.79500000e-09  9.98400770e-01 
 9.80500000e-09  1.00000000e+00  9.80500000e-09  9.98416682e-01 
 9.81500000e-09  1.00000000e+00  9.81500000e-09  9.98432437e-01 
 9.82500000e-09  1.00000000e+00  9.82500000e-09  9.98448034e-01 
 9.83500000e-09  1.00000000e+00  9.83500000e-09  9.98463477e-01 
 9.84500000e-09  1.00000000e+00  9.84500000e-09  9.98478766e-01 
 9.85500000e-09  1.00000000e+00  9.85500000e-09  9.98493902e-01 
 9.86500000e-09  1.00000000e+00  9.86500000e-09  9.98508888e-01 
 9.87500000e-09  1.00000000e+00  9.87500000e-09  9.98523725e-01 
 9.88500000e-09  1.00000000e+00  9.88500000e-09  9.98538415e-01 
 9.89500000e-09  1.00000000e+00  9.89500000e-09  9.98552958e-01 
 9.90500000e-09  1.00000000e+00  9.90500000e-09  9.98567356e-01 
 9.91500000e-09  1.00000000e+00  9.91500000e-09  9.98581611e-01 
 9.92500000e-09  1.00000000e+00  9.92500000e-09  9.98595725e-01 
 9.93500000e-09  1.00000000e+00  9.93500000e-09  9.98609698e-01 
 9.94500000e-09  1.00000000e+00  9.94500000e-09  9.98623531e-01 
 9.95500000e-09  1.00000000e+00  9.95500000e-09  9.98637228e-01 
 9.96500000e-09  1.00000000e+00  9.96500000e-09  9.98650788e-01 
 9.97500000e-09  1.00000000e+00  9.97500000e-09  9.98664213e-01 
 9.98500000e-09  1.00000000e+00  9.98500000e-09  9.98677504e-01 
 9.99500000e-09  1.00000000e+00  9.99500000e-09  9.98690663e-01 
 1.00050000e-08  1.00000000e+00  1.00050000e-08  9.98703691e-01 
 1.00150000e-08  1.00000000e+00  1.00150000e-08  9.98716590e-01 
 1.00250000e-08  1.00000000e+00  1.00250000e-08  9.98729360e-01 
 1.00350000e-08  1.00000000e+00  1.00350000e-08  9.98742003e-01 
 1.00450000e-08  1.00000000e+00  1.00450000e-08  9.98754521e-01 
 1.00550000e-08  1.00000000e+00  1.00550000e-08  9.98766914e-01 
 1.00650000e-08  1.00000000e+00  1.00650000e-08  9.98779183e-01 
 1.00750000e-08  1.00000000e+00  1.00750000e-08  9.98791331e-01 
 1.00850000e-08  1.00000000e+00  1.00850000e-08  9.98803357e-01 
 1.00925000e-08  1.00000000e+00  1.00925000e-08  9.98812298e-01 
 1.01000000e-08  1.00000000e+00  1.01000000e-08  9.98821173e-01 
 1.01010000e-08  9.90000000e-01  1.01010000e-08  9.98822351e-01 
 1.01030000e-08  9.70000000e-01  1.01030000e-08  9.98824703e-01 
 1.01070000e-08  9.30000000e-01  1.01070000e-08  9.98829395e-01 
 1.01150000e-08  8.50000000e-01  1.01150000e-08  9.98838723e-01 
 1.01250000e-08  7.50000000e-01  1.01250000e-08  9.98850278e-01 
 1.01350000e-08  6.50000000e-01  1.01350000e-08  9.98861718e-01 
 1.01450000e-08  5.50000000e-01  1.01450000e-08  9.98873044e-01 
 1.01550000e-08  4.50000000e-01  1.01550000e-08  9.98884258e-01 
 1.01650000e-08  3.50000000e-01  1.01650000e-08  9.98895359e-01 
 1.01750000e-08  2.50000000e-01  1.01750000e-08  9.98906351e-01 
 1.01850000e-08  1.50000000e-01  1.01850000e-08  9.98917233e-01 
 1.01925000e-08  7.50000000e-02  1.01925000e-08  9.98925323e-01 
 1.02000000e-08  0.00000000e+00  1.02000000e-08  9.98933353e-01 
 1.02010000e-08  0.00000000e+00  1.02010000e-08  9.98934419e-01 
 1.02030000e-08  0.00000000e+00  1.02030000e-08  9.98936548e-01 
 1.02070000e-08  0.00000000e+00  1.02070000e-08  9.98940793e-01 
 1.02150000e-08  0.00000000e+00  1.02150000e-08  9.98949233e-01 
 1.02250000e-08  0.00000000e+00  1.02250000e-08  9.98959689e-01 
 1.02350000e-08  0.00000000e+00  1.02350000e-08  9.98970040e-01 
 1.02450000e-08  0.00000000e+00  1.02450000e-08  9.98980288e-01 
 1.02550000e-08  0.00000000e+00  1.02550000e-08  9.98990435e-01 
 1.02650000e-08  0.00000000e+00  1.02650000e-08  9.99000480e-01 
 1.02750000e-08  0.00000000e+00  1.02750000e-08  9.99010426e-01 
 1.02850000e-08  0.00000000e+00  1.02850000e-08  9.99020272e-01 
 1.02950000e-08  0.00000000e+00  1.02950000e-08  9.99030021e-01 
 1.03050000e-08  0.00000000e+00  1.03050000e-08  9.99039672e-01 
 1.03150000e-08  0.00000000e+00  1.03150000e-08  9.99049228e-01 
 1.03250000e-08  0.00000000e+00  1.03250000e-08  9.99058688e-01 
 1.03350000e-08  0.00000000e+00  1.03350000e-08  9.99068054e-01 
 1.03450000e-08  0.00000000e+00  1.03450000e-08  9.99077327e-01 
 1.03550000e-08  0.00000000e+00  1.03550000e-08  9.99086508e-01 
 1.03650000e-08  0.00000000e+00  1.03650000e-08  9.99095598e-01 
 1.03750000e-08  0.00000000e+00  1.03750000e-08  9.99104597e-01 
 1.03850000e-08  0.00000000e+00  1.03850000e-08  9.99113506e-01 
 1.03950000e-08  0.00000000e+00  1.03950000e-08  9.99122327e-01 
 1.04050000e-08  0.00000000e+00  1.04050000e-08  9.99131060e-01 
 1.04150000e-08  0.00000000e+00  1.04150000e-08  9.99139706e-01 
 1.04250000e-08  0.00000000e+00  1.04250000e-08  9.99148266e-01 
 1.04350000e-08  0.00000000e+00  1.04350000e-08  9.99156741e-01 
 1.04450000e-08  0.00000000e+00  1.04450000e-08  9.99165132e-01 
 1.04550000e-08  0.00000000e+00  1.04550000e-08  9.99173439e-01 
 1.04650000e-08  0.00000000e+00  1.04650000e-08  9.99181664e-01 
 1.04750000e-08  0.00000000e+00  1.04750000e-08  9.99189806e-01 
 1.04850000e-08  0.00000000e+00  1.04850000e-08  9.99197868e-01 
 1.04950000e-08  0.00000000e+00  1.04950000e-08  9.99205849e-01 
 1.05050000e-08  0.00000000e+00  1.05050000e-08  9.99213751e-01 
 1.05150000e-08  0.00000000e+00  1.05150000e-08  9.99221575e-01 
 1.05250000e-08  0.00000000e+00  1.05250000e-08  9.99229320e-01 
 1.05350000e-08  0.00000000e+00  1.05350000e-08  9.99236989e-01 
 1.05450000e-08  0.00000000e+00  1.05450000e-08  9.99244581e-01 
 1.05550000e-08  0.00000000e+00  1.05550000e-08  9.99252097e-01 
 1.05650000e-08  0.00000000e+00  1.05650000e-08  9.99259539e-01 
 1.05750000e-08  0.00000000e+00  1.05750000e-08  9.99266907e-01 
 1.05850000e-08  0.00000000e+00  1.05850000e-08  9.99274202e-01 
 1.05950000e-08  0.00000000e+00  1.05950000e-08  9.99281423e-01 
 1.06050000e-08  0.00000000e+00  1.06050000e-08  9.99288573e-01 
 1.06150000e-08  0.00000000e+00  1.06150000e-08  9.99295652e-01 
 1.06250000e-08  0.00000000e+00  1.06250000e-08  9.99302661e-01 
 1.06350000e-08  0.00000000e+00  1.06350000e-08  9.99309599e-01 
 1.06450000e-08  0.00000000e+00  1.06450000e-08  9.99316469e-01 
 1.06550000e-08  0.00000000e+00  1.06550000e-08  9.99323270e-01 
 1.06650000e-08  0.00000000e+00  1.06650000e-08  9.99330004e-01 
 1.06750000e-08  0.00000000e+00  1.06750000e-08  9.99336671e-01 
 1.06850000e-08  0.00000000e+00  1.06850000e-08  9.99343271e-01 
 1.06950000e-08  0.00000000e+00  1.06950000e-08  9.99349806e-01 
 1.07050000e-08  0.00000000e+00  1.07050000e-08  9.99356275e-01 
 1.07150000e-08  0.00000000e+00  1.07150000e-08  9.99362680e-01 
 1.07250000e-08  0.00000000e+00  1.07250000e-08  9.99369022e-01 
 1.07350000e-08  0.00000000e+00  1.07350000e-08  9.99375300e-01 
 1.07450000e-08  0.00000000e+00  1.07450000e-08  9.99381516e-01 
 1.07550000e-08  0.00000000e+00  1.07550000e-08  9.99387670e-01 
 1.07650000e-08  0.00000000e+00  1.07650000e-08  9.99393763e-01 
 1.07750000e-08  0.00000000e+00  1.07750000e-08  9.99399795e-01 
 1.07850000e-08  0.00000000e+00  1.07850000e-08  9.99405767e-01 
 1.07950000e-08  0.00000000e+00  1.07950000e-08  9.99411680e-01 
 1.08050000e-08  0.00000000e+00  1.08050000e-08  9.99417534e-01 
 1.08150000e-08  0.00000000e+00  1.08150000e-08  9.99423330e-01 
 1.08250000e-08  0.00000000e+00  1.08250000e-08  9.99429068e-01 
 1.08350000e-08  0.00000000e+00  1.08350000e-08  9.99434749e-01 
 1.08450000e-08  0.00000000e+00  1.08450000e-08  9.99440373e-01 
 1.08550000e-08  0.00000000e+00  1.08550000e-08  9.99445942e-01 
 1.08650000e-08  0.00000000e+00  1.08650000e-08  9.99451455e-01 
 1.08750000e-08  0.00000000e+00  1.08750000e-08  9.99456913e-01 
 1.08850000e-08  0.00000000e+00  1.08850000e-08  9.99462317e-01 
 1.08950000e-08  0.00000000e+00  1.08950000e-08  9.99467667e-01 
 1.09050000e-08  0.00000000e+00  1.09050000e-08  9.99472964e-01 
 1.09150000e-08  0.00000000e+00  1.09150000e-08  9.99478208e-01 
 1.09250000e-08  0.00000000e+00  1.09250000e-08  9.99483400e-01 
 1.09350000e-08  0.00000000e+00  1.09350000e-08  9.99488540e-01 
 1.09450000e-08  0.00000000e+00  1.09450000e-08  9.99493629e-01 
 1.09550000e-08  0.00000000e+00  1.09550000e-08  9.99498668e-01 
 1.09650000e-08  0.00000000e+00  1.09650000e-08  9.99503656e-01 
 1.09750000e-08  0.00000000e+00  1.09750000e-08  9.99508595e-01 
 1.09850000e-08  0.00000000e+00  1.09850000e-08  9.99513484e-01 
 1.09950000e-08  0.00000000e+00  1.09950000e-08  9.99518325e-01 
 1.10050000e-08  0.00000000e+00  1.10050000e-08  9.99523118e-01 
 1.10150000e-08  0.00000000e+00  1.10150000e-08  9.99527863e-01 
 1.10250000e-08  0.00000000e+00  1.10250000e-08  9.99532561e-01 
 1.10350000e-08  0.00000000e+00  1.10350000e-08  9.99537212e-01 
 1.10450000e-08  0.00000000e+00  1.10450000e-08  9.99541817e-01 
 1.10550000e-08  0.00000000e+00  1.10550000e-08  9.99546376e-01 
 1.10650000e-08  0.00000000e+00  1.10650000e-08  9.99550890e-01 
 1.10750000e-08  0.00000000e+00  1.10750000e-08  9.99555358e-01 
 1.10850000e-08  0.00000000e+00  1.10850000e-08  9.99559783e-01 
 1.10950000e-08  0.00000000e+00  1.10950000e-08  9.99564163e-01 
 1.11050000e-08  0.00000000e+00  1.11050000e-08  9.99568500e-01 
 1.11150000e-08  0.00000000e+00  1.11150000e-08  9.99572793e-01 
 1.11250000e-08  0.00000000e+00  1.11250000e-08  9.99577044e-01 
 1.11350000e-08  0.00000000e+00  1.11350000e-08  9.99581253e-01 
 1.11450000e-08  0.00000000e+00  1.11450000e-08  9.99585419e-01 
 1.11550000e-08  0.00000000e+00  1.11550000e-08  9.97920825e-01 
 1.11650000e-08  0.00000000e+00  1.11650000e-08  9.94587492e-01 
 1.11750000e-08  0.00000000e+00  1.11750000e-08  9.91254159e-01 
 1.11850000e-08  0.00000000e+00  1.11850000e-08  9.87920825e-01 
 1.11950000e-08  0.00000000e+00  1.11950000e-08  9.84587492e-01 
 1.12050000e-08  0.00000000e+00  1.12050000e-08  9.81254159e-01 
 1.12150000e-08  0.00000000e+00  1.12150000e-08  9.77920825e-01 
 1.12250000e-08  0.00000000e+00  1.12250000e-08  9.74587492e-01 
 1.12350000e-08  0.00000000e+00  1.12350000e-08  9.71254159e-01 
 1.12450000e-08  0.00000000e+00  1.12450000e-08  9.67920825e-01 
 1.12550000e-08  0.00000000e+00  1.12550000e-08  9.64587492e-01 
 1.12650000e-08  0.00000000e+00  1.12650000e-08  9.61254159e-01 
 1.12750000e-08  0.00000000e+00  1.12750000e-08  9.57920825e-01 
 1.12850000e-08  0.00000000e+00  1.12850000e-08  9.54587492e-01 
 1.12950000e-08  0.00000000e+00  1.12950000e-08  9.51254159e-01 
 1.13050000e-08  0.00000000e+00  1.13050000e-08  9.47920825e-01 
 1.13150000e-08  0.00000000e+00  1.13150000e-08  9.44587492e-01 
 1.13250000e-08  0.00000000e+00  1.13250000e-08  9.41254159e-01 
 1.13350000e-08  0.00000000e+00  1.13350000e-08  9.37920825e-01 
 1.13450000e-08  0.00000000e+00  1.13450000e-08  9.34587492e-01 
 1.13550000e-08  0.00000000e+00  1.13550000e-08  9.31254159e-01 
 1.13650000e-08  0.00000000e+00  1.13650000e-08  9.27920825e-01 
 1.13750000e-08  0.00000000e+00  1.13750000e-08  9.24587492e-01 
 1.13850000e-08  0.00000000e+00  1.13850000e-08  9.21254159e-01 
 1.13950000e-08  0.00000000e+00  1.13950000e-08  9.17920825e-01 
 1.14050000e-08  0.00000000e+00  1.14050000e-08  9.14587492e-01 
 1.14150000e-08  0.00000000e+00  1.14150000e-08  9.11254159e-01 
 1.14250000e-08  0.00000000e+00  1.14250000e-08  9.07920825e-01 
 1.14350000e-08  0.00000000e+00  1.14350000e-08  9.04587492e-01 
 1.14450000e-08  0.00000000e+00  1.14450000e-08  9.01254159e-01 
 1.14550000e-08  0.00000000e+00  1.14550000e-08  8.97920825e-01 
 1.14650000e-08  0.00000000e+00  1.14650000e-08  8.94587492e-01 
 1.14750000e-08  0.00000000e+00  1.14750000e-08  8.91254159e-01 
 1.14850000e-08  0.00000000e+00  1.14850000e-08  8.87920825e-01 
 1.14950000e-08  0.00000000e+00  1.14950000e-08  8.84587492e-01 
 1.15050000e-08  0.00000000e+00  1.15050000e-08  8.81254159e-01 
 1.15150000e-08  0.00000000e+00  1.15150000e-08  8.77920825e-01 
 1.15250000e-08  0.00000000e+00  1.15250000e-08  8.74587492e-01 
 1.15350000e-08  0.00000000e+00  1.15350000e-08  8.71254159e-01 
 1.15450000e-08  0.00000000e+00  1.15450000e-08  8.67920825e-01 
 1.15550000e-08  0.00000000e+00  1.15550000e-08  8.64587492e-01 
 1.15650000e-08  0.00000000e+00  1.15650000e-08  8.61254159e-01 
 1.15750000e-08  0.00000000e+00  1.15750000e-08  8.57920825e-01 
 1.15850000e-08  0.00000000e+00  1.15850000e-08  8.54587492e-01 
 1.15950000e-08  0.00000000e+00  1.15950000e-08  8.51254159e-01 
 1.16050000e-08  0.00000000e+00  1.16050000e-08  8.47920825e-01 
 1.16150000e-08  0.00000000e+00  1.16150000e-08  8.44587492e-01 
 1.16250000e-08  0.00000000e+00  1.16250000e-08  8.41254159e-01 
 1.16350000e-08  0.00000000e+00  1.16350000e-08  8.37920825e-01 
 1.16450000e-08  0.00000000e+00  1.16450000e-08  8.34587492e-01 
 1.16550000e-08  0.00000000e+00  1.16550000e-08  8.31254159e-01 
 1.16650000e-08  0.00000000e+00  1.16650000e-08  8.27920825e-01 
 1.16750000e-08  0.00000000e+00  1.16750000e-08  8.24587492e-01 
 1.16850000e-08  0.00000000e+00  1.16850000e-08  8.21254159e-01 
 1.16950000e-08  0.00000000e+00  1.16950000e-08  8.17920825e-01 
 1.17050000e-08  0.00000000e+00  1.17050000e-08  8.14587492e-01 
 1.17150000e-08  0.00000000e+00  1.17150000e-08  8.11254159e-01 
 1.17250000e-08  0.00000000e+00  1.17250000e-08  8.07920825e-01 
 1.17350000e-08  0.00000000e+00  1.17350000e-08  8.04587492e-01 
 1.17450000e-08  0.00000000e+00  1.17450000e-08  8.01254159e-01 
 1.17550000e-08  0.00000000e+00  1.17550000e-08  7.97920825e-01 
 1.17650000e-08  0.00000000e+00  1.17650000e-08  7.94587492e-01 
 1.17750000e-08  0.00000000e+00  1.17750000e-08  7.91254159e-01 
 1.17850000e-08  0.00000000e+00  1.17850000e-08  7.87920825e-01 
 1.17950000e-08  0.00000000e+00  1.17950000e-08  7.84587492e-01 
 1.18050000e-08  0.00000000e+00  1.18050000e-08  7.81254159e-01 
 1.18150000e-08  0.00000000e+00  1.18150000e-08  7.77920825e-01 
 1.18250000e-08  0.00000000e+00  1.18250000e-08  7.74587492e-01 
 1.18350000e-08  0.00000000e+00  1.18350000e-08  7.71254159e-01 
 1.18450000e-08  0.00000000e+00  1.18450000e-08  7.67920825e-01 
 1.18550000e-08  0.00000000e+00  1.18550000e-08  7.64587492e-01 
 1.18650000e-08  0.00000000e+00  1.18650000e-08  7.61254159e-01 
 1.18750000e-08  0.00000000e+00  1.18750000e-08  7.57920825e-01 
 1.18850000e-08  0.00000000e+00  1.18850000e-08  7.54587492e-01 
 1.18950000e-08  0.00000000e+00  1.18950000e-08  7.51254159e-01 
 1.19050000e-08  0.00000000e+00  1.19050000e-08  7.47920825e-01 
 1.19150000e-08  0.00000000e+00  1.19150000e-08  7.44587492e-01 
 1.19250000e-08  0.00000000e+00  1.19250000e-08  7.41254159e-01 
 1.19350000e-08  0.00000000e+00  1.19350000e-08  7.37920825e-01 
 1.19450000e-08  0.00000000e+00  1.19450000e-08  7.34587492e-01 
 1.19550000e-08  0.00000000e+00  1.19550000e-08  7.31254159e-01 
 1.19650000e-08  0.00000000e+00  1.19650000e-08  7.27920825e-01 
 1.19750000e-08  0.00000000e+00  1.19750000e-08  7.24587492e-01 
 1.19850000e-08  0.00000000e+00  1.19850000e-08  7.21254159e-01 
 1.19950000e-08  0.00000000e+00  1.19950000e-08  7.17920825e-01 
 1.20050000e-08  0.00000000e+00  1.20050000e-08  7.14587492e-01 
 1.20150000e-08  0.00000000e+00  1.20150000e-08  7.11254159e-01 
 1.20250000e-08  0.00000000e+00  1.20250000e-08  7.07920825e-01 
 1.20350000e-08  0.00000000e+00  1.20350000e-08  7.04587492e-01 
 1.20450000e-08  0.00000000e+00  1.20450000e-08  7.01254159e-01 
 1.20550000e-08  0.00000000e+00  1.20550000e-08  6.97920825e-01 
 1.20650000e-08  0.00000000e+00  1.20650000e-08  6.94587492e-01 
 1.20750000e-08  0.00000000e+00  1.20750000e-08  6.91254159e-01 
 1.20850000e-08  0.00000000e+00  1.20850000e-08  6.87920825e-01 
 1.20950000e-08  0.00000000e+00  1.20950000e-08  6.84587492e-01 
 1.21050000e-08  0.00000000e+00  1.21050000e-08  6.81254159e-01 
 1.21150000e-08  0.00000000e+00  1.21150000e-08  6.77920825e-01 
 1.21250000e-08  0.00000000e+00  1.21250000e-08  6.74587492e-01 
 1.21350000e-08  0.00000000e+00  1.21350000e-08  6.71254159e-01 
 1.21450000e-08  0.00000000e+00  1.21450000e-08  6.67920825e-01 
 1.21550000e-08  0.00000000e+00  1.21550000e-08  6.64587492e-01 
 1.21650000e-08  0.00000000e+00  1.21650000e-08  6.61254159e-01 
 1.21750000e-08  0.00000000e+00  1.21750000e-08  6.57920825e-01 
 1.21850000e-08  0.00000000e+00  1.21850000e-08  6.54587492e-01 
 1.21950000e-08  0.00000000e+00  1.21950000e-08  6.51254159e-01 
 1.22050000e-08  0.00000000e+00  1.22050000e-08  6.47920825e-01 
 1.22150000e-08  0.00000000e+00  1.22150000e-08  6.44587492e-01 
 1.22250000e-08  0.00000000e+00  1.22250000e-08  6.41254159e-01 
 1.22350000e-08  0.00000000e+00  1.22350000e-08  6.37920825e-01 
 1.22450000e-08  0.00000000e+00  1.22450000e-08  6.34587492e-01 
 1.22550000e-08  0.00000000e+00  1.22550000e-08  6.31254159e-01 
 1.22650000e-08  0.00000000e+00  1.22650000e-08  6.27920825e-01 
 1.22750000e-08  0.00000000e+00  1.22750000e-08  6.24587492e-01 
 1.22850000e-08  0.00000000e+00  1.22850000e-08  6.21254159e-01 
 1.22950000e-08  0.00000000e+00  1.22950000e-08  6.17920825e-01 
 1.23050000e-08  0.00000000e+00  1.23050000e-08  6.14587492e-01 
 1.23150000e-08  0.00000000e+00  1.23150000e-08  6.11254159e-01 
 1.23250000e-08  0.00000000e+00  1.23250000e-08  6.07920825e-01 
 1.23350000e-08  0.00000000e+00  1.23350000e-08  6.04587492e-01 
 1.23450000e-08  0.00000000e+00  1.23450000e-08  6.01254159e-01 
 1.23550000e-08  0.00000000e+00  1.23550000e-08  5.97920825e-01 
 1.23650000e-08  0.00000000e+00  1.23650000e-08  5.94587492e-01 
 1.23750000e-08  0.00000000e+00  1.23750000e-08  5.91254159e-01 
 1.23850000e-08  0.00000000e+00  1.23850000e-08  5.87920825e-01 
 1.23950000e-08  0.00000000e+00  1.23950000e-08  5.84587492e-01 
 1.24050000e-08  0.00000000e+00  1.24050000e-08  5.81254159e-01 
 1.24150000e-08  0.00000000e+00  1.24150000e-08  5.77920825e-01 
 1.24250000e-08  0.00000000e+00  1.24250000e-08  5.74587492e-01 
 1.24350000e-08  0.00000000e+00  1.24350000e-08  5.71254159e-01 
 1.24450000e-08  0.00000000e+00  1.24450000e-08  5.67920825e-01 
 1.24550000e-08  0.00000000e+00  1.24550000e-08  5.64587492e-01 
 1.24650000e-08  0.00000000e+00  1.24650000e-08  5.61254159e-01 
 1.24750000e-08  0.00000000e+00  1.24750000e-08  5.57920825e-01 
 1.24850000e-08  0.00000000e+00  1.24850000e-08  5.54587492e-01 
 1.24950000e-08  0.00000000e+00  1.24950000e-08  5.51254159e-01 
 1.25050000e-08  0.00000000e+00  1.25050000e-08  5.47920825e-01 
 1.25150000e-08  0.00000000e+00  1.25150000e-08  5.44587492e-01 
 1.25250000e-08  0.00000000e+00  1.25250000e-08  5.41254159e-01 
 1.25350000e-08  0.00000000e+00  1.25350000e-08  5.37920825e-01 
 1.25450000e-08  0.00000000e+00  1.25450000e-08  5.34587492e-01 
 1.25550000e-08  0.00000000e+00  1.25550000e-08  5.31254159e-01 
 1.25650000e-08  0.00000000e+00  1.25650000e-08  5.27920825e-01 
 1.25750000e-08  0.00000000e+00  1.25750000e-08  5.24587492e-01 
 1.25850000e-08  0.00000000e+00  1.25850000e-08  5.21254159e-01 
 1.25950000e-08  0.00000000e+00  1.25950000e-08  5.17920825e-01 
 1.26050000e-08  0.00000000e+00  1.26050000e-08  5.14587492e-01 
 1.26150000e-08  0.00000000e+00  1.26150000e-08  5.11254159e-01 
 1.26250000e-08  0.00000000e+00  1.26250000e-08  5.07920825e-01 
 1.26350000e-08  0.00000000e+00  1.26350000e-08  5.04587492e-01 
 1.26450000e-08  0.00000000e+00  1.26450000e-08  5.01254159e-01 
 1.26550000e-08  0.00000000e+00  1.26550000e-08  4.97920825e-01 
 1.26650000e-08  0.00000000e+00  1.26650000e-08  4.94587492e-01 
 1.26750000e-08  0.00000000e+00  1.26750000e-08  4.91254159e-01 
 1.26850000e-08  0.00000000e+00  1.26850000e-08  4.87920825e-01 
 1.26950000e-08  0.00000000e+00  1.26950000e-08  4.84587492e-01 
 1.27050000e-08  0.00000000e+00  1.27050000e-08  4.81254159e-01 
 1.27150000e-08  0.00000000e+00  1.27150000e-08  4.77920825e-01 
 1.27250000e-08  0.00000000e+00  1.27250000e-08  4.74587492e-01 
 1.27350000e-08  0.00000000e+00  1.27350000e-08  4.71254159e-01 
 1.27450000e-08  0.00000000e+00  1.27450000e-08  4.67920825e-01 
 1.27550000e-08  0.00000000e+00  1.27550000e-08  4.64587492e-01 
 1.27650000e-08  0.00000000e+00  1.27650000e-08  4.61254159e-01 
 1.27750000e-08  0.00000000e+00  1.27750000e-08  4.57920825e-01 
 1.27850000e-08  0.00000000e+00  1.27850000e-08  4.54587492e-01 
 1.27950000e-08  0.00000000e+00  1.27950000e-08  4.51254159e-01 
 1.28050000e-08  0.00000000e+00  1.28050000e-08  4.47920825e-01 
 1.28150000e-08  0.00000000e+00  1.28150000e-08  4.44587492e-01 
 1.28250000e-08  0.00000000e+00  1.28250000e-08  4.41254159e-01 
 1.28350000e-08  0.00000000e+00  1.28350000e-08  4.37920825e-01 
 1.28450000e-08  0.00000000e+00  1.28450000e-08  4.34587492e-01 
 1.28550000e-08  0.00000000e+00  1.28550000e-08  4.31254159e-01 
 1.28650000e-08  0.00000000e+00  1.28650000e-08  4.27920825e-01 
 1.28750000e-08  0.00000000e+00  1.28750000e-08  4.24587492e-01 
 1.28850000e-08  0.00000000e+00  1.28850000e-08  4.21254159e-01 
 1.28950000e-08  0.00000000e+00  1.28950000e-08  4.17920825e-01 
 1.29050000e-08  0.00000000e+00  1.29050000e-08  4.14587492e-01 
 1.29150000e-08  0.00000000e+00  1.29150000e-08  4.11254159e-01 
 1.29250000e-08  0.00000000e+00  1.29250000e-08  4.07920825e-01 
 1.29350000e-08  0.00000000e+00  1.29350000e-08  4.04587492e-01 
 1.29450000e-08  0.00000000e+00  1.29450000e-08  4.01254159e-01 
 1.29550000e-08  0.00000000e+00  1.29550000e-08  3.97920825e-01 
 1.29650000e-08  0.00000000e+00  1.29650000e-08  3.94587492e-01 
 1.29750000e-08  0.00000000e+00  1.29750000e-08  3.91254159e-01 
 1.29850000e-08  0.00000000e+00  1.29850000e-08  3.87920825e-01 
 1.29950000e-08  0.00000000e+00  1.29950000e-08  3.84587492e-01 
 1.30050000e-08  0.00000000e+00  1.30050000e-08  3.81254159e-01 
 1.30150000e-08  0.00000000e+00  1.30150000e-08  3.77920825e-01 
 1.30250000e-08  0.00000000e+00  1.30250000e-08  3.74587492e-01 
 1.30350000e-08  0.00000000e+00  1.30350000e-08  3.71254159e-01 
 1.30450000e-08  0.00000000e+00  1.30450000e-08  3.67920825e-01 
 1.30550000e-08  0.00000000e+00  1.30550000e-08  3.64587492e-01 
 1.30650000e-08  0.00000000e+00  1.30650000e-08  3.61254159e-01 
 1.30750000e-08  0.00000000e+00  1.30750000e-08  3.57920825e-01 
 1.30850000e-08  0.00000000e+00  1.30850000e-08  3.54587492e-01 
 1.30950000e-08  0.00000000e+00  1.30950000e-08  3.51254159e-01 
 1.31050000e-08  0.00000000e+00  1.31050000e-08  3.47920825e-01 
 1.31150000e-08  0.00000000e+00  1.31150000e-08  3.44587492e-01 
 1.31250000e-08  0.00000000e+00  1.31250000e-08  3.41254159e-01 
 1.31350000e-08  0.00000000e+00  1.31350000e-08  3.37920825e-01 
 1.31450000e-08  0.00000000e+00  1.31450000e-08  3.34587492e-01 
 1.31550000e-08  0.00000000e+00  1.31550000e-08  3.31254159e-01 
 1.31650000e-08  0.00000000e+00  1.31650000e-08  3.27947753e-01 
 1.31750000e-08  0.00000000e+00  1.31750000e-08  3.24684592e-01 
 1.31850000e-08  0.00000000e+00  1.31850000e-08  3.21453899e-01 
 1.31950000e-08  0.00000000e+00  1.31950000e-08  3.18255353e-01 
 1.32050000e-08  0.00000000e+00  1.32050000e-08  3.15088633e-01 
 1.32150000e-08  0.00000000e+00  1.32150000e-08  3.11953423e-01 
 1.32250000e-08  0.00000000e+00  1.32250000e-08  3.08849409e-01 
 1.32350000e-08  0.00000000e+00  1.32350000e-08  3.05776280e-01 
 1.32450000e-08  0.00000000e+00  1.32450000e-08  3.02733730e-01 
 1.32550000e-08  0.00000000e+00  1.32550000e-08  2.99721454e-01 
 1.32650000e-08  0.00000000e+00  1.32650000e-08  2.96739151e-01 
 1.32750000e-08  0.00000000e+00  1.32750000e-08  2.93786523e-01 
 1.32850000e-08  0.00000000e+00  1.32850000e-08  2.90863274e-01 
 1.32950000e-08  0.00000000e+00  1.32950000e-08  2.87969112e-01 
 1.33050000e-08  0.00000000e+00  1.33050000e-08  2.85103748e-01 
 1.33150000e-08  0.00000000e+00  1.33150000e-08  2.82266894e-01 
 1.33250000e-08  0.00000000e+00  1.33250000e-08  2.79458269e-01 
 1.33350000e-08  0.00000000e+00  1.33350000e-08  2.76677589e-01 
 1.33450000e-08  0.00000000e+00  1.33450000e-08  2.73924578e-01 
 1.33550000e-08  0.00000000e+00  1.33550000e-08  2.71198961e-01 
 1.33650000e-08  0.00000000e+00  1.33650000e-08  2.68500464e-01 
 1.33750000e-08  0.00000000e+00  1.33750000e-08  2.65828817e-01 
 1.33850000e-08  0.00000000e+00  1.33850000e-08  2.63183754e-01 
 1.33950000e-08  0.00000000e+00  1.33950000e-08  2.60565011e-01 
 1.34050000e-08  0.00000000e+00  1.34050000e-08  2.57972324e-01 
 1.34150000e-08  0.00000000e+00  1.34150000e-08  2.55405435e-01 
 1.34250000e-08  0.00000000e+00  1.34250000e-08  2.52864087e-01 
 1.34350000e-08  0.00000000e+00  1.34350000e-08  2.50348027e-01 
 1.34450000e-08  0.00000000e+00  1.34450000e-08  2.47857002e-01 
 1.34550000e-08  0.00000000e+00  1.34550000e-08  2.45390763e-01 
 1.34650000e-08  0.00000000e+00  1.34650000e-08  2.42949064e-01 
 1.34750000e-08  0.00000000e+00  1.34750000e-08  2.40531660e-01 
 1.34850000e-08  0.00000000e+00  1.34850000e-08  2.38138310e-01 
 1.34950000e-08  0.00000000e+00  1.34950000e-08  2.35768775e-01 
 1.35050000e-08  0.00000000e+00  1.35050000e-08  2.33422817e-01 
 1.35150000e-08  0.00000000e+00  1.35150000e-08  2.31100202e-01 
 1.35250000e-08  0.00000000e+00  1.35250000e-08  2.28800697e-01 
 1.35350000e-08  0.00000000e+00  1.35350000e-08  2.26524073e-01 
 1.35450000e-08  0.00000000e+00  1.35450000e-08  2.24270103e-01 
 1.35550000e-08  0.00000000e+00  1.35550000e-08  2.22038559e-01 
 1.35650000e-08  0.00000000e+00  1.35650000e-08  2.19829220e-01 
 1.35750000e-08  0.00000000e+00  1.35750000e-08  2.17641865e-01 
 1.35850000e-08  0.00000000e+00  1.35850000e-08  2.15476274e-01 
 1.35950000e-08  0.00000000e+00  1.35950000e-08  2.13332232e-01 
 1.36050000e-08  0.00000000e+00  1.36050000e-08  2.11209523e-01 
 1.36150000e-08  0.00000000e+00  1.36150000e-08  2.09107936e-01 
 1.36250000e-08  0.00000000e+00  1.36250000e-08  2.07027260e-01 
 1.36350000e-08  0.00000000e+00  1.36350000e-08  2.04967287e-01 
 1.36450000e-08  0.00000000e+00  1.36450000e-08  2.02927811e-01 
 1.36550000e-08  0.00000000e+00  1.36550000e-08  2.00908629e-01 
 1.36650000e-08  0.00000000e+00  1.36650000e-08  1.98909538e-01 
 1.36750000e-08  0.00000000e+00  1.36750000e-08  1.96930339e-01 
 1.36850000e-08  0.00000000e+00  1.36850000e-08  1.94970833e-01 
 1.36950000e-08  0.00000000e+00  1.36950000e-08  1.93030825e-01 
 1.37050000e-08  0.00000000e+00  1.37050000e-08  1.91110120e-01 
 1.37150000e-08  0.00000000e+00  1.37150000e-08  1.89208527e-01 
 1.37250000e-08  0.00000000e+00  1.37250000e-08  1.87325855e-01 
 1.37350000e-08  0.00000000e+00  1.37350000e-08  1.85461916e-01 
 1.37450000e-08  0.00000000e+00  1.37450000e-08  1.83616524e-01 
 1.37550000e-08  0.00000000e+00  1.37550000e-08  1.81789494e-01 
 1.37650000e-08  0.00000000e+00  1.37650000e-08  1.79980643e-01 
 1.37750000e-08  0.00000000e+00  1.37750000e-08  1.78189791e-01 
 1.37850000e-08  0.00000000e+00  1.37850000e-08  1.76416758e-01 
 1.37950000e-08  0.00000000e+00  1.37950000e-08  1.74661368e-01 
 1.38050000e-08  0.00000000e+00  1.38050000e-08  1.72923444e-01 
 1.38150000e-08  0.00000000e+00  1.38150000e-08  1.71202812e-01 
 1.38250000e-08  0.00000000e+00  1.38250000e-08  1.69499302e-01 
 1.38350000e-08  0.00000000e+00  1.38350000e-08  1.67812742e-01 
 1.38450000e-08  0.00000000e+00  1.38450000e-08  1.66142963e-01 
 1.38550000e-08  0.00000000e+00  1.38550000e-08  1.64489799e-01 
 1.38650000e-08  0.00000000e+00  1.38650000e-08  1.62853085e-01 
 1.38750000e-08  0.00000000e+00  1.38750000e-08  1.61232656e-01 
 1.38850000e-08  0.00000000e+00  1.38850000e-08  1.59628351e-01 
 1.38950000e-08  0.00000000e+00  1.38950000e-08  1.58040009e-01 
 1.39050000e-08  0.00000000e+00  1.39050000e-08  1.56467472e-01 
 1.39150000e-08  0.00000000e+00  1.39150000e-08  1.54910582e-01 
 1.39250000e-08  0.00000000e+00  1.39250000e-08  1.53369183e-01 
 1.39350000e-08  0.00000000e+00  1.39350000e-08  1.51843121e-01 
 1.39450000e-08  0.00000000e+00  1.39450000e-08  1.50332244e-01 
 1.39550000e-08  0.00000000e+00  1.39550000e-08  1.48836401e-01 
 1.39650000e-08  0.00000000e+00  1.39650000e-08  1.47355442e-01 
 1.39750000e-08  0.00000000e+00  1.39750000e-08  1.45889219e-01 
 1.39850000e-08  0.00000000e+00  1.39850000e-08  1.44437585e-01 
 1.39950000e-08  0.00000000e+00  1.39950000e-08  1.43000395e-01 
 1.40050000e-08  0.00000000e+00  1.40050000e-08  1.41577505e-01 
 1.40150000e-08  0.00000000e+00  1.40150000e-08  1.40168774e-01 
 1.40250000e-08  0.00000000e+00  1.40250000e-08  1.38774060e-01 
 1.40350000e-08  0.00000000e+00  1.40350000e-08  1.37393223e-01 
 1.40450000e-08  0.00000000e+00  1.40450000e-08  1.36026126e-01 
 1.40550000e-08  0.00000000e+00  1.40550000e-08  1.34672633e-01 
 1.40650000e-08  0.00000000e+00  1.40650000e-08  1.33332606e-01 
 1.40750000e-08  0.00000000e+00  1.40750000e-08  1.32005914e-01 
 1.40850000e-08  0.00000000e+00  1.40850000e-08  1.30692422e-01 
 1.40950000e-08  0.00000000e+00  1.40950000e-08  1.29392000e-01 
 1.41050000e-08  0.00000000e+00  1.41050000e-08  1.28104518e-01 
 1.41150000e-08  0.00000000e+00  1.41150000e-08  1.26829846e-01 
 1.41250000e-08  0.00000000e+00  1.41250000e-08  1.25567857e-01 
 1.41350000e-08  0.00000000e+00  1.41350000e-08  1.24318426e-01 
 1.41450000e-08  0.00000000e+00  1.41450000e-08  1.23081427e-01 
 1.41550000e-08  0.00000000e+00  1.41550000e-08  1.21856736e-01 
 1.41650000e-08  0.00000000e+00  1.41650000e-08  1.20644231e-01 
 1.41750000e-08  0.00000000e+00  1.41750000e-08  1.19443791e-01 
 1.41850000e-08  0.00000000e+00  1.41850000e-08  1.18255295e-01 
 1.41950000e-08  0.00000000e+00  1.41950000e-08  1.17078626e-01 
 1.42050000e-08  0.00000000e+00  1.42050000e-08  1.15913664e-01 
 1.42150000e-08  0.00000000e+00  1.42150000e-08  1.14760294e-01 
 1.42250000e-08  0.00000000e+00  1.42250000e-08  1.13618401e-01 
 1.42350000e-08  0.00000000e+00  1.42350000e-08  1.12487870e-01 
 1.42450000e-08  0.00000000e+00  1.42450000e-08  1.11368587e-01 
 1.42550000e-08  0.00000000e+00  1.42550000e-08  1.10260442e-01 
 1.42650000e-08  0.00000000e+00  1.42650000e-08  1.09163323e-01 
 1.42750000e-08  0.00000000e+00  1.42750000e-08  1.08077121e-01 
 1.42850000e-08  0.00000000e+00  1.42850000e-08  1.07001727e-01 
 1.42950000e-08  0.00000000e+00  1.42950000e-08  1.05937033e-01 
 1.43050000e-08  0.00000000e+00  1.43050000e-08  1.04882933e-01 
 1.43150000e-08  0.00000000e+00  1.43150000e-08  1.03839322e-01 
 1.43250000e-08  0.00000000e+00  1.43250000e-08  1.02806095e-01 
 1.43350000e-08  0.00000000e+00  1.43350000e-08  1.01783149e-01 
 1.43450000e-08  0.00000000e+00  1.43450000e-08  1.00770381e-01 
 1.43550000e-08  0.00000000e+00  1.43550000e-08  9.97676907e-02 
 1.43650000e-08  0.00000000e+00  1.43650000e-08  9.87749774e-02 
 1.43750000e-08  0.00000000e+00  1.43750000e-08  9.77921418e-02 
 1.43850000e-08  0.00000000e+00  1.43850000e-08  9.68190856e-02 
 1.43950000e-08  0.00000000e+00  1.43950000e-08  9.58557116e-02 
 1.44050000e-08  0.00000000e+00  1.44050000e-08  9.49019235e-02 
 1.44150000e-08  0.00000000e+00  1.44150000e-08  9.39576257e-02 
 1.44250000e-08  0.00000000e+00  1.44250000e-08  9.30227240e-02 
 1.44350000e-08  0.00000000e+00  1.44350000e-08  9.20971247e-02 
 1.44450000e-08  0.00000000e+00  1.44450000e-08  9.11807354e-02 
 1.44550000e-08  0.00000000e+00  1.44550000e-08  9.02734644e-02 
 1.44650000e-08  0.00000000e+00  1.44650000e-08  8.93752210e-02 
 1.44750000e-08  0.00000000e+00  1.44750000e-08  8.84859153e-02 
 1.44850000e-08  0.00000000e+00  1.44850000e-08  8.76054585e-02 
 1.44950000e-08  0.00000000e+00  1.44950000e-08  8.67337623e-02 
 1.45050000e-08  0.00000000e+00  1.45050000e-08  8.58707398e-02 
 1.45150000e-08  0.00000000e+00  1.45150000e-08  8.50163046e-02 
 1.45250000e-08  0.00000000e+00  1.45250000e-08  8.41703712e-02 
 1.45350000e-08  0.00000000e+00  1.45350000e-08  8.33328551e-02 
 1.45450000e-08  0.00000000e+00  1.45450000e-08  8.25036725e-02 
 1.45550000e-08  0.00000000e+00  1.45550000e-08  8.16827404e-02 
 1.45650000e-08  0.00000000e+00  1.45650000e-08  8.08699768e-02 
 1.45750000e-08  0.00000000e+00  1.45750000e-08  8.00653004e-02 
 1.45850000e-08  0.00000000e+00  1.45850000e-08  7.92686308e-02 
 1.45950000e-08  0.00000000e+00  1.45950000e-08  7.84798882e-02 
 1.46050000e-08  0.00000000e+00  1.46050000e-08  7.76989938e-02 
 1.46150000e-08  0.00000000e+00  1.46150000e-08  7.69258695e-02 
 1.46250000e-08  0.00000000e+00  1.46250000e-08  7.61604379e-02 
 1.46350000e-08  0.00000000e+00  1.46350000e-08  7.54026226e-02 
 1.46450000e-08  0.00000000e+00  1.46450000e-08  7.46523478e-02 
 1.46550000e-08  0.00000000e+00  1.46550000e-08  7.39095383e-02 
 1.46650000e-08  0.00000000e+00  1.46650000e-08  7.31741200e-02 
 1.46750000e-08  0.00000000e+00  1.46750000e-08  7.24460193e-02 
 1.46850000e-08  0.00000000e+00  1.46850000e-08  7.17251634e-02 
 1.46950000e-08  0.00000000e+00  1.46950000e-08  7.10114802e-02 
 1.47050000e-08  0.00000000e+00  1.47050000e-08  7.03048983e-02 
 1.47150000e-08  0.00000000e+00  1.47150000e-08  6.96053471e-02 
 1.47250000e-08  0.00000000e+00  1.47250000e-08  6.89127566e-02 
 1.47350000e-08  0.00000000e+00  1.47350000e-08  6.82270575e-02 
 1.47450000e-08  0.00000000e+00  1.47450000e-08  6.75481813e-02 
 1.47550000e-08  0.00000000e+00  1.47550000e-08  6.68760601e-02 
 1.47650000e-08  0.00000000e+00  1.47650000e-08  6.62106267e-02 
 1.47750000e-08  0.00000000e+00  1.47750000e-08  6.55518145e-02 
 1.47850000e-08  0.00000000e+00  1.47850000e-08  6.48995576e-02 
 1.47950000e-08  0.00000000e+00  1.47950000e-08  6.42537909e-02 
 1.48050000e-08  0.00000000e+00  1.48050000e-08  6.36144497e-02 
 1.48150000e-08  0.00000000e+00  1.48150000e-08  6.29814701e-02 
 1.48250000e-08  0.00000000e+00  1.48250000e-08  6.23547888e-02 
 1.48350000e-08  0.00000000e+00  1.48350000e-08  6.17343431e-02 
 1.48450000e-08  0.00000000e+00  1.48450000e-08  6.11200710e-02 
 1.48550000e-08  0.00000000e+00  1.48550000e-08  6.05119111e-02 
 1.48650000e-08  0.00000000e+00  1.48650000e-08  5.99098026e-02 
 1.48750000e-08  0.00000000e+00  1.48750000e-08  5.93136851e-02 
 1.48850000e-08  0.00000000e+00  1.48850000e-08  5.87234992e-02 
 1.48950000e-08  0.00000000e+00  1.48950000e-08  5.81391858e-02 
 1.49050000e-08  0.00000000e+00  1.49050000e-08  5.75606864e-02 
 1.49150000e-08  0.00000000e+00  1.49150000e-08  5.69879433e-02 
 1.49250000e-08  0.00000000e+00  1.49250000e-08  5.64208990e-02 
 1.49350000e-08  0.00000000e+00  1.49350000e-08  5.58594971e-02 
 1.49450000e-08  0.00000000e+00  1.49450000e-08  5.53036812e-02 
 1.49550000e-08  0.00000000e+00  1.49550000e-08  5.47533958e-02 
 1.49650000e-08  0.00000000e+00  1.49650000e-08  5.42085859e-02 
 1.49750000e-08  0.00000000e+00  1.49750000e-08  5.36691970e-02 
 1.49850000e-08  0.00000000e+00  1.49850000e-08  5.31351751e-02 
 1.49950000e-08  0.00000000e+00  1.49950000e-08  5.26064669e-02 
 1.50050000e-08  0.00000000e+00  1.50050000e-08  5.20830195e-02 
 1.50150000e-08  0.00000000e+00  1.50150000e-08  5.15647805e-02 
 1.50250000e-08  0.00000000e+00  1.50250000e-08  5.10516981e-02 
 1.50350000e-08  0.00000000e+00  1.50350000e-08  5.05437210e-02 
 1.50450000e-08  0.00000000e+00  1.50450000e-08  5.00407984e-02 
 1.50550000e-08  0.00000000e+00  1.50550000e-08  4.95428800e-02 
 1.50650000e-08  0.00000000e+00  1.50650000e-08  4.90499160e-02 
 1.50750000e-08  0.00000000e+00  1.50750000e-08  4.85618571e-02 
 1.50850000e-08  0.00000000e+00  1.50850000e-08  4.80786546e-02 
 1.50950000e-08  0.00000000e+00  1.50950000e-08  4.76002600e-02 
 1.51050000e-08  0.00000000e+00  1.51050000e-08  4.71266256e-02 
 1.51150000e-08  0.00000000e+00  1.51150000e-08  4.66577039e-02 
 1.51250000e-08  0.00000000e+00  1.51250000e-08  4.61934482e-02 
 1.51350000e-08  0.00000000e+00  1.51350000e-08  4.57338119e-02 
 1.51450000e-08  0.00000000e+00  1.51450000e-08  4.52787491e-02 
 1.51550000e-08  0.00000000e+00  1.51550000e-08  4.48282143e-02 
 1.51650000e-08  0.00000000e+00  1.51650000e-08  4.43821624e-02 
 1.51750000e-08  0.00000000e+00  1.51750000e-08  4.39405488e-02 
 1.51850000e-08  0.00000000e+00  1.51850000e-08  4.35033294e-02 
 1.51950000e-08  0.00000000e+00  1.51950000e-08  4.30704605e-02 
 1.52050000e-08  0.00000000e+00  1.52050000e-08  4.26418987e-02 
 1.52150000e-08  0.00000000e+00  1.52150000e-08  4.22176012e-02 
 1.52250000e-08  0.00000000e+00  1.52250000e-08  4.17975255e-02 
 1.52350000e-08  0.00000000e+00  1.52350000e-08  4.13816298e-02 
 1.52450000e-08  0.00000000e+00  1.52450000e-08  4.09698723e-02 
 1.52550000e-08  0.00000000e+00  1.52550000e-08  4.05622118e-02 
 1.52650000e-08  0.00000000e+00  1.52650000e-08  4.01586077e-02 
 1.52750000e-08  0.00000000e+00  1.52750000e-08  3.97590196e-02 
 1.52850000e-08  0.00000000e+00  1.52850000e-08  3.93634075e-02 
 1.52950000e-08  0.00000000e+00  1.52950000e-08  3.89717318e-02 
 1.53050000e-08  0.00000000e+00  1.53050000e-08  3.85839533e-02 
 1.53150000e-08  0.00000000e+00  1.53150000e-08  3.82000334e-02 
 1.53250000e-08  0.00000000e+00  1.53250000e-08  3.78199336e-02 
 1.53350000e-08  0.00000000e+00  1.53350000e-08  3.74436158e-02 
 1.53450000e-08  0.00000000e+00  1.53450000e-08  3.70710425e-02 
 1.53550000e-08  0.00000000e+00  1.53550000e-08  3.67021764e-02 
 1.53650000e-08  0.00000000e+00  1.53650000e-08  3.63369807e-02 
 1.53750000e-08  0.00000000e+00  1.53750000e-08  3.59754187e-02 
 1.53850000e-08  0.00000000e+00  1.53850000e-08  3.56174543e-02 
 1.53950000e-08  0.00000000e+00  1.53950000e-08  3.52630518e-02 
 1.54050000e-08  0.00000000e+00  1.54050000e-08  3.49121756e-02 
 1.54150000e-08  0.00000000e+00  1.54150000e-08  3.45647908e-02 
 1.54250000e-08  0.00000000e+00  1.54250000e-08  3.42208625e-02 
 1.54350000e-08  0.00000000e+00  1.54350000e-08  3.38803564e-02 
 1.54450000e-08  0.00000000e+00  1.54450000e-08  3.35432385e-02 
 1.54550000e-08  0.00000000e+00  1.54550000e-08  3.32094749e-02 
 1.54650000e-08  0.00000000e+00  1.54650000e-08  3.28790324e-02 
 1.54750000e-08  0.00000000e+00  1.54750000e-08  3.25518778e-02 
 1.54850000e-08  0.00000000e+00  1.54850000e-08  3.22279785e-02 
 1.54950000e-08  0.00000000e+00  1.54950000e-08  3.19073021e-02 
 1.55050000e-08  0.00000000e+00  1.55050000e-08  3.15898165e-02 
 1.55150000e-08  0.00000000e+00  1.55150000e-08  3.12754900e-02 
 1.55250000e-08  0.00000000e+00  1.55250000e-08  3.09642911e-02 
 1.55350000e-08  0.00000000e+00  1.55350000e-08  3.06561887e-02 
 1.55450000e-08  0.00000000e+00  1.55450000e-08  3.03511520e-02 
 1.55550000e-08  0.00000000e+00  1.55550000e-08  3.00491505e-02 
 1.55650000e-08  0.00000000e+00  1.55650000e-08  2.97501540e-02 
 1.55750000e-08  0.00000000e+00  1.55750000e-08  2.94541325e-02 
 1.55850000e-08  0.00000000e+00  1.55850000e-08  2.91610566e-02 
 1.55950000e-08  0.00000000e+00  1.55950000e-08  2.88708968e-02 
 1.56050000e-08  0.00000000e+00  1.56050000e-08  2.85836242e-02 
 1.56150000e-08  0.00000000e+00  1.56150000e-08  2.82992100e-02 
 1.56250000e-08  0.00000000e+00  1.56250000e-08  2.80176259e-02 
 1.56350000e-08  0.00000000e+00  1.56350000e-08  2.77388435e-02 
 1.56450000e-08  0.00000000e+00  1.56450000e-08  2.74628351e-02 
 1.56550000e-08  0.00000000e+00  1.56550000e-08  2.71895731e-02 
 1.56650000e-08  0.00000000e+00  1.56650000e-08  2.69190301e-02 
 1.56750000e-08  0.00000000e+00  1.56750000e-08  2.66511790e-02 
 1.56850000e-08  0.00000000e+00  1.56850000e-08  2.63859932e-02 
 1.56950000e-08  0.00000000e+00  1.56950000e-08  2.61234460e-02 
 1.57050000e-08  0.00000000e+00  1.57050000e-08  2.58635112e-02 
 1.57150000e-08  0.00000000e+00  1.57150000e-08  2.56061628e-02 
 1.57250000e-08  0.00000000e+00  1.57250000e-08  2.53513751e-02 
 1.57350000e-08  0.00000000e+00  1.57350000e-08  2.50991226e-02 
 1.57450000e-08  0.00000000e+00  1.57450000e-08  2.48493801e-02 
 1.57550000e-08  0.00000000e+00  1.57550000e-08  2.46021226e-02 
 1.57650000e-08  0.00000000e+00  1.57650000e-08  2.43573254e-02 
 1.57750000e-08  0.00000000e+00  1.57750000e-08  2.41149639e-02 
 1.57850000e-08  0.00000000e+00  1.57850000e-08  2.38750140e-02 
 1.57950000e-08  0.00000000e+00  1.57950000e-08  2.36374517e-02 
 1.58050000e-08  0.00000000e+00  1.58050000e-08  2.34022532e-02 
 1.58150000e-08  0.00000000e+00  1.58150000e-08  2.31693949e-02 
 1.58250000e-08  0.00000000e+00  1.58250000e-08  2.29388537e-02 
 1.58350000e-08  0.00000000e+00  1.58350000e-08  2.27106064e-02 
 1.58450000e-08  0.00000000e+00  1.58450000e-08  2.24846302e-02 
 1.58550000e-08  0.00000000e+00  1.58550000e-08  2.22609025e-02 
 1.58650000e-08  0.00000000e+00  1.58650000e-08  2.20394010e-02 
 1.58750000e-08  0.00000000e+00  1.58750000e-08  2.18201035e-02 
 1.58850000e-08  0.00000000e+00  1.58850000e-08  2.16029880e-02 
 1.58950000e-08  0.00000000e+00  1.58950000e-08  2.13880329e-02 
 1.59050000e-08  0.00000000e+00  1.59050000e-08  2.11752167e-02 
 1.59150000e-08  0.00000000e+00  1.59150000e-08  2.09645180e-02 
 1.59250000e-08  0.00000000e+00  1.59250000e-08  2.07559158e-02 
 1.59350000e-08  0.00000000e+00  1.59350000e-08  2.05493893e-02 
 1.59450000e-08  0.00000000e+00  1.59450000e-08  2.03449178e-02 
 1.59550000e-08  0.00000000e+00  1.59550000e-08  2.01424808e-02 
 1.59650000e-08  0.00000000e+00  1.59650000e-08  1.99420581e-02 
 1.59750000e-08  0.00000000e+00  1.59750000e-08  1.97436297e-02 
 1.59850000e-08  0.00000000e+00  1.59850000e-08  1.95471756e-02 
 1.59950000e-08  0.00000000e+00  1.59950000e-08  1.93526764e-02 
 1.60050000e-08  0.00000000e+00  1.60050000e-08  1.91601124e-02 
 1.60150000e-08  0.00000000e+00  1.60150000e-08  1.89694645e-02 
 1.60250000e-08  0.00000000e+00  1.60250000e-08  1.87807136e-02 
 1.60350000e-08  0.00000000e+00  1.60350000e-08  1.85938409e-02 
 1.60450000e-08  0.00000000e+00  1.60450000e-08  1.84088275e-02 
 1.60550000e-08  0.00000000e+00  1.60550000e-08  1.82256551e-02 
 1.60650000e-08  0.00000000e+00  1.60650000e-08  1.80443053e-02 
 1.60750000e-08  0.00000000e+00  1.60750000e-08  1.78647600e-02 
 1.60850000e-08  0.00000000e+00  1.60850000e-08  1.76870012e-02 
 1.60950000e-08  0.00000000e+00  1.60950000e-08  1.75110111e-02 
 1.61050000e-08  0.00000000e+00  1.61050000e-08  1.73367722e-02 
 1.61150000e-08  0.00000000e+00  1.61150000e-08  1.71642670e-02 
 1.61250000e-08  0.00000000e+00  1.61250000e-08  1.69934783e-02 
 1.61350000e-08  0.00000000e+00  1.61350000e-08  1.68243889e-02 
 1.61450000e-08  0.00000000e+00  1.61450000e-08  1.66569821e-02 
 1.61550000e-08  0.00000000e+00  1.61550000e-08  1.64912410e-02 
 1.61650000e-08  0.00000000e+00  1.61650000e-08  1.63271490e-02 
 1.61750000e-08  0.00000000e+00  1.61750000e-08  1.61646898e-02 
 1.61850000e-08  0.00000000e+00  1.61850000e-08  1.60038471e-02 
 1.61950000e-08  0.00000000e+00  1.61950000e-08  1.58446049e-02 
 1.62050000e-08  0.00000000e+00  1.62050000e-08  1.56869471e-02 
 1.62150000e-08  0.00000000e+00  1.62150000e-08  1.55308581e-02 
 1.62250000e-08  0.00000000e+00  1.62250000e-08  1.53763222e-02 
 1.62350000e-08  0.00000000e+00  1.62350000e-08  1.52233240e-02 
 1.62450000e-08  0.00000000e+00  1.62450000e-08  1.50718481e-02 
 1.62550000e-08  0.00000000e+00  1.62550000e-08  1.49218795e-02 
 1.62650000e-08  0.00000000e+00  1.62650000e-08  1.47734031e-02 
 1.62750000e-08  0.00000000e+00  1.62750000e-08  1.46264040e-02 
 1.62850000e-08  0.00000000e+00  1.62850000e-08  1.44808677e-02 
 1.62950000e-08  0.00000000e+00  1.62950000e-08  1.43367794e-02 
 1.63050000e-08  0.00000000e+00  1.63050000e-08  1.41941249e-02 
 1.63150000e-08  0.00000000e+00  1.63150000e-08  1.40528898e-02 
 1.63250000e-08  0.00000000e+00  1.63250000e-08  1.39130601e-02 
 1.63350000e-08  0.00000000e+00  1.63350000e-08  1.37746217e-02 
 1.63450000e-08  0.00000000e+00  1.63450000e-08  1.36375608e-02 
 1.63550000e-08  0.00000000e+00  1.63550000e-08  1.35018636e-02 
 1.63650000e-08  0.00000000e+00  1.63650000e-08  1.33675167e-02 
 1.63750000e-08  0.00000000e+00  1.63750000e-08  1.32345066e-02 
 1.63850000e-08  0.00000000e+00  1.63850000e-08  1.31028200e-02 
 1.63950000e-08  0.00000000e+00  1.63950000e-08  1.29724437e-02 
 1.64050000e-08  0.00000000e+00  1.64050000e-08  1.28433646e-02 
 1.64150000e-08  0.00000000e+00  1.64150000e-08  1.27155700e-02 
 1.64250000e-08  0.00000000e+00  1.64250000e-08  1.25890469e-02 
 1.64350000e-08  0.00000000e+00  1.64350000e-08  1.24637827e-02 
 1.64450000e-08  0.00000000e+00  1.64450000e-08  1.23397650e-02 
 1.64550000e-08  0.00000000e+00  1.64550000e-08  1.22169813e-02 
 1.64650000e-08  0.00000000e+00  1.64650000e-08  1.20954193e-02 
 1.64750000e-08  0.00000000e+00  1.64750000e-08  1.19750668e-02 
 1.64850000e-08  0.00000000e+00  1.64850000e-08  1.18559119e-02 
 1.64950000e-08  0.00000000e+00  1.64950000e-08  1.17379427e-02 
 1.65050000e-08  0.00000000e+00  1.65050000e-08  1.16211472e-02 
 1.65150000e-08  0.00000000e+00  1.65150000e-08  1.15055139e-02 
 1.65250000e-08  0.00000000e+00  1.65250000e-08  1.13910312e-02 
 1.65350000e-08  0.00000000e+00  1.65350000e-08  1.12776876e-02 
 1.65450000e-08  0.00000000e+00  1.65450000e-08  1.11654718e-02 
 1.65550000e-08  0.00000000e+00  1.65550000e-08  1.10543726e-02 
 1.65650000e-08  0.00000000e+00  1.65650000e-08  1.09443788e-02 
 1.65750000e-08  0.00000000e+00  1.65750000e-08  1.08354795e-02 
 1.65850000e-08  0.00000000e+00  1.65850000e-08  1.07276638e-02 
 1.65950000e-08  0.00000000e+00  1.65950000e-08  1.06209209e-02 
 1.66050000e-08  0.00000000e+00  1.66050000e-08  1.05152401e-02 
 1.66150000e-08  0.00000000e+00  1.66150000e-08  1.04106108e-02 
 1.66250000e-08  0.00000000e+00  1.66250000e-08  1.03070226e-02 
 1.66350000e-08  0.00000000e+00  1.66350000e-08  1.02044652e-02 
 1.66450000e-08  0.00000000e+00  1.66450000e-08  1.01029282e-02 
 1.66550000e-08  0.00000000e+00  1.66550000e-08  1.00024016e-02 
 1.66650000e-08  0.00000000e+00  1.66650000e-08  9.90287521e-03 
 1.66750000e-08  0.00000000e+00  1.66750000e-08  9.80433914e-03 
 1.66850000e-08  0.00000000e+00  1.66850000e-08  9.70678352e-03 
 1.66950000e-08  0.00000000e+00  1.66950000e-08  9.61019861e-03 
 1.67050000e-08  0.00000000e+00  1.67050000e-08  9.51457475e-03 
 1.67150000e-08  0.00000000e+00  1.67150000e-08  9.41990236e-03 
 1.67250000e-08  0.00000000e+00  1.67250000e-08  9.32617199e-03 
 1.67350000e-08  0.00000000e+00  1.67350000e-08  9.23337426e-03 
 1.67450000e-08  0.00000000e+00  1.67450000e-08  9.14149989e-03 
 1.67550000e-08  0.00000000e+00  1.67550000e-08  9.05053969e-03 
 1.67650000e-08  0.00000000e+00  1.67650000e-08  8.96048457e-03 
 1.67750000e-08  0.00000000e+00  1.67750000e-08  8.87132552e-03 
 1.67850000e-08  0.00000000e+00  1.67850000e-08  8.78305362e-03 
 1.67950000e-08  0.00000000e+00  1.67950000e-08  8.69566005e-03 
 1.68050000e-08  0.00000000e+00  1.68050000e-08  8.60913607e-03 
 1.68150000e-08  0.00000000e+00  1.68150000e-08  8.52347303e-03 
 1.68250000e-08  0.00000000e+00  1.68250000e-08  8.43866235e-03 
 1.68350000e-08  0.00000000e+00  1.68350000e-08  8.35469556e-03 
 1.68450000e-08  0.00000000e+00  1.68450000e-08  8.27156426e-03 
 1.68550000e-08  0.00000000e+00  1.68550000e-08  8.18926014e-03 
 1.68650000e-08  0.00000000e+00  1.68650000e-08  8.10777496e-03 
 1.68750000e-08  0.00000000e+00  1.68750000e-08  8.02710059e-03 
 1.68850000e-08  0.00000000e+00  1.68850000e-08  7.94722894e-03 
 1.68950000e-08  0.00000000e+00  1.68950000e-08  7.86815203e-03 
 1.69050000e-08  0.00000000e+00  1.69050000e-08  7.78986196e-03 
 1.69150000e-08  0.00000000e+00  1.69150000e-08  7.71235090e-03 
 1.69250000e-08  0.00000000e+00  1.69250000e-08  7.63561109e-03 
 1.69350000e-08  0.00000000e+00  1.69350000e-08  7.55963486e-03 
 1.69450000e-08  0.00000000e+00  1.69450000e-08  7.48441461e-03 
 1.69550000e-08  0.00000000e+00  1.69550000e-08  7.40994283e-03 
 1.69650000e-08  0.00000000e+00  1.69650000e-08  7.33621205e-03 
 1.69750000e-08  0.00000000e+00  1.69750000e-08  7.26321492e-03 
 1.69850000e-08  0.00000000e+00  1.69850000e-08  7.19094412e-03 
 1.69950000e-08  0.00000000e+00  1.69950000e-08  7.11939244e-03 
 1.70050000e-08  0.00000000e+00  1.70050000e-08  7.04855271e-03 
 1.70150000e-08  0.00000000e+00  1.70150000e-08  6.97841786e-03 
 1.70250000e-08  0.00000000e+00  1.70250000e-08  6.90898087e-03 
 1.70350000e-08  0.00000000e+00  1.70350000e-08  6.84023479e-03 
 1.70450000e-08  0.00000000e+00  1.70450000e-08  6.77217275e-03 
 1.70550000e-08  0.00000000e+00  1.70550000e-08  6.70478795e-03 
 1.70650000e-08  0.00000000e+00  1.70650000e-08  6.63807364e-03 
 1.70750000e-08  0.00000000e+00  1.70750000e-08  6.57202315e-03 
 1.70850000e-08  0.00000000e+00  1.70850000e-08  6.50662989e-03 
 1.70950000e-08  0.00000000e+00  1.70950000e-08  6.44188730e-03 
 1.71050000e-08  0.00000000e+00  1.71050000e-08  6.37778892e-03 
 1.71150000e-08  0.00000000e+00  1.71150000e-08  6.31432834e-03 
 1.71250000e-08  0.00000000e+00  1.71250000e-08  6.25149920e-03 
 1.71350000e-08  0.00000000e+00  1.71350000e-08  6.18929523e-03 
 1.71450000e-08  0.00000000e+00  1.71450000e-08  6.12771020e-03 
 1.71550000e-08  0.00000000e+00  1.71550000e-08  6.06673796e-03 
 1.71650000e-08  0.00000000e+00  1.71650000e-08  6.00637241e-03 
 1.71750000e-08  0.00000000e+00  1.71750000e-08  5.94660751e-03 
 1.71850000e-08  0.00000000e+00  1.71850000e-08  5.88743728e-03 
 1.71950000e-08  0.00000000e+00  1.71950000e-08  5.82885582e-03 
 1.72050000e-08  0.00000000e+00  1.72050000e-08  5.77085725e-03 
 1.72150000e-08  0.00000000e+00  1.72150000e-08  5.71343579e-03 
 1.72250000e-08  0.00000000e+00  1.72250000e-08  5.65658568e-03 
 1.72350000e-08  0.00000000e+00  1.72350000e-08  5.60030125e-03 
 1.72450000e-08  0.00000000e+00  1.72450000e-08  5.54457685e-03 
 1.72550000e-08  0.00000000e+00  1.72550000e-08  5.48940694e-03 
 1.72650000e-08  0.00000000e+00  1.72650000e-08  5.43478597e-03 
 1.72750000e-08  0.00000000e+00  1.72750000e-08  5.38070850e-03 
 1.72850000e-08  0.00000000e+00  1.72850000e-08  5.32716911e-03 
 1.72950000e-08  0.00000000e+00  1.72950000e-08  5.27416245e-03 
 1.73050000e-08  0.00000000e+00  1.73050000e-08  5.22168322e-03 
 1.73150000e-08  0.00000000e+00  1.73150000e-08  5.16972618e-03 
 1.73250000e-08  0.00000000e+00  1.73250000e-08  5.11828612e-03 
 1.73350000e-08  0.00000000e+00  1.73350000e-08  5.06735790e-03 
 1.73450000e-08  0.00000000e+00  1.73450000e-08  5.01693642e-03 
 1.73550000e-08  0.00000000e+00  1.73550000e-08  4.96701666e-03 
 1.73650000e-08  0.00000000e+00  1.73650000e-08  4.91759361e-03 
 1.73750000e-08  0.00000000e+00  1.73750000e-08  4.86866233e-03 
 1.73850000e-08  0.00000000e+00  1.73850000e-08  4.82021793e-03 
 1.73950000e-08  0.00000000e+00  1.73950000e-08  4.77225556e-03 
 1.74050000e-08  0.00000000e+00  1.74050000e-08  4.72477043e-03 
 1.74150000e-08  0.00000000e+00  1.74150000e-08  4.67775779e-03 
 1.74250000e-08  0.00000000e+00  1.74250000e-08  4.63121293e-03 
 1.74350000e-08  0.00000000e+00  1.74350000e-08  4.58513121e-03 
 1.74450000e-08  0.00000000e+00  1.74450000e-08  4.53950802e-03 
 1.74550000e-08  0.00000000e+00  1.74550000e-08  4.49433878e-03 
 1.74650000e-08  0.00000000e+00  1.74650000e-08  4.44961899e-03 
 1.74750000e-08  0.00000000e+00  1.74750000e-08  4.40534418e-03 
 1.74850000e-08  0.00000000e+00  1.74850000e-08  4.36150991e-03 
 1.74950000e-08  0.00000000e+00  1.74950000e-08  4.31811180e-03 
 1.75050000e-08  0.00000000e+00  1.75050000e-08  4.27514551e-03 
 1.75150000e-08  0.00000000e+00  1.75150000e-08  4.23260675e-03 
 1.75250000e-08  0.00000000e+00  1.75250000e-08  4.19049126e-03 
 1.75350000e-08  0.00000000e+00  1.75350000e-08  4.14879483e-03 
 1.75450000e-08  0.00000000e+00  1.75450000e-08  4.10751329e-03 
 1.75550000e-08  0.00000000e+00  1.75550000e-08  4.06664251e-03 
 1.75650000e-08  0.00000000e+00  1.75650000e-08  4.02617841e-03 
 1.75750000e-08  0.00000000e+00  1.75750000e-08  3.98611693e-03 
 1.75850000e-08  0.00000000e+00  1.75850000e-08  3.94645408e-03 
 1.75950000e-08  0.00000000e+00  1.75950000e-08  3.90718588e-03 
 1.76050000e-08  0.00000000e+00  1.76050000e-08  3.86830840e-03 
 1.76150000e-08  0.00000000e+00  1.76150000e-08  3.82981777e-03 
 1.76250000e-08  0.00000000e+00  1.76250000e-08  3.79171013e-03 
 1.76350000e-08  0.00000000e+00  1.76350000e-08  3.75398168e-03 
 1.76450000e-08  0.00000000e+00  1.76450000e-08  3.71662862e-03 
 1.76550000e-08  0.00000000e+00  1.76550000e-08  3.67964724e-03 
 1.76650000e-08  0.00000000e+00  1.76650000e-08  3.64303384e-03 
 1.76750000e-08  0.00000000e+00  1.76750000e-08  3.60678475e-03 
 1.76850000e-08  0.00000000e+00  1.76850000e-08  3.57089634e-03 
 1.76950000e-08  0.00000000e+00  1.76950000e-08  3.53536503e-03 
 1.77050000e-08  0.00000000e+00  1.77050000e-08  3.50018727e-03 
 1.77150000e-08  0.00000000e+00  1.77150000e-08  3.46535954e-03 
 1.77250000e-08  0.00000000e+00  1.77250000e-08  3.43087835e-03 
 1.77350000e-08  0.00000000e+00  1.77350000e-08  3.39674026e-03 
 1.77450000e-08  0.00000000e+00  1.77450000e-08  3.36294184e-03 
 1.77550000e-08  0.00000000e+00  1.77550000e-08  3.32947974e-03 
 1.77650000e-08  0.00000000e+00  1.77650000e-08  3.29635059e-03 
 1.77750000e-08  0.00000000e+00  1.77750000e-08  3.26355108e-03 
 1.77850000e-08  0.00000000e+00  1.77850000e-08  3.23107793e-03 
 1.77950000e-08  0.00000000e+00  1.77950000e-08  3.19892790e-03 
 1.78050000e-08  0.00000000e+00  1.78050000e-08  3.16709777e-03 
 1.78150000e-08  0.00000000e+00  1.78150000e-08  3.13558436e-03 
 1.78250000e-08  0.00000000e+00  1.78250000e-08  3.10438452e-03 
 1.78350000e-08  0.00000000e+00  1.78350000e-08  3.07349512e-03 
 1.78450000e-08  0.00000000e+00  1.78450000e-08  3.04291308e-03 
 1.78550000e-08  0.00000000e+00  1.78550000e-08  3.01263534e-03 
 1.78650000e-08  0.00000000e+00  1.78650000e-08  2.98265887e-03 
 1.78750000e-08  0.00000000e+00  1.78750000e-08  2.95298067e-03 
 1.78850000e-08  0.00000000e+00  1.78850000e-08  2.92359778e-03 
 1.78950000e-08  0.00000000e+00  1.78950000e-08  2.89450725e-03 
 1.79050000e-08  0.00000000e+00  1.79050000e-08  2.86570618e-03 
 1.79150000e-08  0.00000000e+00  1.79150000e-08  2.83719170e-03 
 1.79250000e-08  0.00000000e+00  1.79250000e-08  2.80896093e-03 
 1.79350000e-08  0.00000000e+00  1.79350000e-08  2.78101107e-03 
 1.79450000e-08  0.00000000e+00  1.79450000e-08  2.75333932e-03 
 1.79550000e-08  0.00000000e+00  1.79550000e-08  2.72594291e-03 
 1.79650000e-08  0.00000000e+00  1.79650000e-08  2.69881910e-03 
 1.79750000e-08  0.00000000e+00  1.79750000e-08  2.67196518e-03 
 1.79850000e-08  0.00000000e+00  1.79850000e-08  2.64537846e-03 
 1.79950000e-08  0.00000000e+00  1.79950000e-08  2.61905629e-03 
 1.80050000e-08  0.00000000e+00  1.80050000e-08  2.59299602e-03 
 1.80150000e-08  0.00000000e+00  1.80150000e-08  2.56719507e-03 
 1.80250000e-08  0.00000000e+00  1.80250000e-08  2.54165084e-03 
 1.80350000e-08  0.00000000e+00  1.80350000e-08  2.51636078e-03 
 1.80450000e-08  0.00000000e+00  1.80450000e-08  2.49132237e-03 
 1.80550000e-08  0.00000000e+00  1.80550000e-08  2.46653309e-03 
 1.80650000e-08  0.00000000e+00  1.80650000e-08  2.44199047e-03 
 1.80750000e-08  0.00000000e+00  1.80750000e-08  2.41769206e-03 
 1.80850000e-08  0.00000000e+00  1.80850000e-08  2.39363542e-03 
 1.80950000e-08  0.00000000e+00  1.80950000e-08  2.36981815e-03 
 1.81050000e-08  0.00000000e+00  1.81050000e-08  2.34623787e-03 
 1.81150000e-08  0.00000000e+00  1.81150000e-08  2.32289222e-03 
 1.81250000e-08  0.00000000e+00  1.81250000e-08  2.29977887e-03 
 1.81350000e-08  0.00000000e+00  1.81350000e-08  2.27689549e-03 
 1.81450000e-08  0.00000000e+00  1.81450000e-08  2.25423982e-03 
 1.81550000e-08  0.00000000e+00  1.81550000e-08  2.23180957e-03 
 1.81650000e-08  0.00000000e+00  1.81650000e-08  2.20960251e-03 
 1.81750000e-08  0.00000000e+00  1.81750000e-08  2.18761642e-03 
 1.81850000e-08  0.00000000e+00  1.81850000e-08  2.16584909e-03 
 1.81950000e-08  0.00000000e+00  1.81950000e-08  2.14429835e-03 
 1.82050000e-08  0.00000000e+00  1.82050000e-08  2.12296205e-03 
 1.82150000e-08  0.00000000e+00  1.82150000e-08  2.10183805e-03 
 1.82250000e-08  0.00000000e+00  1.82250000e-08  2.08092424e-03 
 1.82350000e-08  0.00000000e+00  1.82350000e-08  2.06021852e-03 
 1.82450000e-08  0.00000000e+00  1.82450000e-08  2.03971884e-03 
 1.82550000e-08  0.00000000e+00  1.82550000e-08  2.01942313e-03 
 1.82650000e-08  0.00000000e+00  1.82650000e-08  1.99932936e-03 
 1.82750000e-08  0.00000000e+00  1.82750000e-08  1.97943554e-03 
 1.82850000e-08  0.00000000e+00  1.82850000e-08  1.95973966e-03 
 1.82950000e-08  0.00000000e+00  1.82950000e-08  1.94023977e-03 
 1.83050000e-08  0.00000000e+00  1.83050000e-08  1.92093390e-03 
 1.83150000e-08  0.00000000e+00  1.83150000e-08  1.90182013e-03 
 1.83250000e-08  0.00000000e+00  1.83250000e-08  1.88289655e-03 
 1.83350000e-08  0.00000000e+00  1.83350000e-08  1.86416126e-03 
 1.83450000e-08  0.00000000e+00  1.83450000e-08  1.84561239e-03 
 1.83550000e-08  0.00000000e+00  1.83550000e-08  1.82724809e-03 
 1.83650000e-08  0.00000000e+00  1.83650000e-08  1.80906651e-03 
 1.83750000e-08  0.00000000e+00  1.83750000e-08  1.79106585e-03 
 1.83850000e-08  0.00000000e+00  1.83850000e-08  1.77324430e-03 
 1.83950000e-08  0.00000000e+00  1.83950000e-08  1.75560008e-03 
 1.84050000e-08  0.00000000e+00  1.84050000e-08  1.73813142e-03 
 1.84150000e-08  0.00000000e+00  1.84150000e-08  1.72083658e-03 
 1.84250000e-08  0.00000000e+00  1.84250000e-08  1.70371383e-03 
 1.84350000e-08  0.00000000e+00  1.84350000e-08  1.68676145e-03 
 1.84450000e-08  0.00000000e+00  1.84450000e-08  1.66997776e-03 
 1.84550000e-08  0.00000000e+00  1.84550000e-08  1.65336106e-03 
 1.84650000e-08  0.00000000e+00  1.84650000e-08  1.63690971e-03 
 1.84750000e-08  0.00000000e+00  1.84750000e-08  1.62062205e-03 
 1.84850000e-08  0.00000000e+00  1.84850000e-08  1.60449646e-03 
 1.84950000e-08  0.00000000e+00  1.84950000e-08  1.58853132e-03 
 1.85050000e-08  0.00000000e+00  1.85050000e-08  1.57272504e-03 
 1.85150000e-08  0.00000000e+00  1.85150000e-08  1.55707603e-03 
 1.85250000e-08  0.00000000e+00  1.85250000e-08  1.54158274e-03 
 1.85350000e-08  0.00000000e+00  1.85350000e-08  1.52624361e-03 
 1.85450000e-08  0.00000000e+00  1.85450000e-08  1.51105710e-03 
 1.85550000e-08  0.00000000e+00  1.85550000e-08  1.49602171e-03 
 1.85650000e-08  0.00000000e+00  1.85650000e-08  1.48113592e-03 
 1.85750000e-08  0.00000000e+00  1.85750000e-08  1.46639825e-03 
 1.85850000e-08  0.00000000e+00  1.85850000e-08  1.45180722e-03 
 1.85950000e-08  0.00000000e+00  1.85950000e-08  1.43736138e-03 
 1.86050000e-08  0.00000000e+00  1.86050000e-08  1.42305928e-03 
 1.86150000e-08  0.00000000e+00  1.86150000e-08  1.40889948e-03 
 1.86250000e-08  0.00000000e+00  1.86250000e-08  1.39488058e-03 
 1.86350000e-08  0.00000000e+00  1.86350000e-08  1.38100117e-03 
 1.86450000e-08  0.00000000e+00  1.86450000e-08  1.36725987e-03 
 1.86550000e-08  0.00000000e+00  1.86550000e-08  1.35365529e-03 
 1.86650000e-08  0.00000000e+00  1.86650000e-08  1.34018608e-03 
 1.86750000e-08  0.00000000e+00  1.86750000e-08  1.32685090e-03 
 1.86850000e-08  0.00000000e+00  1.86850000e-08  1.31364840e-03 
 1.86950000e-08  0.00000000e+00  1.86950000e-08  1.30057727e-03 
 1.87050000e-08  0.00000000e+00  1.87050000e-08  1.28763621e-03 
 1.87150000e-08  0.00000000e+00  1.87150000e-08  1.27482391e-03 
 1.87250000e-08  0.00000000e+00  1.87250000e-08  1.26213909e-03 
 1.87350000e-08  0.00000000e+00  1.87350000e-08  1.24958049e-03 
 1.87450000e-08  0.00000000e+00  1.87450000e-08  1.23714686e-03 
 1.87550000e-08  0.00000000e+00  1.87550000e-08  1.22483694e-03 
 1.87650000e-08  0.00000000e+00  1.87650000e-08  1.21264951e-03 
 1.87750000e-08  0.00000000e+00  1.87750000e-08  1.20058334e-03 
 1.87850000e-08  0.00000000e+00  1.87850000e-08  1.18863724e-03 
 1.87950000e-08  0.00000000e+00  1.87950000e-08  1.17681000e-03 
 1.88050000e-08  0.00000000e+00  1.88050000e-08  1.16510045e-03 
 1.88150000e-08  0.00000000e+00  1.88150000e-08  1.15350741e-03 
 1.88250000e-08  0.00000000e+00  1.88250000e-08  1.14202973e-03 
 1.88350000e-08  0.00000000e+00  1.88350000e-08  1.13066625e-03 
 1.88450000e-08  0.00000000e+00  1.88450000e-08  1.11941583e-03 
 1.88550000e-08  0.00000000e+00  1.88550000e-08  1.10827737e-03 
 1.88650000e-08  0.00000000e+00  1.88650000e-08  1.09724973e-03 
 1.88750000e-08  0.00000000e+00  1.88750000e-08  1.08633183e-03 
 1.88850000e-08  0.00000000e+00  1.88850000e-08  1.07552255e-03 
 1.88950000e-08  0.00000000e+00  1.88950000e-08  1.06482084e-03 
 1.89050000e-08  0.00000000e+00  1.89050000e-08  1.05422560e-03 
 1.89150000e-08  0.00000000e+00  1.89150000e-08  1.04373580e-03 
 1.89250000e-08  0.00000000e+00  1.89250000e-08  1.03335037e-03 
 1.89350000e-08  0.00000000e+00  1.89350000e-08  1.02306827e-03 
 1.89450000e-08  0.00000000e+00  1.89450000e-08  1.01288849e-03 
 1.89550000e-08  0.00000000e+00  1.89550000e-08  1.00281000e-03 
 1.89650000e-08  0.00000000e+00  1.89650000e-08  9.92831788e-04 
 1.89750000e-08  0.00000000e+00  1.89750000e-08  9.82952865e-04 
 1.89850000e-08  0.00000000e+00  1.89850000e-08  9.73172239e-04 
 1.89950000e-08  0.00000000e+00  1.89950000e-08  9.63488934e-04 
 1.90050000e-08  0.00000000e+00  1.90050000e-08  9.53901979e-04 
 1.90150000e-08  0.00000000e+00  1.90150000e-08  9.44410417e-04 
 1.90250000e-08  0.00000000e+00  1.90250000e-08  9.35013298e-04 
 1.90350000e-08  0.00000000e+00  1.90350000e-08  9.25709684e-04 
 1.90450000e-08  0.00000000e+00  1.90450000e-08  9.16498642e-04 
 1.90550000e-08  0.00000000e+00  1.90550000e-08  9.07379252e-04 
 1.90650000e-08  0.00000000e+00  1.90650000e-08  8.98350603e-04 
 1.90750000e-08  0.00000000e+00  1.90750000e-08  8.89411791e-04 
 1.90850000e-08  0.00000000e+00  1.90850000e-08  8.80561923e-04 
 1.90950000e-08  0.00000000e+00  1.90950000e-08  8.71800112e-04 
 1.91050000e-08  0.00000000e+00  1.91050000e-08  8.63125484e-04 
 1.91150000e-08  0.00000000e+00  1.91150000e-08  8.54537171e-04 
 1.91250000e-08  0.00000000e+00  1.91250000e-08  8.46034314e-04 
 1.91350000e-08  0.00000000e+00  1.91350000e-08  8.37616062e-04 
 1.91450000e-08  0.00000000e+00  1.91450000e-08  8.29281574e-04 
 1.91550000e-08  0.00000000e+00  1.91550000e-08  8.21030016e-04 
 1.91650000e-08  0.00000000e+00  1.91650000e-08  8.12860563e-04 
 1.91750000e-08  0.00000000e+00  1.91750000e-08  8.04772398e-04 
 1.91850000e-08  0.00000000e+00  1.91850000e-08  7.96764713e-04 
 1.91950000e-08  0.00000000e+00  1.91950000e-08  7.88836705e-04 
 1.92050000e-08  0.00000000e+00  1.92050000e-08  7.80987584e-04 
 1.92150000e-08  0.00000000e+00  1.92150000e-08  7.73216563e-04 
 1.92250000e-08  0.00000000e+00  1.92250000e-08  7.65522866e-04 
 1.92350000e-08  0.00000000e+00  1.92350000e-08  7.57905723e-04 
 1.92450000e-08  0.00000000e+00  1.92450000e-08  7.50364373e-04 
 1.92550000e-08  0.00000000e+00  1.92550000e-08  7.42898061e-04 
 1.92650000e-08  0.00000000e+00  1.92650000e-08  7.35506040e-04 
 1.92750000e-08  0.00000000e+00  1.92750000e-08  7.28187572e-04 
 1.92850000e-08  0.00000000e+00  1.92850000e-08  7.20941924e-04 
 1.92950000e-08  0.00000000e+00  1.92950000e-08  7.13768373e-04 
 1.93050000e-08  0.00000000e+00  1.93050000e-08  7.06666200e-04 
 1.93150000e-08  0.00000000e+00  1.93150000e-08  6.99634696e-04 
 1.93250000e-08  0.00000000e+00  1.93250000e-08  6.92673156e-04 
 1.93350000e-08  0.00000000e+00  1.93350000e-08  6.85780886e-04 
 1.93450000e-08  0.00000000e+00  1.93450000e-08  6.78957196e-04 
 1.93550000e-08  0.00000000e+00  1.93550000e-08  6.72201403e-04 
 1.93650000e-08  0.00000000e+00  1.93650000e-08  6.65512832e-04 
 1.93750000e-08  0.00000000e+00  1.93750000e-08  6.58890813e-04 
 1.93850000e-08  0.00000000e+00  1.93850000e-08  6.52334686e-04 
 1.93950000e-08  0.00000000e+00  1.93950000e-08  6.45843793e-04 
 1.94050000e-08  0.00000000e+00  1.94050000e-08  6.39417487e-04 
 1.94150000e-08  0.00000000e+00  1.94150000e-08  6.33055124e-04 
 1.94250000e-08  0.00000000e+00  1.94250000e-08  6.26756068e-04 
 1.94350000e-08  0.00000000e+00  1.94350000e-08  6.20519689e-04 
 1.94450000e-08  0.00000000e+00  1.94450000e-08  6.14345364e-04 
 1.94550000e-08  0.00000000e+00  1.94550000e-08  6.08232475e-04 
 1.94650000e-08  0.00000000e+00  1.94650000e-08  6.02180410e-04 
 1.94750000e-08  0.00000000e+00  1.94750000e-08  5.96188566e-04 
 1.94850000e-08  0.00000000e+00  1.94850000e-08  5.90256341e-04 
 1.94950000e-08  0.00000000e+00  1.94950000e-08  5.84383144e-04 
 1.95050000e-08  0.00000000e+00  1.95050000e-08  5.78568386e-04 
 1.95150000e-08  0.00000000e+00  1.95150000e-08  5.72811487e-04 
 1.95250000e-08  0.00000000e+00  1.95250000e-08  5.67111870e-04 
 1.95350000e-08  0.00000000e+00  1.95350000e-08  5.61468966e-04 
 1.95450000e-08  0.00000000e+00  1.95450000e-08  5.55882210e-04 
 1.95550000e-08  0.00000000e+00  1.95550000e-08  5.50351043e-04 
 1.95650000e-08  0.00000000e+00  1.95650000e-08  5.44874914e-04 
 1.95750000e-08  0.00000000e+00  1.95750000e-08  5.39453273e-04 
 1.95850000e-08  0.00000000e+00  1.95850000e-08  5.34085578e-04 
 1.95950000e-08  0.00000000e+00  1.95950000e-08  5.28771294e-04 
 1.96050000e-08  0.00000000e+00  1.96050000e-08  5.23509888e-04 
 1.96150000e-08  0.00000000e+00  1.96150000e-08  5.18300835e-04 
 1.96250000e-08  0.00000000e+00  1.96250000e-08  5.13143612e-04 
 1.96350000e-08  0.00000000e+00  1.96350000e-08  5.08037706e-04 
 1.96450000e-08  0.00000000e+00  1.96450000e-08  5.02982604e-04 
 1.96550000e-08  0.00000000e+00  1.96550000e-08  4.97977802e-04 
 1.96650000e-08  0.00000000e+00  1.96650000e-08  4.93022799e-04 
 1.96750000e-08  0.00000000e+00  1.96750000e-08  4.88117100e-04 
 1.96850000e-08  0.00000000e+00  1.96850000e-08  4.83260213e-04 
 1.96950000e-08  0.00000000e+00  1.96950000e-08  4.78451654e-04 
 1.97050000e-08  0.00000000e+00  1.97050000e-08  4.73690941e-04 
 1.97150000e-08  0.00000000e+00  1.97150000e-08  4.68977598e-04 
 1.97250000e-08  0.00000000e+00  1.97250000e-08  4.64311154e-04 
 1.97350000e-08  0.00000000e+00  1.97350000e-08  4.59691143e-04 
 1.97450000e-08  0.00000000e+00  1.97450000e-08  4.55117102e-04 
 1.97550000e-08  0.00000000e+00  1.97550000e-08  4.50588573e-04 
 1.97650000e-08  0.00000000e+00  1.97650000e-08  4.46105105e-04 
 1.97750000e-08  0.00000000e+00  1.97750000e-08  4.41666248e-04 
 1.97850000e-08  0.00000000e+00  1.97850000e-08  4.37271559e-04 
 1.97950000e-08  0.00000000e+00  1.97950000e-08  4.32920598e-04 
 1.98050000e-08  0.00000000e+00  1.98050000e-08  4.28612931e-04 
 1.98150000e-08  0.00000000e+00  1.98150000e-08  4.24348125e-04 
 1.98250000e-08  0.00000000e+00  1.98250000e-08  4.20125756e-04 
 1.98350000e-08  0.00000000e+00  1.98350000e-08  4.15945400e-04 
 1.98450000e-08  0.00000000e+00  1.98450000e-08  4.11806640e-04 
 1.98550000e-08  0.00000000e+00  1.98550000e-08  4.07709061e-04 
 1.98650000e-08  0.00000000e+00  1.98650000e-08  4.03652255e-04 
 1.98750000e-08  0.00000000e+00  1.98750000e-08  3.99635815e-04 
 1.98850000e-08  0.00000000e+00  1.98850000e-08  3.95659339e-04 
 1.98950000e-08  0.00000000e+00  1.98950000e-08  3.91722430e-04 
 1.99050000e-08  0.00000000e+00  1.99050000e-08  3.87824694e-04 
 1.99150000e-08  0.00000000e+00  1.99150000e-08  3.83965742e-04 
 1.99250000e-08  0.00000000e+00  1.99250000e-08  3.80145187e-04 
 1.99350000e-08  0.00000000e+00  1.99350000e-08  3.76362648e-04 
 1.99450000e-08  0.00000000e+00  1.99450000e-08  3.72617746e-04 
 1.99550000e-08  0.00000000e+00  1.99550000e-08  3.68910107e-04 
 1.99650000e-08  0.00000000e+00  1.99650000e-08  3.65239360e-04 
 1.99750000e-08  0.00000000e+00  1.99750000e-08  3.61605137e-04 
 1.99850000e-08  0.00000000e+00  1.99850000e-08  3.58007076e-04 
 1.99950000e-08  0.00000000e+00  1.99950000e-08  3.54444817e-04 
 2.00050000e-08  0.00000000e+00  2.00050000e-08  3.50918003e-04 
 2.00150000e-08  0.00000000e+00  2.00150000e-08  3.47426281e-04 
 2.00250000e-08  0.00000000e+00  2.00250000e-08  3.43969303e-04 
 2.00350000e-08  0.00000000e+00  2.00350000e-08  3.40546723e-04 
 2.00450000e-08  0.00000000e+00  2.00450000e-08  3.37158199e-04 
 2.00550000e-08  0.00000000e+00  2.00550000e-08  3.33803391e-04 
 2.00650000e-08  0.00000000e+00  2.00650000e-08  3.30481964e-04 
 2.00750000e-08  0.00000000e+00  2.00750000e-08  3.27193586e-04 
 2.00850000e-08  0.00000000e+00  2.00850000e-08  3.23937928e-04 
 2.00950000e-08  0.00000000e+00  2.00950000e-08  3.20714666e-04 
 2.01050000e-08  0.00000000e+00  2.01050000e-08  3.17523475e-04 
 2.01150000e-08  0.00000000e+00  2.01150000e-08  3.14364037e-04 
 2.01250000e-08  0.00000000e+00  2.01250000e-08  3.11236037e-04 
 2.01350000e-08  0.00000000e+00  2.01350000e-08  3.08139161e-04 
 2.01450000e-08  0.00000000e+00  2.01450000e-08  3.05073100e-04 
 2.01550000e-08  0.00000000e+00  2.01550000e-08  3.02037546e-04 
 2.01650000e-08  0.00000000e+00  2.01650000e-08  2.99032198e-04 
 2.01750000e-08  0.00000000e+00  2.01750000e-08  2.96056753e-04 
 2.01850000e-08  0.00000000e+00  2.01850000e-08  2.93110915e-04 
 2.01950000e-08  0.00000000e+00  2.01950000e-08  2.90194388e-04 
 2.02050000e-08  0.00000000e+00  2.02050000e-08  2.87306882e-04 
 2.02150000e-08  0.00000000e+00  2.02150000e-08  2.84448107e-04 
 2.02250000e-08  0.00000000e+00  2.02250000e-08  2.81617777e-04 
 2.02350000e-08  0.00000000e+00  2.02350000e-08  2.78815610e-04 
 2.02450000e-08  0.00000000e+00  2.02450000e-08  2.76041326e-04 
 2.02550000e-08  0.00000000e+00  2.02550000e-08  2.73294646e-04 
 2.02650000e-08  0.00000000e+00  2.02650000e-08  2.70575296e-04 
 2.02750000e-08  0.00000000e+00  2.02750000e-08  2.67883005e-04 
 2.02850000e-08  0.00000000e+00  2.02850000e-08  2.65217502e-04 
 2.02950000e-08  0.00000000e+00  2.02950000e-08  2.62578522e-04 
 2.03050000e-08  0.00000000e+00  2.03050000e-08  2.59965800e-04 
 2.03150000e-08  0.00000000e+00  2.03150000e-08  2.57379076e-04 
 2.03250000e-08  0.00000000e+00  2.03250000e-08  2.54818090e-04 
 2.03350000e-08  0.00000000e+00  2.03350000e-08  2.52282587e-04 
 2.03450000e-08  0.00000000e+00  2.03450000e-08  2.49772312e-04 
 2.03550000e-08  0.00000000e+00  2.03550000e-08  2.47287016e-04 
 2.03650000e-08  0.00000000e+00  2.03650000e-08  2.44826448e-04 
 2.03750000e-08  0.00000000e+00  2.03750000e-08  2.42390364e-04 
 2.03850000e-08  0.00000000e+00  2.03850000e-08  2.39978520e-04 
 2.03950000e-08  0.00000000e+00  2.03950000e-08  2.37590674e-04 
 2.04050000e-08  0.00000000e+00  2.04050000e-08  2.35226588e-04 
 2.04150000e-08  0.00000000e+00  2.04150000e-08  2.32886025e-04 
 2.04250000e-08  0.00000000e+00  2.04250000e-08  2.30568751e-04 
 2.04350000e-08  0.00000000e+00  2.04350000e-08  2.28274534e-04 
 2.04450000e-08  0.00000000e+00  2.04450000e-08  2.26003146e-04 
 2.04550000e-08  0.00000000e+00  2.04550000e-08  2.23754358e-04 
 2.04650000e-08  0.00000000e+00  2.04650000e-08  2.21527947e-04 
 2.04750000e-08  0.00000000e+00  2.04750000e-08  2.19323689e-04 
 2.04850000e-08  0.00000000e+00  2.04850000e-08  2.17141363e-04 
 2.04950000e-08  0.00000000e+00  2.04950000e-08  2.14980753e-04 
 2.05050000e-08  0.00000000e+00  2.05050000e-08  2.12841641e-04 
 2.05150000e-08  0.00000000e+00  2.05150000e-08  2.10723814e-04 
 2.05250000e-08  0.00000000e+00  2.05250000e-08  2.08627059e-04 
 2.05350000e-08  0.00000000e+00  2.05350000e-08  2.06551168e-04 
 2.05450000e-08  0.00000000e+00  2.05450000e-08  2.04495933e-04 
 2.05550000e-08  0.00000000e+00  2.05550000e-08  2.02461147e-04 
 2.05650000e-08  0.00000000e+00  2.05650000e-08  2.00446608e-04 
 2.05750000e-08  0.00000000e+00  2.05750000e-08  1.98452115e-04 
 2.05850000e-08  0.00000000e+00  2.05850000e-08  1.96477467e-04 
 2.05950000e-08  0.00000000e+00  2.05950000e-08  1.94522467e-04 
 2.06050000e-08  0.00000000e+00  2.06050000e-08  1.92586920e-04 
 2.06150000e-08  0.00000000e+00  2.06150000e-08  1.90670632e-04 
 2.06250000e-08  0.00000000e+00  2.06250000e-08  1.88773412e-04 
 2.06350000e-08  0.00000000e+00  2.06350000e-08  1.86895070e-04 
 2.06450000e-08  0.00000000e+00  2.06450000e-08  1.85035417e-04 
 2.06550000e-08  0.00000000e+00  2.06550000e-08  1.83194269e-04 
 2.06650000e-08  0.00000000e+00  2.06650000e-08  1.81371440e-04 
 2.06750000e-08  0.00000000e+00  2.06750000e-08  1.79566749e-04 
 2.06850000e-08  0.00000000e+00  2.06850000e-08  1.77780016e-04 
 2.06950000e-08  0.00000000e+00  2.06950000e-08  1.76011060e-04 
 2.07050000e-08  0.00000000e+00  2.07050000e-08  1.74259706e-04 
 2.07150000e-08  0.00000000e+00  2.07150000e-08  1.72525779e-04 
 2.07250000e-08  0.00000000e+00  2.07250000e-08  1.70809105e-04 
 2.07350000e-08  0.00000000e+00  2.07350000e-08  1.69109511e-04 
 2.07450000e-08  0.00000000e+00  2.07450000e-08  1.67426830e-04 
 2.07550000e-08  0.00000000e+00  2.07550000e-08  1.65760891e-04 
 2.07650000e-08  0.00000000e+00  2.07650000e-08  1.64111529e-04 
 2.07750000e-08  0.00000000e+00  2.07750000e-08  1.62478579e-04 
 2.07850000e-08  0.00000000e+00  2.07850000e-08  1.60861876e-04 
 2.07950000e-08  0.00000000e+00  2.07950000e-08  1.59261261e-04 
 2.08050000e-08  0.00000000e+00  2.08050000e-08  1.57676571e-04 
 2.08150000e-08  0.00000000e+00  2.08150000e-08  1.56107650e-04 
 2.08250000e-08  0.00000000e+00  2.08250000e-08  1.54554340e-04 
 2.08350000e-08  0.00000000e+00  2.08350000e-08  1.53016486e-04 
 2.08450000e-08  0.00000000e+00  2.08450000e-08  1.51493934e-04 
 2.08550000e-08  0.00000000e+00  2.08550000e-08  1.49986532e-04 
 2.08650000e-08  0.00000000e+00  2.08650000e-08  1.48494128e-04 
 2.08750000e-08  0.00000000e+00  2.08750000e-08  1.47016575e-04 
 2.08850000e-08  0.00000000e+00  2.08850000e-08  1.45553723e-04 
 2.08950000e-08  0.00000000e+00  2.08950000e-08  1.44105428e-04 
 2.09050000e-08  0.00000000e+00  2.09050000e-08  1.42671543e-04 
 2.09150000e-08  0.00000000e+00  2.09150000e-08  1.41251926e-04 
 2.09250000e-08  0.00000000e+00  2.09250000e-08  1.39846434e-04 
 2.09350000e-08  0.00000000e+00  2.09350000e-08  1.38454927e-04 
 2.09450000e-08  0.00000000e+00  2.09450000e-08  1.37077266e-04 
 2.09550000e-08  0.00000000e+00  2.09550000e-08  1.35713313e-04 
 2.09650000e-08  0.00000000e+00  2.09650000e-08  1.34362932e-04 
 2.09750000e-08  0.00000000e+00  2.09750000e-08  1.33025987e-04 
 2.09850000e-08  0.00000000e+00  2.09850000e-08  1.31702346e-04 
 2.09950000e-08  0.00000000e+00  2.09950000e-08  1.30391874e-04 
 2.10050000e-08  0.00000000e+00  2.10050000e-08  1.29094443e-04 
 2.10150000e-08  0.00000000e+00  2.10150000e-08  1.27809921e-04 
 2.10250000e-08  0.00000000e+00  2.10250000e-08  1.26538181e-04 
 2.10350000e-08  0.00000000e+00  2.10350000e-08  1.25279094e-04 
 2.10450000e-08  0.00000000e+00  2.10450000e-08  1.24032536e-04 
 2.10550000e-08  0.00000000e+00  2.10550000e-08  1.22798381e-04 
 2.10650000e-08  0.00000000e+00  2.10650000e-08  1.21576507e-04 
 2.10750000e-08  0.00000000e+00  2.10750000e-08  1.20366791e-04 
 2.10850000e-08  0.00000000e+00  2.10850000e-08  1.19169111e-04 
 2.10950000e-08  0.00000000e+00  2.10950000e-08  1.17983349e-04 
 2.11050000e-08  0.00000000e+00  2.11050000e-08  1.16809385e-04 
 2.11150000e-08  0.00000000e+00  2.11150000e-08  1.15647103e-04 
 2.11250000e-08  0.00000000e+00  2.11250000e-08  1.14496385e-04 
 2.11350000e-08  0.00000000e+00  2.11350000e-08  1.13357118e-04 
 2.11450000e-08  0.00000000e+00  2.11450000e-08  1.12229186e-04 
 2.11550000e-08  0.00000000e+00  2.11550000e-08  1.11112478e-04 
 2.11650000e-08  0.00000000e+00  2.11650000e-08  1.10006881e-04 
 2.11750000e-08  0.00000000e+00  2.11750000e-08  1.08912285e-04 
 2.11850000e-08  0.00000000e+00  2.11850000e-08  1.07828581e-04 
 2.11950000e-08  0.00000000e+00  2.11950000e-08  1.06755660e-04 
 2.12050000e-08  0.00000000e+00  2.12050000e-08  1.05693414e-04 
 2.12150000e-08  0.00000000e+00  2.12150000e-08  1.04641739e-04 
 2.12250000e-08  0.00000000e+00  2.12250000e-08  1.03600527e-04 
 2.12350000e-08  0.00000000e+00  2.12350000e-08  1.02569676e-04 
 2.12450000e-08  0.00000000e+00  2.12450000e-08  1.01549082e-04 
 2.12550000e-08  0.00000000e+00  2.12550000e-08  1.00538644e-04 
 2.12650000e-08  0.00000000e+00  2.12650000e-08  9.95382592e-05 
 2.12750000e-08  0.00000000e+00  2.12750000e-08  9.85478288e-05 
 2.12850000e-08  0.00000000e+00  2.12850000e-08  9.75672534e-05 
 2.12950000e-08  0.00000000e+00  2.12950000e-08  9.65964349e-05 
 2.13050000e-08  0.00000000e+00  2.13050000e-08  9.56352764e-05 
 2.13150000e-08  0.00000000e+00  2.13150000e-08  9.46836816e-05 
 2.13250000e-08  0.00000000e+00  2.13250000e-08  9.37415554e-05 
 2.13350000e-08  0.00000000e+00  2.13350000e-08  9.28088036e-05 
 2.13450000e-08  0.00000000e+00  2.13450000e-08  9.18853329e-05 
 2.13550000e-08  0.00000000e+00  2.13550000e-08  9.09710510e-05 
 2.13650000e-08  0.00000000e+00  2.13650000e-08  9.00658664e-05 
 2.13750000e-08  0.00000000e+00  2.13750000e-08  8.91696887e-05 
 2.13850000e-08  0.00000000e+00  2.13850000e-08  8.82824281e-05 
 2.13950000e-08  0.00000000e+00  2.13950000e-08  8.74039960e-05 
 2.14050000e-08  0.00000000e+00  2.14050000e-08  8.65343044e-05 
 2.14150000e-08  0.00000000e+00  2.14150000e-08  8.56732666e-05 
 2.14250000e-08  0.00000000e+00  2.14250000e-08  8.48207963e-05 
 2.14350000e-08  0.00000000e+00  2.14350000e-08  8.39768083e-05 
 2.14450000e-08  0.00000000e+00  2.14450000e-08  8.31412181e-05 
 2.14550000e-08  0.00000000e+00  2.14550000e-08  8.23139423e-05 
 2.14650000e-08  0.00000000e+00  2.14650000e-08  8.14948981e-05 
 2.14750000e-08  0.00000000e+00  2.14750000e-08  8.06840036e-05 
 2.14850000e-08  0.00000000e+00  2.14850000e-08  7.98811777e-05 
 2.14950000e-08  0.00000000e+00  2.14950000e-08  7.90863401e-05 
 2.15050000e-08  0.00000000e+00  2.15050000e-08  7.82994114e-05 
 2.15150000e-08  0.00000000e+00  2.15150000e-08  7.75203127e-05 
 2.15250000e-08  0.00000000e+00  2.15250000e-08  7.67489663e-05 
 2.15350000e-08  0.00000000e+00  2.15350000e-08  7.59852950e-05 
 2.15450000e-08  0.00000000e+00  2.15450000e-08  7.52292224e-05 
 2.15550000e-08  0.00000000e+00  2.15550000e-08  7.44806730e-05 
 2.15650000e-08  0.00000000e+00  2.15650000e-08  7.37395717e-05 
 2.15750000e-08  0.00000000e+00  2.15750000e-08  7.30058447e-05 
 2.15850000e-08  0.00000000e+00  2.15850000e-08  7.22794184e-05 
 2.15950000e-08  0.00000000e+00  2.15950000e-08  7.15602202e-05 
 2.16050000e-08  0.00000000e+00  2.16050000e-08  7.08481782e-05 
 2.16150000e-08  0.00000000e+00  2.16150000e-08  7.01432212e-05 
 2.16250000e-08  0.00000000e+00  2.16250000e-08  6.94452787e-05 
 2.16350000e-08  0.00000000e+00  2.16350000e-08  6.87542809e-05 
 2.16450000e-08  0.00000000e+00  2.16450000e-08  6.80701587e-05 
 2.16550000e-08  0.00000000e+00  2.16550000e-08  6.73928437e-05 
 2.16650000e-08  0.00000000e+00  2.16650000e-08  6.67222681e-05 
 2.16750000e-08  0.00000000e+00  2.16750000e-08  6.60583649e-05 
 2.16850000e-08  0.00000000e+00  2.16850000e-08  6.54010678e-05 
 2.16950000e-08  0.00000000e+00  2.16950000e-08  6.47503109e-05 
 2.17050000e-08  0.00000000e+00  2.17050000e-08  6.41060292e-05 
 2.17150000e-08  0.00000000e+00  2.17150000e-08  6.34681582e-05 
 2.17250000e-08  0.00000000e+00  2.17250000e-08  6.28366343e-05 
 2.17350000e-08  0.00000000e+00  2.17350000e-08  6.22113941e-05 
 2.17450000e-08  0.00000000e+00  2.17450000e-08  6.15923753e-05 
 2.17550000e-08  0.00000000e+00  2.17550000e-08  6.09795158e-05 
 2.17650000e-08  0.00000000e+00  2.17650000e-08  6.03727545e-05 
 2.17750000e-08  0.00000000e+00  2.17750000e-08  5.97720306e-05 
 2.17850000e-08  0.00000000e+00  2.17850000e-08  5.91772840e-05 
 2.17950000e-08  0.00000000e+00  2.17950000e-08  5.85884553e-05 
 2.18050000e-08  0.00000000e+00  2.18050000e-08  5.80054856e-05 
 2.18150000e-08  0.00000000e+00  2.18150000e-08  5.74283166e-05 
 2.18250000e-08  0.00000000e+00  2.18250000e-08  5.68568905e-05 
 2.18350000e-08  0.00000000e+00  2.18350000e-08  5.62911503e-05 
 2.18450000e-08  0.00000000e+00  2.18450000e-08  5.57310394e-05 
 2.18550000e-08  0.00000000e+00  2.18550000e-08  5.51765017e-05 
 2.18650000e-08  0.00000000e+00  2.18650000e-08  5.46274818e-05 
 2.18750000e-08  0.00000000e+00  2.18750000e-08  5.40839247e-05 
 2.18850000e-08  0.00000000e+00  2.18850000e-08  5.35457762e-05 
 2.18950000e-08  0.00000000e+00  2.18950000e-08  5.30129824e-05 
 2.19050000e-08  0.00000000e+00  2.19050000e-08  5.24854901e-05 
 2.19150000e-08  0.00000000e+00  2.19150000e-08  5.19632464e-05 
 2.19250000e-08  0.00000000e+00  2.19250000e-08  5.14461992e-05 
 2.19350000e-08  0.00000000e+00  2.19350000e-08  5.09342967e-05 
 2.19450000e-08  0.00000000e+00  2.19450000e-08  5.04274878e-05 
 2.19550000e-08  0.00000000e+00  2.19550000e-08  4.99257217e-05 
 2.19650000e-08  0.00000000e+00  2.19650000e-08  4.94289484e-05 
 2.19750000e-08  0.00000000e+00  2.19750000e-08  4.89371180e-05 
 2.19850000e-08  0.00000000e+00  2.19850000e-08  4.84501815e-05 
 2.19925000e-08  0.00000000e+00  2.19925000e-08  4.80881627e-05 
 2.20000000e-08  0.00000000e+00  2.20000000e-08  4.77288489e-05 
 2.20010000e-08  1.00000000e-02  2.20010000e-08  4.76811678e-05 
 2.20030000e-08  3.00000000e-02  2.20030000e-08  4.75859007e-05 
 2.20070000e-08  7.00000000e-02  2.20070000e-08  4.73959370e-05 
 2.20150000e-08  1.50000000e-01  2.20150000e-08  4.70182802e-05 
 2.20250000e-08  2.50000000e-01  2.20250000e-08  4.65504366e-05 
 2.20350000e-08  3.50000000e-01  2.20350000e-08  4.60872482e-05 
 2.20450000e-08  4.50000000e-01  2.20450000e-08  4.56286686e-05 
 2.20550000e-08  5.50000000e-01  2.20550000e-08  4.51746520e-05 
 2.20650000e-08  6.50000000e-01  2.20650000e-08  4.47251529e-05 
 2.20750000e-08  7.50000000e-01  2.20750000e-08  4.42801266e-05 
 2.20850000e-08  8.50000000e-01  2.20850000e-08  4.38395283e-05 
 2.20925000e-08  9.25000000e-01  2.20925000e-08  4.35119602e-05 
 2.21000000e-08  1.00000000e+00  2.21000000e-08  4.31868397e-05 
 2.21010000e-08  1.00000000e+00  2.21010000e-08  4.31436960e-05 
 2.21030000e-08  1.00000000e+00  2.21030000e-08  4.30574948e-05 
 2.21070000e-08  1.00000000e+00  2.21070000e-08  4.28856086e-05 
 2.21150000e-08  1.00000000e+00  2.21150000e-08  4.25438906e-05 
 2.21250000e-08  1.00000000e+00  2.21250000e-08  4.21205683e-05 
 2.21350000e-08  1.00000000e+00  2.21350000e-08  4.17014582e-05 
 2.21450000e-08  1.00000000e+00  2.21450000e-08  4.12865183e-05 
 2.21550000e-08  1.00000000e+00  2.21550000e-08  4.08757072e-05 
 2.21650000e-08  1.00000000e+00  2.21650000e-08  4.04689837e-05 
 2.21750000e-08  1.00000000e+00  2.21750000e-08  4.00663073e-05 
 2.21850000e-08  1.00000000e+00  2.21850000e-08  3.96676375e-05 
 2.21950000e-08  1.00000000e+00  2.21950000e-08  3.92729347e-05 
 2.22050000e-08  1.00000000e+00  2.22050000e-08  3.88821592e-05 
 2.22150000e-08  1.00000000e+00  2.22150000e-08  3.84952720e-05 
 2.22250000e-08  1.00000000e+00  2.22250000e-08  3.81122345e-05 
 2.22350000e-08  1.00000000e+00  2.22350000e-08  3.77330083e-05 
 2.22450000e-08  1.00000000e+00  2.22450000e-08  3.73575555e-05 
 2.22550000e-08  1.00000000e+00  2.22550000e-08  3.69858385e-05 
 2.22650000e-08  1.00000000e+00  2.22650000e-08  3.66178202e-05 
 2.22750000e-08  1.00000000e+00  2.22750000e-08  3.62534638e-05 
 2.22850000e-08  1.00000000e+00  2.22850000e-08  3.58927328e-05 
 2.22950000e-08  1.00000000e+00  2.22950000e-08  3.55355912e-05 
 2.23050000e-08  1.00000000e+00  2.23050000e-08  3.51820032e-05 
 2.23150000e-08  1.00000000e+00  2.23150000e-08  3.48319335e-05 
 2.23250000e-08  1.00000000e+00  2.23250000e-08  3.44853471e-05 
 2.23350000e-08  1.00000000e+00  2.23350000e-08  3.41422094e-05 
 2.23450000e-08  1.00000000e+00  2.23450000e-08  3.38024859e-05 
 2.23550000e-08  1.00000000e+00  2.23550000e-08  3.34661427e-05 
 2.23650000e-08  1.00000000e+00  2.23650000e-08  3.31331463e-05 
 2.23750000e-08  1.00000000e+00  2.23750000e-08  3.28034632e-05 
 2.23850000e-08  1.00000000e+00  2.23850000e-08  3.24770606e-05 
 2.23950000e-08  1.00000000e+00  2.23950000e-08  3.21539058e-05 
 2.24050000e-08  1.00000000e+00  2.24050000e-08  3.18339664e-05 
 2.24150000e-08  1.00000000e+00  2.24150000e-08  3.15172105e-05 
 2.24250000e-08  1.00000000e+00  2.24250000e-08  3.12036065e-05 
 2.24350000e-08  1.00000000e+00  2.24350000e-08  3.08931228e-05 
 2.24450000e-08  1.00000000e+00  2.24450000e-08  3.05857286e-05 
 2.24550000e-08  1.00000000e+00  2.24550000e-08  3.02813929e-05 
 2.24650000e-08  1.00000000e+00  2.24650000e-08  2.99800856e-05 
 2.24750000e-08  1.00000000e+00  2.24750000e-08  2.96817762e-05 
 2.24850000e-08  1.00000000e+00  2.24850000e-08  2.93864352e-05 
 2.24950000e-08  1.00000000e+00  2.24950000e-08  2.90940328e-05 
 2.25050000e-08  1.00000000e+00  2.25050000e-08  2.88045400e-05 
 2.25150000e-08  1.00000000e+00  2.25150000e-08  2.85179276e-05 
 2.25250000e-08  1.00000000e+00  2.25250000e-08  2.82341672e-05 
 2.25350000e-08  1.00000000e+00  2.25350000e-08  2.79532302e-05 
 2.25450000e-08  1.00000000e+00  2.25450000e-08  2.76750886e-05 
 2.25550000e-08  1.00000000e+00  2.25550000e-08  2.73997146e-05 
 2.25650000e-08  1.00000000e+00  2.25650000e-08  2.71270806e-05 
 2.25750000e-08  1.00000000e+00  2.25750000e-08  2.68571594e-05 
 2.25850000e-08  1.00000000e+00  2.25850000e-08  2.65899240e-05 
 2.25950000e-08  1.00000000e+00  2.25950000e-08  2.63253476e-05 
 2.26050000e-08  1.00000000e+00  2.26050000e-08  2.60634039e-05 
 2.26150000e-08  1.00000000e+00  2.26150000e-08  2.58040665e-05 
 2.26250000e-08  1.00000000e+00  2.26250000e-08  2.55473096e-05 
 2.26350000e-08  1.00000000e+00  2.26350000e-08  2.52931076e-05 
 2.26450000e-08  1.00000000e+00  2.26450000e-08  2.50414348e-05 
 2.26550000e-08  1.00000000e+00  2.26550000e-08  2.47922663e-05 
 2.26650000e-08  1.00000000e+00  2.26650000e-08  2.45455771e-05 
 2.26750000e-08  1.00000000e+00  2.26750000e-08  2.43013425e-05 
 2.26850000e-08  1.00000000e+00  2.26850000e-08  2.40595381e-05 
 2.26950000e-08  1.00000000e+00  2.26950000e-08  2.38201397e-05 
 2.27050000e-08  1.00000000e+00  2.27050000e-08  2.35831234e-05 
 2.27150000e-08  1.00000000e+00  2.27150000e-08  2.33484655e-05 
 2.27250000e-08  1.00000000e+00  2.27250000e-08  2.31161424e-05 
 2.27350000e-08  1.00000000e+00  2.27350000e-08  2.28861311e-05 
 2.27450000e-08  1.00000000e+00  2.27450000e-08  2.26584084e-05 
 2.27550000e-08  1.00000000e+00  2.27550000e-08  2.24329516e-05 
 2.27650000e-08  1.00000000e+00  2.27650000e-08  2.22097381e-05 
 2.27750000e-08  1.00000000e+00  2.27750000e-08  2.19887457e-05 
 2.27850000e-08  1.00000000e+00  2.27850000e-08  2.17699522e-05 
 2.27950000e-08  1.00000000e+00  2.27950000e-08  2.15533358e-05 
 2.28050000e-08  1.00000000e+00  2.28050000e-08  2.13388747e-05 
 2.28150000e-08  1.00000000e+00  2.28150000e-08  2.11265476e-05 
 2.28250000e-08  1.00000000e+00  2.28250000e-08  2.09163332e-05 
 2.28350000e-08  1.00000000e+00  2.28350000e-08  2.07082105e-05 
 2.28450000e-08  1.00000000e+00  2.28450000e-08  2.05021586e-05 
 2.28550000e-08  1.00000000e+00  2.28550000e-08  2.02981571e-05 
 2.28650000e-08  1.00000000e+00  2.28650000e-08  2.00961853e-05 
 2.28750000e-08  1.00000000e+00  2.28750000e-08  1.98962233e-05 
 2.28850000e-08  1.00000000e+00  2.28850000e-08  1.96982509e-05 
 2.28950000e-08  1.00000000e+00  2.28950000e-08  1.95022484e-05 
 2.29050000e-08  1.00000000e+00  2.29050000e-08  1.93081962e-05 
 2.29150000e-08  1.00000000e+00  2.29150000e-08  1.91160749e-05 
 2.29250000e-08  1.00000000e+00  2.29250000e-08  1.89258652e-05 
 2.29350000e-08  1.00000000e+00  2.29350000e-08  1.87375481e-05 
 2.29450000e-08  1.00000000e+00  2.29450000e-08  1.85511048e-05 
 2.29550000e-08  1.00000000e+00  2.29550000e-08  1.83665167e-05 
 2.29650000e-08  1.00000000e+00  2.29650000e-08  1.81837653e-05 
 2.29750000e-08  1.00000000e+00  2.29750000e-08  1.80028323e-05 
 2.29850000e-08  1.00000000e+00  2.29850000e-08  1.78236997e-05 
 2.29950000e-08  1.00000000e+00  2.29950000e-08  1.76463494e-05 
 2.30050000e-08  1.00000000e+00  2.30050000e-08  1.74707638e-05 
 2.30150000e-08  1.00000000e+00  2.30150000e-08  1.72969254e-05 
 2.30250000e-08  1.00000000e+00  2.30250000e-08  1.71248167e-05 
 2.30350000e-08  1.00000000e+00  2.30350000e-08  1.69544205e-05 
 2.30450000e-08  1.00000000e+00  2.30450000e-08  1.67857199e-05 
 2.30550000e-08  1.00000000e+00  2.30550000e-08  2.51670179e-03 
 2.30650000e-08  1.00000000e+00  2.30650000e-08  7.51670179e-03 
 2.30750000e-08  1.00000000e+00  2.30750000e-08  1.25167018e-02 
 2.30850000e-08  1.00000000e+00  2.30850000e-08  1.75167018e-02 
 2.30950000e-08  1.00000000e+00  2.30950000e-08  2.25167018e-02 
 2.31050000e-08  1.00000000e+00  2.31050000e-08  2.75167018e-02 
 2.31150000e-08  1.00000000e+00  2.31150000e-08  3.25167018e-02 
 2.31250000e-08  1.00000000e+00  2.31250000e-08  3.75167018e-02 
 2.31350000e-08  1.00000000e+00  2.31350000e-08  4.25167018e-02 
 2.31450000e-08  1.00000000e+00  2.31450000e-08  4.75167018e-02 
 2.31550000e-08  1.00000000e+00  2.31550000e-08  5.25167018e-02 
 2.31650000e-08  1.00000000e+00  2.31650000e-08  5.75167018e-02 
 2.31750000e-08  1.00000000e+00  2.31750000e-08  6.25167018e-02 
 2.31850000e-08  1.00000000e+00  2.31850000e-08  6.75167018e-02 
 2.31950000e-08  1.00000000e+00  2.31950000e-08  7.25167018e-02 
 2.32050000e-08  1.00000000e+00  2.32050000e-08  7.75167018e-02 
 2.32150000e-08  1.00000000e+00  2.32150000e-08  8.25167018e-02 
 2.32250000e-08  1.00000000e+00  2.32250000e-08  8.75167018e-02 
 2.32350000e-08  1.00000000e+00  2.32350000e-08  9.25167018e-02 
 2.32450000e-08  1.00000000e+00  2.32450000e-08  9.75167018e-02 
 2.32550000e-08  1.00000000e+00  2.32550000e-08  1.02516702e-01 
 2.32650000e-08  1.00000000e+00  2.32650000e-08  1.07516702e-01 
 2.32750000e-08  1.00000000e+00  2.32750000e-08  1.12516702e-01 
 2.32850000e-08  1.00000000e+00  2.32850000e-08  1.17516702e-01 
 2.32950000e-08  1.00000000e+00  2.32950000e-08  1.22516702e-01 
 2.33050000e-08  1.00000000e+00  2.33050000e-08  1.27516702e-01 
 2.33150000e-08  1.00000000e+00  2.33150000e-08  1.32516702e-01 
 2.33250000e-08  1.00000000e+00  2.33250000e-08  1.37516702e-01 
 2.33350000e-08  1.00000000e+00  2.33350000e-08  1.42516702e-01 
 2.33450000e-08  1.00000000e+00  2.33450000e-08  1.47516702e-01 
 2.33550000e-08  1.00000000e+00  2.33550000e-08  1.52516702e-01 
 2.33650000e-08  1.00000000e+00  2.33650000e-08  1.57516702e-01 
 2.33750000e-08  1.00000000e+00  2.33750000e-08  1.62516702e-01 
 2.33850000e-08  1.00000000e+00  2.33850000e-08  1.67516702e-01 
 2.33950000e-08  1.00000000e+00  2.33950000e-08  1.72516702e-01 
 2.34050000e-08  1.00000000e+00  2.34050000e-08  1.77516702e-01 
 2.34150000e-08  1.00000000e+00  2.34150000e-08  1.82516702e-01 
 2.34250000e-08  1.00000000e+00  2.34250000e-08  1.87516702e-01 
 2.34350000e-08  1.00000000e+00  2.34350000e-08  1.92516702e-01 
 2.34450000e-08  1.00000000e+00  2.34450000e-08  1.97516702e-01 
 2.34550000e-08  1.00000000e+00  2.34550000e-08  2.02516702e-01 
 2.34650000e-08  1.00000000e+00  2.34650000e-08  2.07516702e-01 
 2.34750000e-08  1.00000000e+00  2.34750000e-08  2.12516702e-01 
 2.34850000e-08  1.00000000e+00  2.34850000e-08  2.17516702e-01 
 2.34950000e-08  1.00000000e+00  2.34950000e-08  2.22516702e-01 
 2.35050000e-08  1.00000000e+00  2.35050000e-08  2.27516702e-01 
 2.35150000e-08  1.00000000e+00  2.35150000e-08  2.32516702e-01 
 2.35250000e-08  1.00000000e+00  2.35250000e-08  2.37516702e-01 
 2.35350000e-08  1.00000000e+00  2.35350000e-08  2.42516702e-01 
 2.35450000e-08  1.00000000e+00  2.35450000e-08  2.47516702e-01 
 2.35550000e-08  1.00000000e+00  2.35550000e-08  2.52516702e-01 
 2.35650000e-08  1.00000000e+00  2.35650000e-08  2.57516702e-01 
 2.35750000e-08  1.00000000e+00  2.35750000e-08  2.62516702e-01 
 2.35850000e-08  1.00000000e+00  2.35850000e-08  2.67516702e-01 
 2.35950000e-08  1.00000000e+00  2.35950000e-08  2.72516702e-01 
 2.36050000e-08  1.00000000e+00  2.36050000e-08  2.77516702e-01 
 2.36150000e-08  1.00000000e+00  2.36150000e-08  2.82516702e-01 
 2.36250000e-08  1.00000000e+00  2.36250000e-08  2.87516702e-01 
 2.36350000e-08  1.00000000e+00  2.36350000e-08  2.92516702e-01 
 2.36450000e-08  1.00000000e+00  2.36450000e-08  2.97516702e-01 
 2.36550000e-08  1.00000000e+00  2.36550000e-08  3.02516702e-01 
 2.36650000e-08  1.00000000e+00  2.36650000e-08  3.07516702e-01 
 2.36750000e-08  1.00000000e+00  2.36750000e-08  3.12516702e-01 
 2.36850000e-08  1.00000000e+00  2.36850000e-08  3.17516702e-01 
 2.36950000e-08  1.00000000e+00  2.36950000e-08  3.22516702e-01 
 2.37050000e-08  1.00000000e+00  2.37050000e-08  3.27516702e-01 
 2.37150000e-08  1.00000000e+00  2.37150000e-08  3.32516702e-01 
 2.37250000e-08  1.00000000e+00  2.37250000e-08  3.37516702e-01 
 2.37350000e-08  1.00000000e+00  2.37350000e-08  3.42516702e-01 
 2.37450000e-08  1.00000000e+00  2.37450000e-08  3.47516702e-01 
 2.37550000e-08  1.00000000e+00  2.37550000e-08  3.52516702e-01 
 2.37650000e-08  1.00000000e+00  2.37650000e-08  3.57516702e-01 
 2.37750000e-08  1.00000000e+00  2.37750000e-08  3.62516702e-01 
 2.37850000e-08  1.00000000e+00  2.37850000e-08  3.67516702e-01 
 2.37950000e-08  1.00000000e+00  2.37950000e-08  3.72516702e-01 
 2.38050000e-08  1.00000000e+00  2.38050000e-08  3.77516702e-01 
 2.38150000e-08  1.00000000e+00  2.38150000e-08  3.82516702e-01 
 2.38250000e-08  1.00000000e+00  2.38250000e-08  3.87516702e-01 
 2.38350000e-08  1.00000000e+00  2.38350000e-08  3.92516702e-01 
 2.38450000e-08  1.00000000e+00  2.38450000e-08  3.97516702e-01 
 2.38550000e-08  1.00000000e+00  2.38550000e-08  4.02516702e-01 
 2.38650000e-08  1.00000000e+00  2.38650000e-08  4.07516702e-01 
 2.38750000e-08  1.00000000e+00  2.38750000e-08  4.12516702e-01 
 2.38850000e-08  1.00000000e+00  2.38850000e-08  4.17516702e-01 
 2.38950000e-08  1.00000000e+00  2.38950000e-08  4.22516702e-01 
 2.39050000e-08  1.00000000e+00  2.39050000e-08  4.27516702e-01 
 2.39150000e-08  1.00000000e+00  2.39150000e-08  4.32516702e-01 
 2.39250000e-08  1.00000000e+00  2.39250000e-08  4.37516702e-01 
 2.39350000e-08  1.00000000e+00  2.39350000e-08  4.42516702e-01 
 2.39450000e-08  1.00000000e+00  2.39450000e-08  4.47516702e-01 
 2.39550000e-08  1.00000000e+00  2.39550000e-08  4.52516702e-01 
 2.39650000e-08  1.00000000e+00  2.39650000e-08  4.57516702e-01 
 2.39750000e-08  1.00000000e+00  2.39750000e-08  4.62516702e-01 
 2.39850000e-08  1.00000000e+00  2.39850000e-08  4.67516702e-01 
 2.39950000e-08  1.00000000e+00  2.39950000e-08  4.72516702e-01 
 2.40050000e-08  1.00000000e+00  2.40050000e-08  4.77516702e-01 
 2.40150000e-08  1.00000000e+00  2.40150000e-08  4.82516702e-01 
 2.40250000e-08  1.00000000e+00  2.40250000e-08  4.87516702e-01 
 2.40350000e-08  1.00000000e+00  2.40350000e-08  4.92516702e-01 
 2.40450000e-08  1.00000000e+00  2.40450000e-08  4.97516702e-01 
 2.40550000e-08  1.00000000e+00  2.40550000e-08  5.02516702e-01 
 2.40650000e-08  1.00000000e+00  2.40650000e-08  5.07479305e-01 
 2.40750000e-08  1.00000000e+00  2.40750000e-08  5.12380009e-01 
 2.40850000e-08  1.00000000e+00  2.40850000e-08  5.17231949e-01 
 2.40950000e-08  1.00000000e+00  2.40950000e-08  5.22035611e-01 
 2.41050000e-08  1.00000000e+00  2.41050000e-08  5.26791476e-01 
 2.41150000e-08  1.00000000e+00  2.41150000e-08  5.31500018e-01 
 2.41250000e-08  1.00000000e+00  2.41250000e-08  5.36161710e-01 
 2.41350000e-08  1.00000000e+00  2.41350000e-08  5.40777016e-01 
 2.41450000e-08  1.00000000e+00  2.41450000e-08  5.45346399e-01 
 2.41550000e-08  1.00000000e+00  2.41550000e-08  5.49870315e-01 
 2.41650000e-08  1.00000000e+00  2.41650000e-08  5.54349218e-01 
 2.41750000e-08  1.00000000e+00  2.41750000e-08  5.58783554e-01 
 2.41850000e-08  1.00000000e+00  2.41850000e-08  5.63173767e-01 
 2.41950000e-08  1.00000000e+00  2.41950000e-08  5.67520297e-01 
 2.42050000e-08  1.00000000e+00  2.42050000e-08  5.71823577e-01 
 2.42150000e-08  1.00000000e+00  2.42150000e-08  5.76084039e-01 
 2.42250000e-08  1.00000000e+00  2.42250000e-08  5.80302109e-01 
 2.42350000e-08  1.00000000e+00  2.42350000e-08  5.84478207e-01 
 2.42450000e-08  1.00000000e+00  2.42450000e-08  5.88612752e-01 
 2.42550000e-08  1.00000000e+00  2.42550000e-08  5.92706158e-01 
 2.42650000e-08  1.00000000e+00  2.42650000e-08  5.96758833e-01 
 2.42750000e-08  1.00000000e+00  2.42750000e-08  6.00771183e-01 
 2.42850000e-08  1.00000000e+00  2.42850000e-08  6.04743609e-01 
 2.42950000e-08  1.00000000e+00  2.42950000e-08  6.08676508e-01 
 2.43050000e-08  1.00000000e+00  2.43050000e-08  6.12570274e-01 
 2.43150000e-08  1.00000000e+00  2.43150000e-08  6.16425296e-01 
 2.43250000e-08  1.00000000e+00  2.43250000e-08  6.20241960e-01 
 2.43350000e-08  1.00000000e+00  2.43350000e-08  6.24020647e-01 
 2.43450000e-08  1.00000000e+00  2.43450000e-08  6.27761735e-01 
 2.43550000e-08  1.00000000e+00  2.43550000e-08  6.31465598e-01 
 2.43650000e-08  1.00000000e+00  2.43650000e-08  6.35132607e-01 
 2.43750000e-08  1.00000000e+00  2.43750000e-08  6.38763129e-01 
 2.43850000e-08  1.00000000e+00  2.43850000e-08  6.42357526e-01 
 2.43950000e-08  1.00000000e+00  2.43950000e-08  6.45916157e-01 
 2.44050000e-08  1.00000000e+00  2.44050000e-08  6.49439379e-01 
 2.44150000e-08  1.00000000e+00  2.44150000e-08  6.52927545e-01 
 2.44250000e-08  1.00000000e+00  2.44250000e-08  6.56381002e-01 
 2.44350000e-08  1.00000000e+00  2.44350000e-08  6.59800097e-01 
 2.44450000e-08  1.00000000e+00  2.44450000e-08  6.63185170e-01 
 2.44550000e-08  1.00000000e+00  2.44550000e-08  6.66536562e-01 
 2.44650000e-08  1.00000000e+00  2.44650000e-08  6.69854606e-01 
 2.44750000e-08  1.00000000e+00  2.44750000e-08  6.73139635e-01 
 2.44850000e-08  1.00000000e+00  2.44850000e-08  6.76391976e-01 
 2.44950000e-08  1.00000000e+00  2.44950000e-08  6.79611957e-01 
 2.45050000e-08  1.00000000e+00  2.45050000e-08  6.82799898e-01 
 2.45150000e-08  1.00000000e+00  2.45150000e-08  6.85956117e-01 
 2.45250000e-08  1.00000000e+00  2.45250000e-08  6.89080932e-01 
 2.45350000e-08  1.00000000e+00  2.45350000e-08  6.92174654e-01 
 2.45450000e-08  1.00000000e+00  2.45450000e-08  6.95237593e-01 
 2.45550000e-08  1.00000000e+00  2.45550000e-08  6.98270055e-01 
 2.45650000e-08  1.00000000e+00  2.45650000e-08  7.01272343e-01 
 2.45750000e-08  1.00000000e+00  2.45750000e-08  7.04244757e-01 
 2.45850000e-08  1.00000000e+00  2.45850000e-08  7.07187596e-01 
 2.45950000e-08  1.00000000e+00  2.45950000e-08  7.10101152e-01 
 2.46050000e-08  1.00000000e+00  2.46050000e-08  7.12985717e-01 
 2.46150000e-08  1.00000000e+00  2.46150000e-08  7.15841581e-01 
 2.46250000e-08  1.00000000e+00  2.46250000e-08  7.18669028e-01 
 2.46350000e-08  1.00000000e+00  2.46350000e-08  7.21468341e-01 
 2.46450000e-08  1.00000000e+00  2.46450000e-08  7.24239800e-01 
 2.46550000e-08  1.00000000e+00  2.46550000e-08  7.26983683e-01 
 2.46650000e-08  1.00000000e+00  2.46650000e-08  7.29700263e-01 
 2.46750000e-08  1.00000000e+00  2.46750000e-08  7.32389813e-01 
 2.46850000e-08  1.00000000e+00  2.46850000e-08  7.35052601e-01 
 2.46950000e-08  1.00000000e+00  2.46950000e-08  7.37688893e-01 
 2.47050000e-08  1.00000000e+00  2.47050000e-08  7.40298954e-01 
 2.47150000e-08  1.00000000e+00  2.47150000e-08  7.42883044e-01 
 2.47250000e-08  1.00000000e+00  2.47250000e-08  7.45441422e-01 
 2.47350000e-08  1.00000000e+00  2.47350000e-08  7.47974343e-01 
 2.47450000e-08  1.00000000e+00  2.47450000e-08  7.50482061e-01 
 2.47550000e-08  1.00000000e+00  2.47550000e-08  7.52964826e-01 
 2.47650000e-08  1.00000000e+00  2.47650000e-08  7.55422888e-01 
 2.47750000e-08  1.00000000e+00  2.47750000e-08  7.57856491e-01 
 2.47850000e-08  1.00000000e+00  2.47850000e-08  7.60265879e-01 
 2.47950000e-08  1.00000000e+00  2.47950000e-08  7.62651293e-01 
 2.48050000e-08  1.00000000e+00  2.48050000e-08  7.65012972e-01 
 2.48150000e-08  1.00000000e+00  2.48150000e-08  7.67351151e-01 
 2.48250000e-08  1.00000000e+00  2.48250000e-08  7.69666065e-01 
 2.48350000e-08  1.00000000e+00  2.48350000e-08  7.71957945e-01 
 2.48450000e-08  1.00000000e+00  2.48450000e-08  7.74227020e-01 
 2.48550000e-08  1.00000000e+00  2.48550000e-08  7.76473518e-01 
 2.48650000e-08  1.00000000e+00  2.48650000e-08  7.78697662e-01 
 2.48750000e-08  1.00000000e+00  2.48750000e-08  7.80899675e-01 
 2.48850000e-08  1.00000000e+00  2.48850000e-08  7.83079778e-01 
 2.48950000e-08  1.00000000e+00  2.48950000e-08  7.85238188e-01 
 2.49050000e-08  1.00000000e+00  2.49050000e-08  7.87375121e-01 
 2.49150000e-08  1.00000000e+00  2.49150000e-08  7.89490792e-01 
 2.49250000e-08  1.00000000e+00  2.49250000e-08  7.91585411e-01 
 2.49350000e-08  1.00000000e+00  2.49350000e-08  7.93659188e-01 
 2.49450000e-08  1.00000000e+00  2.49450000e-08  7.95712330e-01 
 2.49550000e-08  1.00000000e+00  2.49550000e-08  7.97745043e-01 
 2.49650000e-08  1.00000000e+00  2.49650000e-08  7.99757531e-01 
 2.49750000e-08  1.00000000e+00  2.49750000e-08  8.01749993e-01 
 2.49850000e-08  1.00000000e+00  2.49850000e-08  8.03722630e-01 
 2.49950000e-08  1.00000000e+00  2.49950000e-08  8.05675638e-01 
 2.50050000e-08  1.00000000e+00  2.50050000e-08  8.07609214e-01 
 2.50150000e-08  1.00000000e+00  2.50150000e-08  8.09523550e-01 
 2.50250000e-08  1.00000000e+00  2.50250000e-08  8.11418838e-01 
 2.50350000e-08  1.00000000e+00  2.50350000e-08  8.13295268e-01 
 2.50450000e-08  1.00000000e+00  2.50450000e-08  8.15153026e-01 
 2.50550000e-08  1.00000000e+00  2.50550000e-08  8.16992300e-01 
 2.50650000e-08  1.00000000e+00  2.50650000e-08  8.18813272e-01 
 2.50750000e-08  1.00000000e+00  2.50750000e-08  8.20616125e-01 
 2.50850000e-08  1.00000000e+00  2.50850000e-08  8.22401039e-01 
 2.50950000e-08  1.00000000e+00  2.50950000e-08  8.24168193e-01 
 2.51050000e-08  1.00000000e+00  2.51050000e-08  8.25917763e-01 
 2.51150000e-08  1.00000000e+00  2.51150000e-08  8.27649925e-01 
 2.51250000e-08  1.00000000e+00  2.51250000e-08  8.29364851e-01 
 2.51350000e-08  1.00000000e+00  2.51350000e-08  8.31062713e-01 
 2.51450000e-08  1.00000000e+00  2.51450000e-08  8.32743681e-01 
 2.51550000e-08  1.00000000e+00  2.51550000e-08  8.34407923e-01 
 2.51650000e-08  1.00000000e+00  2.51650000e-08  8.36055605e-01 
 2.51750000e-08  1.00000000e+00  2.51750000e-08  8.37686893e-01 
 2.51850000e-08  1.00000000e+00  2.51850000e-08  8.39301949e-01 
 2.51950000e-08  1.00000000e+00  2.51950000e-08  8.40900934e-01 
 2.52050000e-08  1.00000000e+00  2.52050000e-08  8.42484010e-01 
 2.52150000e-08  1.00000000e+00  2.52150000e-08  8.44051333e-01 
 2.52250000e-08  1.00000000e+00  2.52250000e-08  8.45603061e-01 
 2.52350000e-08  1.00000000e+00  2.52350000e-08  8.47139349e-01 
 2.52450000e-08  1.00000000e+00  2.52450000e-08  8.48660350e-01 
 2.52550000e-08  1.00000000e+00  2.52550000e-08  8.50166218e-01 
 2.52650000e-08  1.00000000e+00  2.52650000e-08  8.51657101e-01 
 2.52750000e-08  1.00000000e+00  2.52750000e-08  8.53133150e-01 
 2.52850000e-08  1.00000000e+00  2.52850000e-08  8.54594511e-01 
 2.52950000e-08  1.00000000e+00  2.52950000e-08  8.56041332e-01 
 2.53050000e-08  1.00000000e+00  2.53050000e-08  8.57473757e-01 
 2.53150000e-08  1.00000000e+00  2.53150000e-08  8.58891928e-01 
 2.53250000e-08  1.00000000e+00  2.53250000e-08  8.60295989e-01 
 2.53350000e-08  1.00000000e+00  2.53350000e-08  8.61686078e-01 
 2.53450000e-08  1.00000000e+00  2.53450000e-08  8.63062336e-01 
 2.53550000e-08  1.00000000e+00  2.53550000e-08  8.64424900e-01 
 2.53650000e-08  1.00000000e+00  2.53650000e-08  8.65773906e-01 
 2.53750000e-08  1.00000000e+00  2.53750000e-08  8.67109489e-01 
 2.53850000e-08  1.00000000e+00  2.53850000e-08  8.68431783e-01 
 2.53950000e-08  1.00000000e+00  2.53950000e-08  8.69740919e-01 
 2.54050000e-08  1.00000000e+00  2.54050000e-08  8.71037030e-01 
 2.54150000e-08  1.00000000e+00  2.54150000e-08  8.72320243e-01 
 2.54250000e-08  1.00000000e+00  2.54250000e-08  8.73590688e-01 
 2.54350000e-08  1.00000000e+00  2.54350000e-08  8.74848493e-01 
 2.54450000e-08  1.00000000e+00  2.54450000e-08  8.76093781e-01 
 2.54550000e-08  1.00000000e+00  2.54550000e-08  8.77326679e-01 
 2.54650000e-08  1.00000000e+00  2.54650000e-08  8.78547309e-01 
 2.54750000e-08  1.00000000e+00  2.54750000e-08  8.79755793e-01 
 2.54850000e-08  1.00000000e+00  2.54850000e-08  8.80952253e-01 
 2.54950000e-08  1.00000000e+00  2.54950000e-08  8.82136808e-01 
 2.55050000e-08  1.00000000e+00  2.55050000e-08  8.83309576e-01 
 2.55150000e-08  1.00000000e+00  2.55150000e-08  8.84470675e-01 
 2.55250000e-08  1.00000000e+00  2.55250000e-08  8.85620220e-01 
 2.55350000e-08  1.00000000e+00  2.55350000e-08  8.86758328e-01 
 2.55450000e-08  1.00000000e+00  2.55450000e-08  8.87885110e-01 
 2.55550000e-08  1.00000000e+00  2.55550000e-08  8.89000681e-01 
 2.55650000e-08  1.00000000e+00  2.55650000e-08  8.90105152e-01 
 2.55750000e-08  1.00000000e+00  2.55750000e-08  8.91198633e-01 
 2.55850000e-08  1.00000000e+00  2.55850000e-08  8.92281234e-01 
 2.55950000e-08  1.00000000e+00  2.55950000e-08  8.93353062e-01 
 2.56050000e-08  1.00000000e+00  2.56050000e-08  8.94414226e-01 
 2.56150000e-08  1.00000000e+00  2.56150000e-08  8.95464831e-01 
 2.56250000e-08  1.00000000e+00  2.56250000e-08  8.96504982e-01 
 2.56350000e-08  1.00000000e+00  2.56350000e-08  8.97534783e-01 
 2.56450000e-08  1.00000000e+00  2.56450000e-08  8.98554337e-01 
 2.56550000e-08  1.00000000e+00  2.56550000e-08  8.99563747e-01 
 2.56650000e-08  1.00000000e+00  2.56650000e-08  9.00563113e-01 
 2.56750000e-08  1.00000000e+00  2.56750000e-08  9.01552534e-01 
 2.56850000e-08  1.00000000e+00  2.56850000e-08  9.02532111e-01 
 2.56950000e-08  1.00000000e+00  2.56950000e-08  9.03501941e-01 
 2.57050000e-08  1.00000000e+00  2.57050000e-08  9.04462121e-01 
 2.57150000e-08  1.00000000e+00  2.57150000e-08  9.05412746e-01 
 2.57250000e-08  1.00000000e+00  2.57250000e-08  9.06353913e-01 
 2.57350000e-08  1.00000000e+00  2.57350000e-08  9.07285715e-01 
 2.57450000e-08  1.00000000e+00  2.57450000e-08  9.08208245e-01 
 2.57550000e-08  1.00000000e+00  2.57550000e-08  9.09121596e-01 
 2.57650000e-08  1.00000000e+00  2.57650000e-08  9.10025858e-01 
 2.57750000e-08  1.00000000e+00  2.57750000e-08  9.10921124e-01 
 2.57850000e-08  1.00000000e+00  2.57850000e-08  9.11807481e-01 
 2.57950000e-08  1.00000000e+00  2.57950000e-08  9.12685018e-01 
 2.58050000e-08  1.00000000e+00  2.58050000e-08  9.13553824e-01 
 2.58150000e-08  1.00000000e+00  2.58150000e-08  9.14413985e-01 
 2.58250000e-08  1.00000000e+00  2.58250000e-08  9.15265587e-01 
 2.58350000e-08  1.00000000e+00  2.58350000e-08  9.16108715e-01 
 2.58450000e-08  1.00000000e+00  2.58450000e-08  9.16943455e-01 
 2.58550000e-08  1.00000000e+00  2.58550000e-08  9.17769888e-01 
 2.58650000e-08  1.00000000e+00  2.58650000e-08  9.18588098e-01 
 2.58750000e-08  1.00000000e+00  2.58750000e-08  9.19398167e-01 
 2.58850000e-08  1.00000000e+00  2.58850000e-08  9.20200175e-01 
 2.58950000e-08  1.00000000e+00  2.58950000e-08  9.20994203e-01 
 2.59050000e-08  1.00000000e+00  2.59050000e-08  9.21780330e-01 
 2.59150000e-08  1.00000000e+00  2.59150000e-08  9.22558636e-01 
 2.59250000e-08  1.00000000e+00  2.59250000e-08  9.23329196e-01 
 2.59350000e-08  1.00000000e+00  2.59350000e-08  9.24092090e-01 
 2.59450000e-08  1.00000000e+00  2.59450000e-08  9.24847393e-01 
 2.59550000e-08  1.00000000e+00  2.59550000e-08  9.25595180e-01 
 2.59650000e-08  1.00000000e+00  2.59650000e-08  9.26335526e-01 
 2.59750000e-08  1.00000000e+00  2.59750000e-08  9.27068506e-01 
 2.59850000e-08  1.00000000e+00  2.59850000e-08  9.27794192e-01 
 2.59950000e-08  1.00000000e+00  2.59950000e-08  9.28512658e-01 
 2.60050000e-08  1.00000000e+00  2.60050000e-08  9.29223975e-01 
 2.60150000e-08  1.00000000e+00  2.60150000e-08  9.29928214e-01 
 2.60250000e-08  1.00000000e+00  2.60250000e-08  9.30625446e-01 
 2.60350000e-08  1.00000000e+00  2.60350000e-08  9.31315740e-01 
 2.60450000e-08  1.00000000e+00  2.60450000e-08  9.31999165e-01 
 2.60550000e-08  1.00000000e+00  2.60550000e-08  9.32675791e-01 
 2.60650000e-08  1.00000000e+00  2.60650000e-08  9.33345683e-01 
 2.60750000e-08  1.00000000e+00  2.60750000e-08  9.34008910e-01 
 2.60850000e-08  1.00000000e+00  2.60850000e-08  9.34665538e-01 
 2.60950000e-08  1.00000000e+00  2.60950000e-08  9.35315632e-01 
 2.61050000e-08  1.00000000e+00  2.61050000e-08  9.35959258e-01 
 2.61150000e-08  1.00000000e+00  2.61150000e-08  9.36596479e-01 
 2.61250000e-08  1.00000000e+00  2.61250000e-08  9.37227360e-01 
 2.61350000e-08  1.00000000e+00  2.61350000e-08  9.37851963e-01 
 2.61450000e-08  1.00000000e+00  2.61450000e-08  9.38470352e-01 
 2.61550000e-08  1.00000000e+00  2.61550000e-08  9.39082587e-01 
 2.61650000e-08  1.00000000e+00  2.61650000e-08  9.39688730e-01 
 2.61750000e-08  1.00000000e+00  2.61750000e-08  9.40288842e-01 
 2.61850000e-08  1.00000000e+00  2.61850000e-08  9.40882983e-01 
 2.61950000e-08  1.00000000e+00  2.61950000e-08  9.41471212e-01 
 2.62050000e-08  1.00000000e+00  2.62050000e-08  9.42053588e-01 
 2.62150000e-08  1.00000000e+00  2.62150000e-08  9.42630170e-01 
 2.62250000e-08  1.00000000e+00  2.62250000e-08  9.43201014e-01 
 2.62350000e-08  1.00000000e+00  2.62350000e-08  9.43766178e-01 
 2.62450000e-08  1.00000000e+00  2.62450000e-08  9.44325718e-01 
 2.62550000e-08  1.00000000e+00  2.62550000e-08  9.44879691e-01 
 2.62650000e-08  1.00000000e+00  2.62650000e-08  9.45428152e-01 
 2.62750000e-08  1.00000000e+00  2.62750000e-08  9.45971155e-01 
 2.62850000e-08  1.00000000e+00  2.62850000e-08  9.46508756e-01 
 2.62950000e-08  1.00000000e+00  2.62950000e-08  9.47041007e-01 
 2.63050000e-08  1.00000000e+00  2.63050000e-08  9.47567962e-01 
 2.63150000e-08  1.00000000e+00  2.63150000e-08  9.48089674e-01 
 2.63250000e-08  1.00000000e+00  2.63250000e-08  9.48606195e-01 
 2.63350000e-08  1.00000000e+00  2.63350000e-08  9.49117576e-01 
 2.63450000e-08  1.00000000e+00  2.63450000e-08  9.49623869e-01 
 2.63550000e-08  1.00000000e+00  2.63550000e-08  9.50125124e-01 
 2.63650000e-08  1.00000000e+00  2.63650000e-08  9.50621391e-01 
 2.63750000e-08  1.00000000e+00  2.63750000e-08  9.51112721e-01 
 2.63850000e-08  1.00000000e+00  2.63850000e-08  9.51599161e-01 
 2.63950000e-08  1.00000000e+00  2.63950000e-08  9.52080762e-01 
 2.64050000e-08  1.00000000e+00  2.64050000e-08  9.52557570e-01 
 2.64150000e-08  1.00000000e+00  2.64150000e-08  9.53029634e-01 
 2.64250000e-08  1.00000000e+00  2.64250000e-08  9.53497001e-01 
 2.64350000e-08  1.00000000e+00  2.64350000e-08  9.53959717e-01 
 2.64450000e-08  1.00000000e+00  2.64450000e-08  9.54417829e-01 
 2.64550000e-08  1.00000000e+00  2.64550000e-08  9.54871383e-01 
 2.64650000e-08  1.00000000e+00  2.64650000e-08  9.55320424e-01 
 2.64750000e-08  1.00000000e+00  2.64750000e-08  9.55764997e-01 
 2.64850000e-08  1.00000000e+00  2.64850000e-08  9.56205146e-01 
 2.64950000e-08  1.00000000e+00  2.64950000e-08  9.56640916e-01 
 2.65050000e-08  1.00000000e+00  2.65050000e-08  9.57072350e-01 
 2.65150000e-08  1.00000000e+00  2.65150000e-08  9.57499491e-01 
 2.65250000e-08  1.00000000e+00  2.65250000e-08  9.57922381e-01 
 2.65350000e-08  1.00000000e+00  2.65350000e-08  9.58341064e-01 
 2.65450000e-08  1.00000000e+00  2.65450000e-08  9.58755581e-01 
 2.65550000e-08  1.00000000e+00  2.65550000e-08  9.59165973e-01 
 2.65650000e-08  1.00000000e+00  2.65650000e-08  9.59572282e-01 
 2.65750000e-08  1.00000000e+00  2.65750000e-08  9.59974548e-01 
 2.65850000e-08  1.00000000e+00  2.65850000e-08  9.60372811e-01 
 2.65950000e-08  1.00000000e+00  2.65950000e-08  9.60767111e-01 
 2.66050000e-08  1.00000000e+00  2.66050000e-08  9.61157488e-01 
 2.66150000e-08  1.00000000e+00  2.66150000e-08  9.61543981e-01 
 2.66250000e-08  1.00000000e+00  2.66250000e-08  9.61926628e-01 
 2.66350000e-08  1.00000000e+00  2.66350000e-08  9.62305467e-01 
 2.66450000e-08  1.00000000e+00  2.66450000e-08  9.62680537e-01 
 2.66550000e-08  1.00000000e+00  2.66550000e-08  9.63051875e-01 
 2.66650000e-08  1.00000000e+00  2.66650000e-08  9.63419518e-01 
 2.66750000e-08  1.00000000e+00  2.66750000e-08  9.63783503e-01 
 2.66850000e-08  1.00000000e+00  2.66850000e-08  9.64143866e-01 
 2.66950000e-08  1.00000000e+00  2.66950000e-08  9.64500644e-01 
 2.67050000e-08  1.00000000e+00  2.67050000e-08  9.64853871e-01 
 2.67150000e-08  1.00000000e+00  2.67150000e-08  9.65203584e-01 
 2.67250000e-08  1.00000000e+00  2.67250000e-08  9.65549817e-01 
 2.67350000e-08  1.00000000e+00  2.67350000e-08  9.65892605e-01 
 2.67450000e-08  1.00000000e+00  2.67450000e-08  9.66231982e-01 
 2.67550000e-08  1.00000000e+00  2.67550000e-08  9.66567982e-01 
 2.67650000e-08  1.00000000e+00  2.67650000e-08  9.66900639e-01 
 2.67750000e-08  1.00000000e+00  2.67750000e-08  9.67229986e-01 
 2.67850000e-08  1.00000000e+00  2.67850000e-08  9.67556056e-01 
 2.67950000e-08  1.00000000e+00  2.67950000e-08  9.67878881e-01 
 2.68050000e-08  1.00000000e+00  2.68050000e-08  9.68198494e-01 
 2.68150000e-08  1.00000000e+00  2.68150000e-08  9.68514927e-01 
 2.68250000e-08  1.00000000e+00  2.68250000e-08  9.68828211e-01 
 2.68350000e-08  1.00000000e+00  2.68350000e-08  9.69138378e-01 
 2.68450000e-08  1.00000000e+00  2.68450000e-08  9.69445459e-01 
 2.68550000e-08  1.00000000e+00  2.68550000e-08  9.69749484e-01 
 2.68650000e-08  1.00000000e+00  2.68650000e-08  9.70050485e-01 
 2.68750000e-08  1.00000000e+00  2.68750000e-08  9.70348490e-01 
 2.68850000e-08  1.00000000e+00  2.68850000e-08  9.70643530e-01 
 2.68950000e-08  1.00000000e+00  2.68950000e-08  9.70935634e-01 
 2.69050000e-08  1.00000000e+00  2.69050000e-08  9.71224831e-01 
 2.69150000e-08  1.00000000e+00  2.69150000e-08  9.71511152e-01 
 2.69250000e-08  1.00000000e+00  2.69250000e-08  9.71794623e-01 
 2.69350000e-08  1.00000000e+00  2.69350000e-08  9.72075273e-01 
 2.69450000e-08  1.00000000e+00  2.69450000e-08  9.72353131e-01 
 2.69550000e-08  1.00000000e+00  2.69550000e-08  9.72628224e-01 
 2.69650000e-08  1.00000000e+00  2.69650000e-08  9.72900580e-01 
 2.69750000e-08  1.00000000e+00  2.69750000e-08  9.73170226e-01 
 2.69850000e-08  1.00000000e+00  2.69850000e-08  9.73437189e-01 
 2.69950000e-08  1.00000000e+00  2.69950000e-08  9.73701496e-01 
 2.70050000e-08  1.00000000e+00  2.70050000e-08  9.73963172e-01 
 2.70150000e-08  1.00000000e+00  2.70150000e-08  9.74222245e-01 
 2.70250000e-08  1.00000000e+00  2.70250000e-08  9.74478740e-01 
 2.70350000e-08  1.00000000e+00  2.70350000e-08  9.74732683e-01 
 2.70450000e-08  1.00000000e+00  2.70450000e-08  9.74984099e-01 
 2.70550000e-08  1.00000000e+00  2.70550000e-08  9.75233014e-01 
 2.70650000e-08  1.00000000e+00  2.70650000e-08  9.75479452e-01 
 2.70750000e-08  1.00000000e+00  2.70750000e-08  9.75723437e-01 
 2.70850000e-08  1.00000000e+00  2.70850000e-08  9.75964995e-01 
 2.70950000e-08  1.00000000e+00  2.70950000e-08  9.76204149e-01 
 2.71050000e-08  1.00000000e+00  2.71050000e-08  9.76440924e-01 
 2.71150000e-08  1.00000000e+00  2.71150000e-08  9.76675343e-01 
 2.71250000e-08  1.00000000e+00  2.71250000e-08  9.76907429e-01 
 2.71350000e-08  1.00000000e+00  2.71350000e-08  9.77137205e-01 
 2.71450000e-08  1.00000000e+00  2.71450000e-08  9.77364696e-01 
 2.71550000e-08  1.00000000e+00  2.71550000e-08  9.77589923e-01 
 2.71650000e-08  1.00000000e+00  2.71650000e-08  9.77812909e-01 
 2.71750000e-08  1.00000000e+00  2.71750000e-08  9.78033676e-01 
 2.71850000e-08  1.00000000e+00  2.71850000e-08  9.78252246e-01 
 2.71950000e-08  1.00000000e+00  2.71950000e-08  9.78468642e-01 
 2.72050000e-08  1.00000000e+00  2.72050000e-08  9.78682884e-01 
 2.72150000e-08  1.00000000e+00  2.72150000e-08  9.78894995e-01 
 2.72250000e-08  1.00000000e+00  2.72250000e-08  9.79104995e-01 
 2.72350000e-08  1.00000000e+00  2.72350000e-08  9.79312905e-01 
 2.72450000e-08  1.00000000e+00  2.72450000e-08  9.79518747e-01 
 2.72550000e-08  1.00000000e+00  2.72550000e-08  9.79722541e-01 
 2.72650000e-08  1.00000000e+00  2.72650000e-08  9.79924306e-01 
 2.72750000e-08  1.00000000e+00  2.72750000e-08  9.80124064e-01 
 2.72850000e-08  1.00000000e+00  2.72850000e-08  9.80321835e-01 
 2.72950000e-08  1.00000000e+00  2.72950000e-08  9.80517638e-01 
 2.73050000e-08  1.00000000e+00  2.73050000e-08  9.80711492e-01 
 2.73150000e-08  1.00000000e+00  2.73150000e-08  9.80903417e-01 
 2.73250000e-08  1.00000000e+00  2.73250000e-08  9.81093433e-01 
 2.73350000e-08  1.00000000e+00  2.73350000e-08  9.81281558e-01 
 2.73450000e-08  1.00000000e+00  2.73450000e-08  9.81467811e-01 
 2.73550000e-08  1.00000000e+00  2.73550000e-08  9.81652211e-01 
 2.73650000e-08  1.00000000e+00  2.73650000e-08  9.81834776e-01 
 2.73750000e-08  1.00000000e+00  2.73750000e-08  9.82015525e-01 
 2.73850000e-08  1.00000000e+00  2.73850000e-08  9.82194475e-01 
 2.73950000e-08  1.00000000e+00  2.73950000e-08  9.82371644e-01 
 2.74050000e-08  1.00000000e+00  2.74050000e-08  9.82547051e-01 
 2.74150000e-08  1.00000000e+00  2.74150000e-08  9.82720712e-01 
 2.74250000e-08  1.00000000e+00  2.74250000e-08  9.82892645e-01 
 2.74350000e-08  1.00000000e+00  2.74350000e-08  9.83062868e-01 
 2.74450000e-08  1.00000000e+00  2.74450000e-08  9.83231396e-01 
 2.74550000e-08  1.00000000e+00  2.74550000e-08  9.83398248e-01 
 2.74650000e-08  1.00000000e+00  2.74650000e-08  9.83563440e-01 
 2.74750000e-08  1.00000000e+00  2.74750000e-08  9.83726987e-01 
 2.74850000e-08  1.00000000e+00  2.74850000e-08  9.83888908e-01 
 2.74950000e-08  1.00000000e+00  2.74950000e-08  9.84049217e-01 
 2.75050000e-08  1.00000000e+00  2.75050000e-08  9.84207932e-01 
 2.75150000e-08  1.00000000e+00  2.75150000e-08  9.84365067e-01 
 2.75250000e-08  1.00000000e+00  2.75250000e-08  9.84520638e-01 
 2.75350000e-08  1.00000000e+00  2.75350000e-08  9.84674662e-01 
 2.75450000e-08  1.00000000e+00  2.75450000e-08  9.84827153e-01 
 2.75550000e-08  1.00000000e+00  2.75550000e-08  9.84978126e-01 
 2.75650000e-08  1.00000000e+00  2.75650000e-08  9.85127598e-01 
 2.75750000e-08  1.00000000e+00  2.75750000e-08  9.85275582e-01 
 2.75850000e-08  1.00000000e+00  2.75850000e-08  9.85422093e-01 
 2.75950000e-08  1.00000000e+00  2.75950000e-08  9.85567147e-01 
 2.76050000e-08  1.00000000e+00  2.76050000e-08  9.85710758e-01 
 2.76150000e-08  1.00000000e+00  2.76150000e-08  9.85852939e-01 
 2.76250000e-08  1.00000000e+00  2.76250000e-08  9.85993706e-01 
 2.76350000e-08  1.00000000e+00  2.76350000e-08  9.86133072e-01 
 2.76450000e-08  1.00000000e+00  2.76450000e-08  9.86271051e-01 
 2.76550000e-08  1.00000000e+00  2.76550000e-08  9.86407658e-01 
 2.76650000e-08  1.00000000e+00  2.76650000e-08  9.86542905e-01 
 2.76750000e-08  1.00000000e+00  2.76750000e-08  9.86676806e-01 
 2.76850000e-08  1.00000000e+00  2.76850000e-08  9.86809375e-01 
 2.76950000e-08  1.00000000e+00  2.76950000e-08  9.86940625e-01 
 2.77050000e-08  1.00000000e+00  2.77050000e-08  9.87070570e-01 
 2.77150000e-08  1.00000000e+00  2.77150000e-08  9.87199221e-01 
 2.77250000e-08  1.00000000e+00  2.77250000e-08  9.87326592e-01 
 2.77350000e-08  1.00000000e+00  2.77350000e-08  9.87452695e-01 
 2.77450000e-08  1.00000000e+00  2.77450000e-08  9.87577544e-01 
 2.77550000e-08  1.00000000e+00  2.77550000e-08  9.87701150e-01 
 2.77650000e-08  1.00000000e+00  2.77650000e-08  9.87823527e-01 
 2.77750000e-08  1.00000000e+00  2.77750000e-08  9.87944686e-01 
 2.77850000e-08  1.00000000e+00  2.77850000e-08  9.88064639e-01 
 2.77950000e-08  1.00000000e+00  2.77950000e-08  9.88183399e-01 
 2.78050000e-08  1.00000000e+00  2.78050000e-08  9.88300977e-01 
 2.78150000e-08  1.00000000e+00  2.78150000e-08  9.88417385e-01 
 2.78250000e-08  1.00000000e+00  2.78250000e-08  9.88532635e-01 
 2.78350000e-08  1.00000000e+00  2.78350000e-08  9.88646738e-01 
 2.78450000e-08  1.00000000e+00  2.78450000e-08  9.88759706e-01 
 2.78550000e-08  1.00000000e+00  2.78550000e-08  9.88871550e-01 
 2.78650000e-08  1.00000000e+00  2.78650000e-08  9.88982281e-01 
 2.78750000e-08  1.00000000e+00  2.78750000e-08  9.89091910e-01 
 2.78850000e-08  1.00000000e+00  2.78850000e-08  9.89200448e-01 
 2.78950000e-08  1.00000000e+00  2.78950000e-08  9.89307906e-01 
 2.79050000e-08  1.00000000e+00  2.79050000e-08  9.89414295e-01 
 2.79150000e-08  1.00000000e+00  2.79150000e-08  9.89519626e-01 
 2.79250000e-08  1.00000000e+00  2.79250000e-08  9.89623908e-01 
 2.79350000e-08  1.00000000e+00  2.79350000e-08  9.89727153e-01 
 2.79450000e-08  1.00000000e+00  2.79450000e-08  9.89829370e-01 
 2.79550000e-08  1.00000000e+00  2.79550000e-08  9.89930570e-01 
 2.79650000e-08  1.00000000e+00  2.79650000e-08  9.90030764e-01 
 2.79750000e-08  1.00000000e+00  2.79750000e-08  9.90129960e-01 
 2.79850000e-08  1.00000000e+00  2.79850000e-08  9.90228169e-01 
 2.79950000e-08  1.00000000e+00  2.79950000e-08  9.90325402e-01 
 2.80050000e-08  1.00000000e+00  2.80050000e-08  9.90421666e-01 
 2.80150000e-08  1.00000000e+00  2.80150000e-08  9.90516973e-01 
 2.80250000e-08  1.00000000e+00  2.80250000e-08  9.90611332e-01 
 2.80350000e-08  1.00000000e+00  2.80350000e-08  9.90704751e-01 
 2.80450000e-08  1.00000000e+00  2.80450000e-08  9.90797241e-01 
 2.80550000e-08  1.00000000e+00  2.80550000e-08  9.90888811e-01 
 2.80650000e-08  1.00000000e+00  2.80650000e-08  9.90979470e-01 
 2.80750000e-08  1.00000000e+00  2.80750000e-08  9.91069226e-01 
 2.80850000e-08  1.00000000e+00  2.80850000e-08  9.91158089e-01 
 2.80950000e-08  1.00000000e+00  2.80950000e-08  9.91246069e-01 
 2.81050000e-08  1.00000000e+00  2.81050000e-08  9.91333172e-01 
 2.81150000e-08  1.00000000e+00  2.81150000e-08  9.91419410e-01 
 2.81250000e-08  1.00000000e+00  2.81250000e-08  9.91504789e-01 
 2.81350000e-08  1.00000000e+00  2.81350000e-08  9.91589318e-01 
 2.81450000e-08  1.00000000e+00  2.81450000e-08  9.91673006e-01 
 2.81550000e-08  1.00000000e+00  2.81550000e-08  9.91755862e-01 
 2.81650000e-08  1.00000000e+00  2.81650000e-08  9.91837893e-01 
 2.81750000e-08  1.00000000e+00  2.81750000e-08  9.91919108e-01 
 2.81850000e-08  1.00000000e+00  2.81850000e-08  9.91999515e-01 
 2.81950000e-08  1.00000000e+00  2.81950000e-08  9.92079122e-01 
 2.82050000e-08  1.00000000e+00  2.82050000e-08  9.92157937e-01 
 2.82150000e-08  1.00000000e+00  2.82150000e-08  9.92235967e-01 
 2.82250000e-08  1.00000000e+00  2.82250000e-08  9.92313221e-01 
 2.82350000e-08  1.00000000e+00  2.82350000e-08  9.92389707e-01 
 2.82450000e-08  1.00000000e+00  2.82450000e-08  9.92465431e-01 
 2.82550000e-08  1.00000000e+00  2.82550000e-08  9.92540402e-01 
 2.82650000e-08  1.00000000e+00  2.82650000e-08  9.92614627e-01 
 2.82750000e-08  1.00000000e+00  2.82750000e-08  9.92688113e-01 
 2.82850000e-08  1.00000000e+00  2.82850000e-08  9.92760868e-01 
 2.82950000e-08  1.00000000e+00  2.82950000e-08  9.92832899e-01 
 2.83050000e-08  1.00000000e+00  2.83050000e-08  9.92904214e-01 
 2.83150000e-08  1.00000000e+00  2.83150000e-08  9.92974818e-01 
 2.83250000e-08  1.00000000e+00  2.83250000e-08  9.93044721e-01 
 2.83350000e-08  1.00000000e+00  2.83350000e-08  9.93113927e-01 
 2.83450000e-08  1.00000000e+00  2.83450000e-08  9.93182446e-01 
 2.83550000e-08  1.00000000e+00  2.83550000e-08  9.93250282e-01 
 2.83650000e-08  1.00000000e+00  2.83650000e-08  9.93317443e-01 
 2.83750000e-08  1.00000000e+00  2.83750000e-08  9.93383936e-01 
 2.83850000e-08  1.00000000e+00  2.83850000e-08  9.93449768e-01 
 2.83950000e-08  1.00000000e+00  2.83950000e-08  9.93514944e-01 
 2.84050000e-08  1.00000000e+00  2.84050000e-08  9.93579472e-01 
 2.84150000e-08  1.00000000e+00  2.84150000e-08  9.93643358e-01 
 2.84250000e-08  1.00000000e+00  2.84250000e-08  9.93706608e-01 
 2.84350000e-08  1.00000000e+00  2.84350000e-08  9.93769229e-01 
 2.84450000e-08  1.00000000e+00  2.84450000e-08  9.93831227e-01 
 2.84550000e-08  1.00000000e+00  2.84550000e-08  9.93892608e-01 
 2.84650000e-08  1.00000000e+00  2.84650000e-08  9.93953378e-01 
 2.84750000e-08  1.00000000e+00  2.84750000e-08  9.94013543e-01 
 2.84850000e-08  1.00000000e+00  2.84850000e-08  9.94073110e-01 
 2.84950000e-08  1.00000000e+00  2.84950000e-08  9.94132084e-01 
 2.85050000e-08  1.00000000e+00  2.85050000e-08  9.94190471e-01 
 2.85150000e-08  1.00000000e+00  2.85150000e-08  9.94248277e-01 
 2.85250000e-08  1.00000000e+00  2.85250000e-08  9.94305508e-01 
 2.85350000e-08  1.00000000e+00  2.85350000e-08  9.94362170e-01 
 2.85450000e-08  1.00000000e+00  2.85450000e-08  9.94418268e-01 
 2.85550000e-08  1.00000000e+00  2.85550000e-08  9.94473807e-01 
 2.85650000e-08  1.00000000e+00  2.85650000e-08  9.94528794e-01 
 2.85750000e-08  1.00000000e+00  2.85750000e-08  9.94583234e-01 
 2.85850000e-08  1.00000000e+00  2.85850000e-08  9.94637133e-01 
 2.85950000e-08  1.00000000e+00  2.85950000e-08  9.94690494e-01 
 2.86050000e-08  1.00000000e+00  2.86050000e-08  9.94743325e-01 
 2.86150000e-08  1.00000000e+00  2.86150000e-08  9.94795630e-01 
 2.86250000e-08  1.00000000e+00  2.86250000e-08  9.94847415e-01 
 2.86350000e-08  1.00000000e+00  2.86350000e-08  9.94898685e-01 
 2.86450000e-08  1.00000000e+00  2.86450000e-08  9.94949444e-01 
 2.86550000e-08  1.00000000e+00  2.86550000e-08  9.94999698e-01 
 2.86650000e-08  1.00000000e+00  2.86650000e-08  9.95049453e-01 
 2.86750000e-08  1.00000000e+00  2.86750000e-08  9.95098712e-01 
 2.86850000e-08  1.00000000e+00  2.86850000e-08  9.95147481e-01 
 2.86950000e-08  1.00000000e+00  2.86950000e-08  9.95195765e-01 
 2.87050000e-08  1.00000000e+00  2.87050000e-08  9.95243568e-01 
 2.87150000e-08  1.00000000e+00  2.87150000e-08  9.95290896e-01 
 2.87250000e-08  1.00000000e+00  2.87250000e-08  9.95337752e-01 
 2.87350000e-08  1.00000000e+00  2.87350000e-08  9.95384143e-01 
 2.87450000e-08  1.00000000e+00  2.87450000e-08  9.95430072e-01 
 2.87550000e-08  1.00000000e+00  2.87550000e-08  9.95475544e-01 
 2.87650000e-08  1.00000000e+00  2.87650000e-08  9.95520563e-01 
 2.87750000e-08  1.00000000e+00  2.87750000e-08  9.95565135e-01 
 2.87850000e-08  1.00000000e+00  2.87850000e-08  9.95609263e-01 
 2.87950000e-08  1.00000000e+00  2.87950000e-08  9.95652952e-01 
 2.88050000e-08  1.00000000e+00  2.88050000e-08  9.95696206e-01 
 2.88150000e-08  1.00000000e+00  2.88150000e-08  9.95739030e-01 
 2.88250000e-08  1.00000000e+00  2.88250000e-08  9.95781427e-01 
 2.88350000e-08  1.00000000e+00  2.88350000e-08  9.95823403e-01 
 2.88450000e-08  1.00000000e+00  2.88450000e-08  9.95864961e-01 
 2.88550000e-08  1.00000000e+00  2.88550000e-08  9.95906106e-01 
 2.88650000e-08  1.00000000e+00  2.88650000e-08  9.95946841e-01 
 2.88750000e-08  1.00000000e+00  2.88750000e-08  9.95987171e-01 
 2.88850000e-08  1.00000000e+00  2.88850000e-08  9.96027100e-01 
 2.88950000e-08  1.00000000e+00  2.88950000e-08  9.96066631e-01 
 2.89050000e-08  1.00000000e+00  2.89050000e-08  9.96105769e-01 
 2.89150000e-08  1.00000000e+00  2.89150000e-08  9.96144518e-01 
 2.89250000e-08  1.00000000e+00  2.89250000e-08  9.96182881e-01 
 2.89350000e-08  1.00000000e+00  2.89350000e-08  9.96220862e-01 
 2.89450000e-08  1.00000000e+00  2.89450000e-08  9.96258466e-01 
 2.89550000e-08  1.00000000e+00  2.89550000e-08  9.96295695e-01 
 2.89650000e-08  1.00000000e+00  2.89650000e-08  9.96332553e-01 
 2.89750000e-08  1.00000000e+00  2.89750000e-08  9.96369045e-01 
 2.89850000e-08  1.00000000e+00  2.89850000e-08  9.96405174e-01 
 2.89950000e-08  1.00000000e+00  2.89950000e-08  9.96440944e-01 
 2.90050000e-08  1.00000000e+00  2.90050000e-08  9.96476357e-01 
 2.90150000e-08  1.00000000e+00  2.90150000e-08  9.96511418e-01 
 2.90250000e-08  1.00000000e+00  2.90250000e-08  9.96546131e-01 
 2.90350000e-08  1.00000000e+00  2.90350000e-08  9.96580498e-01 
 2.90450000e-08  1.00000000e+00  2.90450000e-08  9.96614522e-01 
 2.90550000e-08  1.00000000e+00  2.90550000e-08  9.96648209e-01 
 2.90650000e-08  1.00000000e+00  2.90650000e-08  9.96681560e-01 
 2.90750000e-08  1.00000000e+00  2.90750000e-08  9.96714579e-01 
 2.90850000e-08  1.00000000e+00  2.90850000e-08  9.96747270e-01 
 2.90950000e-08  1.00000000e+00  2.90950000e-08  9.96779635e-01 
 2.91050000e-08  1.00000000e+00  2.91050000e-08  9.96811679e-01 
 2.91150000e-08  1.00000000e+00  2.91150000e-08  9.96843403e-01 
 2.91250000e-08  1.00000000e+00  2.91250000e-08  9.96874812e-01 
 2.91350000e-08  1.00000000e+00  2.91350000e-08  9.96905909e-01 
 2.91450000e-08  1.00000000e+00  2.91450000e-08  9.96936696e-01 
 2.91550000e-08  1.00000000e+00  2.91550000e-08  9.96967176e-01 
 2.91650000e-08  1.00000000e+00  2.91650000e-08  9.96997354e-01 
 2.91750000e-08  1.00000000e+00  2.91750000e-08  9.97027231e-01 
 2.91850000e-08  1.00000000e+00  2.91850000e-08  9.97056811e-01 
 2.91950000e-08  1.00000000e+00  2.91950000e-08  9.97086096e-01 
 2.92050000e-08  1.00000000e+00  2.92050000e-08  9.97115090e-01 
 2.92150000e-08  1.00000000e+00  2.92150000e-08  9.97143796e-01 
 2.92250000e-08  1.00000000e+00  2.92250000e-08  9.97172216e-01 
 2.92350000e-08  1.00000000e+00  2.92350000e-08  9.97200353e-01 
 2.92450000e-08  1.00000000e+00  2.92450000e-08  9.97228210e-01 
 2.92550000e-08  1.00000000e+00  2.92550000e-08  9.97255790e-01 
 2.92650000e-08  1.00000000e+00  2.92650000e-08  9.97283096e-01 
 2.92750000e-08  1.00000000e+00  2.92750000e-08  9.97310129e-01 
 2.92850000e-08  1.00000000e+00  2.92850000e-08  9.97336894e-01 
 2.92950000e-08  1.00000000e+00  2.92950000e-08  9.97363393e-01 
 2.93050000e-08  1.00000000e+00  2.93050000e-08  9.97389628e-01 
 2.93150000e-08  1.00000000e+00  2.93150000e-08  9.97415602e-01 
 2.93250000e-08  1.00000000e+00  2.93250000e-08  9.97441317e-01 
 2.93350000e-08  1.00000000e+00  2.93350000e-08  9.97466777e-01 
 2.93450000e-08  1.00000000e+00  2.93450000e-08  9.97491983e-01 
 2.93550000e-08  1.00000000e+00  2.93550000e-08  9.97516938e-01 
 2.93650000e-08  1.00000000e+00  2.93650000e-08  9.97541645e-01 
 2.93750000e-08  1.00000000e+00  2.93750000e-08  9.97566107e-01 
 2.93850000e-08  1.00000000e+00  2.93850000e-08  9.97590324e-01 
 2.93950000e-08  1.00000000e+00  2.93950000e-08  9.97614301e-01 
 2.94050000e-08  1.00000000e+00  2.94050000e-08  9.97638040e-01 
 2.94150000e-08  1.00000000e+00  2.94150000e-08  9.97661542e-01 
 2.94250000e-08  1.00000000e+00  2.94250000e-08  9.97684810e-01 
 2.94350000e-08  1.00000000e+00  2.94350000e-08  9.97707847e-01 
 2.94450000e-08  1.00000000e+00  2.94450000e-08  9.97730654e-01 
 2.94550000e-08  1.00000000e+00  2.94550000e-08  9.97753235e-01 
 2.94650000e-08  1.00000000e+00  2.94650000e-08  9.97775591e-01 
 2.94750000e-08  1.00000000e+00  2.94750000e-08  9.97797724e-01 
 2.94850000e-08  1.00000000e+00  2.94850000e-08  9.97819637e-01 
 2.94950000e-08  1.00000000e+00  2.94950000e-08  9.97841332e-01 
 2.95050000e-08  1.00000000e+00  2.95050000e-08  9.97862812e-01 
 2.95150000e-08  1.00000000e+00  2.95150000e-08  9.97884077e-01 
 2.95250000e-08  1.00000000e+00  2.95250000e-08  9.97905131e-01 
 2.95350000e-08  1.00000000e+00  2.95350000e-08  9.97925976e-01 
 2.95450000e-08  1.00000000e+00  2.95450000e-08  9.97946613e-01 
 2.95550000e-08  1.00000000e+00  2.95550000e-08  9.97967044e-01 
 2.95650000e-08  1.00000000e+00  2.95650000e-08  9.97987273e-01 
 2.95750000e-08  1.00000000e+00  2.95750000e-08  9.98007300e-01 
 2.95850000e-08  1.00000000e+00  2.95850000e-08  9.98027128e-01 
 2.95950000e-08  1.00000000e+00  2.95950000e-08  9.98046758e-01 
 2.96050000e-08  1.00000000e+00  2.96050000e-08  9.98066194e-01 
 2.96150000e-08  1.00000000e+00  2.96150000e-08  9.98085435e-01 
 2.96250000e-08  1.00000000e+00  2.96250000e-08  9.98104486e-01 
 2.96350000e-08  1.00000000e+00  2.96350000e-08  9.98123347e-01 
 2.96450000e-08  1.00000000e+00  2.96450000e-08  9.98142020e-01 
 2.96550000e-08  1.00000000e+00  2.96550000e-08  9.98160507e-01 
 2.96650000e-08  1.00000000e+00  2.96650000e-08  9.98178811e-01 
 2.96750000e-08  1.00000000e+00  2.96750000e-08  9.98196932e-01 
 2.96850000e-08  1.00000000e+00  2.96850000e-08  9.98214873e-01 
 2.96950000e-08  1.00000000e+00  2.96950000e-08  9.98232635e-01 
 2.97050000e-08  1.00000000e+00  2.97050000e-08  9.98250221e-01 
 2.97150000e-08  1.00000000e+00  2.97150000e-08  9.98267632e-01 
 2.97250000e-08  1.00000000e+00  2.97250000e-08  9.98284869e-01 
 2.97350000e-08  1.00000000e+00  2.97350000e-08  9.98301935e-01 
 2.97450000e-08  1.00000000e+00  2.97450000e-08  9.98318831e-01 
 2.97550000e-08  1.00000000e+00  2.97550000e-08  9.98335559e-01 
 2.97650000e-08  1.00000000e+00  2.97650000e-08  9.98352121e-01 
 2.97750000e-08  1.00000000e+00  2.97750000e-08  9.98368518e-01 
 2.97850000e-08  1.00000000e+00  2.97850000e-08  9.98384752e-01 
 2.97950000e-08  1.00000000e+00  2.97950000e-08  9.98400824e-01 
 2.98050000e-08  1.00000000e+00  2.98050000e-08  9.98416736e-01 
 2.98150000e-08  1.00000000e+00  2.98150000e-08  9.98432490e-01 
 2.98250000e-08  1.00000000e+00  2.98250000e-08  9.98448087e-01 
 2.98350000e-08  1.00000000e+00  2.98350000e-08  9.98463529e-01 
 2.98450000e-08  1.00000000e+00  2.98450000e-08  9.98478817e-01 
 2.98550000e-08  1.00000000e+00  2.98550000e-08  9.98493953e-01 
 2.98650000e-08  1.00000000e+00  2.98650000e-08  9.98508939e-01 
 2.98750000e-08  1.00000000e+00  2.98750000e-08  9.98523775e-01 
 2.98850000e-08  1.00000000e+00  2.98850000e-08  9.98538464e-01 
 2.98950000e-08  1.00000000e+00  2.98950000e-08  9.98553007e-01 
 2.99050000e-08  1.00000000e+00  2.99050000e-08  9.98567405e-01 
 2.99150000e-08  1.00000000e+00  2.99150000e-08  9.98581659e-01 
 2.99250000e-08  1.00000000e+00  2.99250000e-08  9.98595772e-01 
 2.99350000e-08  1.00000000e+00  2.99350000e-08  9.98609744e-01 
 2.99450000e-08  1.00000000e+00  2.99450000e-08  9.98623578e-01 
 2.99550000e-08  1.00000000e+00  2.99550000e-08  9.98637274e-01 
 2.99650000e-08  1.00000000e+00  2.99650000e-08  9.98650833e-01 
 2.99750000e-08  1.00000000e+00  2.99750000e-08  9.98664258e-01 
 2.99850000e-08  1.00000000e+00  2.99850000e-08  9.98677549e-01 
 2.99950000e-08  1.00000000e+00  2.99950000e-08  9.98690707e-01 
 3.00050000e-08  1.00000000e+00  3.00050000e-08  9.98703735e-01 
 3.00150000e-08  1.00000000e+00  3.00150000e-08  9.98716633e-01 
 3.00250000e-08  1.00000000e+00  3.00250000e-08  9.98729403e-01 
 3.00350000e-08  1.00000000e+00  3.00350000e-08  9.98742046e-01 
 3.00450000e-08  1.00000000e+00  3.00450000e-08  9.98754563e-01 
 3.00550000e-08  1.00000000e+00  3.00550000e-08  9.98766955e-01 
 3.00650000e-08  1.00000000e+00  3.00650000e-08  9.98779224e-01 
 3.00750000e-08  1.00000000e+00  3.00750000e-08  9.98791371e-01 
 3.00850000e-08  1.00000000e+00  3.00850000e-08  9.98803397e-01 
 3.00925000e-08  1.00000000e+00  3.00925000e-08  9.98812338e-01 
 3.01000000e-08  1.00000000e+00  3.01000000e-08  9.98821213e-01 
 3.01010000e-08  9.90000000e-01  3.01010000e-08  9.98822390e-01 
 3.01030000e-08  9.70000000e-01  3.01030000e-08  9.98824743e-01 
 3.01070000e-08  9.30000000e-01  3.01070000e-08  9.98829435e-01 
 3.01150000e-08  8.50000000e-01  3.01150000e-08  9.98838762e-01 
 3.01250000e-08  7.50000000e-01  3.01250000e-08  9.98850317e-01 
 3.01350000e-08  6.50000000e-01  3.01350000e-08  9.98861756e-01 
 3.01450000e-08  5.50000000e-01  3.01450000e-08  9.98873082e-01 
 3.01550000e-08  4.50000000e-01  3.01550000e-08  9.98884295e-01 
 3.01650000e-08  3.50000000e-01  3.01650000e-08  9.98895397e-01 
 3.01750000e-08  2.50000000e-01  3.01750000e-08  9.98906388e-01 
 3.01850000e-08  1.50000000e-01  3.01850000e-08  9.98917269e-01 
 3.01925000e-08  7.50000000e-02  3.01925000e-08  9.98925360e-01 
 3.02000000e-08  2.42028619e-14  3.02000000e-08  9.98933389e-01 
 3.02010000e-08  0.00000000e+00  3.02010000e-08  9.98934455e-01 
 3.02030000e-08  0.00000000e+00  3.02030000e-08  9.98936584e-01 
 3.02070000e-08  0.00000000e+00  3.02070000e-08  9.98940829e-01 
 3.02150000e-08  0.00000000e+00  3.02150000e-08  9.98949269e-01 
 3.02250000e-08  0.00000000e+00  3.02250000e-08  9.98959724e-01 
 3.02350000e-08  0.00000000e+00  3.02350000e-08  9.98970075e-01 
 3.02450000e-08  0.00000000e+00  3.02450000e-08  9.98980323e-01 
 3.02550000e-08  0.00000000e+00  3.02550000e-08  9.98990469e-01 
 3.02650000e-08  0.00000000e+00  3.02650000e-08  9.99000514e-01 
 3.02750000e-08  0.00000000e+00  3.02750000e-08  9.99010459e-01 
 3.02850000e-08  0.00000000e+00  3.02850000e-08  9.99020305e-01 
 3.02950000e-08  0.00000000e+00  3.02950000e-08  9.99030053e-01 
 3.03050000e-08  0.00000000e+00  3.03050000e-08  9.99039705e-01 
 3.03150000e-08  0.00000000e+00  3.03150000e-08  9.99049260e-01 
 3.03250000e-08  0.00000000e+00  3.03250000e-08  9.99058720e-01 
 3.03350000e-08  0.00000000e+00  3.03350000e-08  9.99068086e-01 
 3.03450000e-08  0.00000000e+00  3.03450000e-08  9.99077359e-01 
 3.03550000e-08  0.00000000e+00  3.03550000e-08  9.99086539e-01 
 3.03650000e-08  0.00000000e+00  3.03650000e-08  9.99095628e-01 
 3.03750000e-08  0.00000000e+00  3.03750000e-08  9.99104627e-01 
 3.03850000e-08  0.00000000e+00  3.03850000e-08  9.99113536e-01 
 3.03950000e-08  0.00000000e+00  3.03950000e-08  9.99122357e-01 
 3.04050000e-08  0.00000000e+00  3.04050000e-08  9.99131089e-01 
 3.04150000e-08  0.00000000e+00  3.04150000e-08  9.99139735e-01 
 3.04250000e-08  0.00000000e+00  3.04250000e-08  9.99148295e-01 
 3.04350000e-08  0.00000000e+00  3.04350000e-08  9.99156770e-01 
 3.04450000e-08  0.00000000e+00  3.04450000e-08  9.99165160e-01 
 3.04550000e-08  0.00000000e+00  3.04550000e-08  9.99173467e-01 
 3.04650000e-08  0.00000000e+00  3.04650000e-08  9.99181691e-01 
 3.04750000e-08  0.00000000e+00  3.04750000e-08  9.99189834e-01 
 3.04850000e-08  0.00000000e+00  3.04850000e-08  9.99197895e-01 
 3.04950000e-08  0.00000000e+00  3.04950000e-08  9.99205876e-01 
 3.05050000e-08  0.00000000e+00  3.05050000e-08  9.99213778e-01 
 3.05150000e-08  0.00000000e+00  3.05150000e-08  9.99221601e-01 
 3.05250000e-08  0.00000000e+00  3.05250000e-08  9.99229346e-01 
 3.05350000e-08  0.00000000e+00  3.05350000e-08  9.99237014e-01 
 3.05450000e-08  0.00000000e+00  3.05450000e-08  9.99244606e-01 
 3.05550000e-08  0.00000000e+00  3.05550000e-08  9.99252123e-01 
 3.05650000e-08  0.00000000e+00  3.05650000e-08  9.99259564e-01 
 3.05750000e-08  0.00000000e+00  3.05750000e-08  9.99266932e-01 
 3.05850000e-08  0.00000000e+00  3.05850000e-08  9.99274226e-01 
 3.05950000e-08  0.00000000e+00  3.05950000e-08  9.99281448e-01 
 3.06050000e-08  0.00000000e+00  3.06050000e-08  9.99288597e-01 
 3.06150000e-08  0.00000000e+00  3.06150000e-08  9.99295676e-01 
 3.06250000e-08  0.00000000e+00  3.06250000e-08  9.99302684e-01 
 3.06350000e-08  0.00000000e+00  3.06350000e-08  9.99309623e-01 
 3.06450000e-08  0.00000000e+00  3.06450000e-08  9.99316492e-01 
 3.06550000e-08  0.00000000e+00  3.06550000e-08  9.99323293e-01 
 3.06650000e-08  0.00000000e+00  3.06650000e-08  9.99330027e-01 
 3.06750000e-08  0.00000000e+00  3.06750000e-08  9.99336693e-01 
 3.06850000e-08  0.00000000e+00  3.06850000e-08  9.99343293e-01 
 3.06950000e-08  0.00000000e+00  3.06950000e-08  9.99349827e-01 
 3.07050000e-08  0.00000000e+00  3.07050000e-08  9.99356297e-01 
 3.07150000e-08  0.00000000e+00  3.07150000e-08  9.99362702e-01 
 3.07250000e-08  0.00000000e+00  3.07250000e-08  9.99369043e-01 
 3.07350000e-08  0.00000000e+00  3.07350000e-08  9.99375321e-01 
 3.07450000e-08  0.00000000e+00  3.07450000e-08  9.99381537e-01 
 3.07550000e-08  0.00000000e+00  3.07550000e-08  9.99387691e-01 
 3.07650000e-08  0.00000000e+00  3.07650000e-08  9.99393783e-01 
 3.07750000e-08  0.00000000e+00  3.07750000e-08  9.99399816e-01 
 3.07850000e-08  0.00000000e+00  3.07850000e-08  9.99405787e-01 
 3.07950000e-08  0.00000000e+00  3.07950000e-08  9.99411700e-01 
 3.08050000e-08  0.00000000e+00  3.08050000e-08  9.99417554e-01 
 3.08150000e-08  0.00000000e+00  3.08150000e-08  9.99423349e-01 
 3.08250000e-08  0.00000000e+00  3.08250000e-08  9.99429087e-01 
 3.08350000e-08  0.00000000e+00  3.08350000e-08  9.99434768e-01 
 3.08450000e-08  0.00000000e+00  3.08450000e-08  9.99440392e-01 
 3.08550000e-08  0.00000000e+00  3.08550000e-08  9.99445960e-01 
 3.08650000e-08  0.00000000e+00  3.08650000e-08  9.99451473e-01 
 3.08750000e-08  0.00000000e+00  3.08750000e-08  9.99456931e-01 
 3.08850000e-08  0.00000000e+00  3.08850000e-08  9.99462335e-01 
 3.08950000e-08  0.00000000e+00  3.08950000e-08  9.99467685e-01 
 3.09050000e-08  0.00000000e+00  3.09050000e-08  9.99472981e-01 
 3.09150000e-08  0.00000000e+00  3.09150000e-08  9.99478225e-01 
 3.09250000e-08  0.00000000e+00  3.09250000e-08  9.99483417e-01 
 3.09350000e-08  0.00000000e+00  3.09350000e-08  9.99488557e-01 
 3.09450000e-08  0.00000000e+00  3.09450000e-08  9.99493646e-01 
 3.09550000e-08  0.00000000e+00  3.09550000e-08  9.99498685e-01 
 3.09650000e-08  0.00000000e+00  3.09650000e-08  9.99503673e-01 
 3.09750000e-08  0.00000000e+00  3.09750000e-08  9.99508611e-01 
 3.09850000e-08  0.00000000e+00  3.09850000e-08  9.99513501e-01 
 3.09950000e-08  0.00000000e+00  3.09950000e-08  9.99518342e-01 
 3.10050000e-08  0.00000000e+00  3.10050000e-08  9.99523134e-01 
 3.10150000e-08  0.00000000e+00  3.10150000e-08  9.99527879e-01 
 3.10250000e-08  0.00000000e+00  3.10250000e-08  9.99532577e-01 
 3.10350000e-08  0.00000000e+00  3.10350000e-08  9.99537228e-01 
 3.10450000e-08  0.00000000e+00  3.10450000e-08  9.99541832e-01 
 3.10550000e-08  0.00000000e+00  3.10550000e-08  9.99546391e-01 
 3.10650000e-08  0.00000000e+00  3.10650000e-08  9.99550905e-01 
 3.10750000e-08  0.00000000e+00  3.10750000e-08  9.99555374e-01 
 3.10850000e-08  0.00000000e+00  3.10850000e-08  9.99559798e-01 
 3.10950000e-08  0.00000000e+00  3.10950000e-08  9.99564178e-01 
 3.11050000e-08  0.00000000e+00  3.11050000e-08  9.99568514e-01 
 3.11150000e-08  0.00000000e+00  3.11150000e-08  9.99572808e-01 
 3.11250000e-08  0.00000000e+00  3.11250000e-08  9.99577058e-01 
 3.11350000e-08  0.00000000e+00  3.11350000e-08  9.99581267e-01 
 3.11450000e-08  0.00000000e+00  3.11450000e-08  9.99585433e-01 
 3.11550000e-08  0.00000000e+00  3.11550000e-08  9.97920839e-01 
 3.11650000e-08  0.00000000e+00  3.11650000e-08  9.94587506e-01 
 3.11750000e-08  0.00000000e+00  3.11750000e-08  9.91254173e-01 
 3.11850000e-08  0.00000000e+00  3.11850000e-08  9.87920839e-01 
 3.11950000e-08  0.00000000e+00  3.11950000e-08  9.84587506e-01 
 3.12050000e-08  0.00000000e+00  3.12050000e-08  9.81254173e-01 
 3.12150000e-08  0.00000000e+00  3.12150000e-08  9.77920839e-01 
 3.12250000e-08  0.00000000e+00  3.12250000e-08  9.74587506e-01 
 3.12350000e-08  0.00000000e+00  3.12350000e-08  9.71254173e-01 
 3.12450000e-08  0.00000000e+00  3.12450000e-08  9.67920839e-01 
 3.12550000e-08  0.00000000e+00  3.12550000e-08  9.64587506e-01 
 3.12650000e-08  0.00000000e+00  3.12650000e-08  9.61254173e-01 
 3.12750000e-08  0.00000000e+00  3.12750000e-08  9.57920839e-01 
 3.12850000e-08  0.00000000e+00  3.12850000e-08  9.54587506e-01 
 3.12950000e-08  0.00000000e+00  3.12950000e-08  9.51254173e-01 
 3.13050000e-08  0.00000000e+00  3.13050000e-08  9.47920839e-01 
 3.13150000e-08  0.00000000e+00  3.13150000e-08  9.44587506e-01 
 3.13250000e-08  0.00000000e+00  3.13250000e-08  9.41254173e-01 
 3.13350000e-08  0.00000000e+00  3.13350000e-08  9.37920839e-01 
 3.13450000e-08  0.00000000e+00  3.13450000e-08  9.34587506e-01 
 3.13550000e-08  0.00000000e+00  3.13550000e-08  9.31254173e-01 
 3.13650000e-08  0.00000000e+00  3.13650000e-08  9.27920839e-01 
 3.13750000e-08  0.00000000e+00  3.13750000e-08  9.24587506e-01 
 3.13850000e-08  0.00000000e+00  3.13850000e-08  9.21254173e-01 
 3.13950000e-08  0.00000000e+00  3.13950000e-08  9.17920839e-01 
 3.14050000e-08  0.00000000e+00  3.14050000e-08  9.14587506e-01 
 3.14150000e-08  0.00000000e+00  3.14150000e-08  9.11254173e-01 
 3.14250000e-08  0.00000000e+00  3.14250000e-08  9.07920839e-01 
 3.14350000e-08  0.00000000e+00  3.14350000e-08  9.04587506e-01 
 3.14450000e-08  0.00000000e+00  3.14450000e-08  9.01254173e-01 
 3.14550000e-08  0.00000000e+00  3.14550000e-08  8.97920839e-01 
 3.14650000e-08  0.00000000e+00  3.14650000e-08  8.94587506e-01 
 3.14750000e-08  0.00000000e+00  3.14750000e-08  8.91254173e-01 
 3.14850000e-08  0.00000000e+00  3.14850000e-08  8.87920839e-01 
 3.14950000e-08  0.00000000e+00  3.14950000e-08  8.84587506e-01 
 3.15050000e-08  0.00000000e+00  3.15050000e-08  8.81254173e-01 
 3.15150000e-08  0.00000000e+00  3.15150000e-08  8.77920839e-01 
 3.15250000e-08  0.00000000e+00  3.15250000e-08  8.74587506e-01 
 3.15350000e-08  0.00000000e+00  3.15350000e-08  8.71254173e-01 
 3.15450000e-08  0.00000000e+00  3.15450000e-08  8.67920839e-01 
 3.15550000e-08  0.00000000e+00  3.15550000e-08  8.64587506e-01 
 3.15650000e-08  0.00000000e+00  3.15650000e-08  8.61254173e-01 
 3.15750000e-08  0.00000000e+00  3.15750000e-08  8.57920839e-01 
 3.15850000e-08  0.00000000e+00  3.15850000e-08  8.54587506e-01 
 3.15950000e-08  0.00000000e+00  3.15950000e-08  8.51254173e-01 
 3.16050000e-08  0.00000000e+00  3.16050000e-08  8.47920839e-01 
 3.16150000e-08  0.00000000e+00  3.16150000e-08  8.44587506e-01 
 3.16250000e-08  0.00000000e+00  3.16250000e-08  8.41254173e-01 
 3.16350000e-08  0.00000000e+00  3.16350000e-08  8.37920839e-01 
 3.16450000e-08  0.00000000e+00  3.16450000e-08  8.34587506e-01 
 3.16550000e-08  0.00000000e+00  3.16550000e-08  8.31254173e-01 
 3.16650000e-08  0.00000000e+00  3.16650000e-08  8.27920839e-01 
 3.16750000e-08  0.00000000e+00  3.16750000e-08  8.24587506e-01 
 3.16850000e-08  0.00000000e+00  3.16850000e-08  8.21254173e-01 
 3.16950000e-08  0.00000000e+00  3.16950000e-08  8.17920839e-01 
 3.17050000e-08  0.00000000e+00  3.17050000e-08  8.14587506e-01 
 3.17150000e-08  0.00000000e+00  3.17150000e-08  8.11254173e-01 
 3.17250000e-08  0.00000000e+00  3.17250000e-08  8.07920839e-01 
 3.17350000e-08  0.00000000e+00  3.17350000e-08  8.04587506e-01 
 3.17450000e-08  0.00000000e+00  3.17450000e-08  8.01254173e-01 
 3.17550000e-08  0.00000000e+00  3.17550000e-08  7.97920839e-01 
 3.17650000e-08  0.00000000e+00  3.17650000e-08  7.94587506e-01 
 3.17750000e-08  0.00000000e+00  3.17750000e-08  7.91254173e-01 
 3.17850000e-08  0.00000000e+00  3.17850000e-08  7.87920839e-01 
 3.17950000e-08  0.00000000e+00  3.17950000e-08  7.84587506e-01 
 3.18050000e-08  0.00000000e+00  3.18050000e-08  7.81254173e-01 
 3.18150000e-08  0.00000000e+00  3.18150000e-08  7.77920839e-01 
 3.18250000e-08  0.00000000e+00  3.18250000e-08  7.74587506e-01 
 3.18350000e-08  0.00000000e+00  3.18350000e-08  7.71254173e-01 
 3.18450000e-08  0.00000000e+00  3.18450000e-08  7.67920839e-01 
 3.18550000e-08  0.00000000e+00  3.18550000e-08  7.64587506e-01 
 3.18650000e-08  0.00000000e+00  3.18650000e-08  7.61254173e-01 
 3.18750000e-08  0.00000000e+00  3.18750000e-08  7.57920839e-01 
 3.18850000e-08  0.00000000e+00  3.18850000e-08  7.54587506e-01 
 3.18950000e-08  0.00000000e+00  3.18950000e-08  7.51254173e-01 
 3.19050000e-08  0.00000000e+00  3.19050000e-08  7.47920839e-01 
 3.19150000e-08  0.00000000e+00  3.19150000e-08  7.44587506e-01 
 3.19250000e-08  0.00000000e+00  3.19250000e-08  7.41254173e-01 
 3.19350000e-08  0.00000000e+00  3.19350000e-08  7.37920839e-01 
 3.19450000e-08  0.00000000e+00  3.19450000e-08  7.34587506e-01 
 3.19550000e-08  0.00000000e+00  3.19550000e-08  7.31254173e-01 
 3.19650000e-08  0.00000000e+00  3.19650000e-08  7.27920839e-01 
 3.19750000e-08  0.00000000e+00  3.19750000e-08  7.24587506e-01 
 3.19850000e-08  0.00000000e+00  3.19850000e-08  7.21254173e-01 
 3.19950000e-08  0.00000000e+00  3.19950000e-08  7.17920839e-01 
 3.20050000e-08  0.00000000e+00  3.20050000e-08  7.14587506e-01 
 3.20150000e-08  0.00000000e+00  3.20150000e-08  7.11254173e-01 
 3.20250000e-08  0.00000000e+00  3.20250000e-08  7.07920839e-01 
 3.20350000e-08  0.00000000e+00  3.20350000e-08  7.04587506e-01 
 3.20450000e-08  0.00000000e+00  3.20450000e-08  7.01254173e-01 
 3.20550000e-08  0.00000000e+00  3.20550000e-08  6.97920839e-01 
 3.20650000e-08  0.00000000e+00  3.20650000e-08  6.94587506e-01 
 3.20750000e-08  0.00000000e+00  3.20750000e-08  6.91254173e-01 
 3.20850000e-08  0.00000000e+00  3.20850000e-08  6.87920839e-01 
 3.20950000e-08  0.00000000e+00  3.20950000e-08  6.84587506e-01 
 3.21050000e-08  0.00000000e+00  3.21050000e-08  6.81254173e-01 
 3.21150000e-08  0.00000000e+00  3.21150000e-08  6.77920839e-01 
 3.21250000e-08  0.00000000e+00  3.21250000e-08  6.74587506e-01 
 3.21350000e-08  0.00000000e+00  3.21350000e-08  6.71254173e-01 
 3.21450000e-08  0.00000000e+00  3.21450000e-08  6.67920839e-01 
 3.21550000e-08  0.00000000e+00  3.21550000e-08  6.64587506e-01 
 3.21650000e-08  0.00000000e+00  3.21650000e-08  6.61254173e-01 
 3.21750000e-08  0.00000000e+00  3.21750000e-08  6.57920839e-01 
 3.21850000e-08  0.00000000e+00  3.21850000e-08  6.54587506e-01 
 3.21950000e-08  0.00000000e+00  3.21950000e-08  6.51254173e-01 
 3.22050000e-08  0.00000000e+00  3.22050000e-08  6.47920839e-01 
 3.22150000e-08  0.00000000e+00  3.22150000e-08  6.44587506e-01 
 3.22250000e-08  0.00000000e+00  3.22250000e-08  6.41254173e-01 
 3.22350000e-08  0.00000000e+00  3.22350000e-08  6.37920839e-01 
 3.22450000e-08  0.00000000e+00  3.22450000e-08  6.34587506e-01 
 3.22550000e-08  0.00000000e+00  3.22550000e-08  6.31254173e-01 
 3.22650000e-08  0.00000000e+00  3.22650000e-08  6.27920839e-01 
 3.22750000e-08  0.00000000e+00  3.22750000e-08  6.24587506e-01 
 3.22850000e-08  0.00000000e+00  3.22850000e-08  6.21254173e-01 
 3.22950000e-08  0.00000000e+00  3.22950000e-08  6.17920839e-01 
 3.23050000e-08  0.00000000e+00  3.23050000e-08  6.14587506e-01 
 3.23150000e-08  0.00000000e+00  3.23150000e-08  6.11254173e-01 
 3.23250000e-08  0.00000000e+00  3.23250000e-08  6.07920839e-01 
 3.23350000e-08  0.00000000e+00  3.23350000e-08  6.04587506e-01 
 3.23450000e-08  0.00000000e+00  3.23450000e-08  6.01254173e-01 
 3.23550000e-08  0.00000000e+00  3.23550000e-08  5.97920839e-01 
 3.23650000e-08  0.00000000e+00  3.23650000e-08  5.94587506e-01 
 3.23750000e-08  0.00000000e+00  3.23750000e-08  5.91254173e-01 
 3.23850000e-08  0.00000000e+00  3.23850000e-08  5.87920839e-01 
 3.23950000e-08  0.00000000e+00  3.23950000e-08  5.84587506e-01 
 3.24050000e-08  0.00000000e+00  3.24050000e-08  5.81254173e-01 
 3.24150000e-08  0.00000000e+00  3.24150000e-08  5.77920839e-01 
 3.24250000e-08  0.00000000e+00  3.24250000e-08  5.74587506e-01 
 3.24350000e-08  0.00000000e+00  3.24350000e-08  5.71254173e-01 
 3.24450000e-08  0.00000000e+00  3.24450000e-08  5.67920839e-01 
 3.24550000e-08  0.00000000e+00  3.24550000e-08  5.64587506e-01 
 3.24650000e-08  0.00000000e+00  3.24650000e-08  5.61254173e-01 
 3.24750000e-08  0.00000000e+00  3.24750000e-08  5.57920839e-01 
 3.24850000e-08  0.00000000e+00  3.24850000e-08  5.54587506e-01 
 3.24950000e-08  0.00000000e+00  3.24950000e-08  5.51254173e-01 
 3.25050000e-08  0.00000000e+00  3.25050000e-08  5.47920839e-01 
 3.25150000e-08  0.00000000e+00  3.25150000e-08  5.44587506e-01 
 3.25250000e-08  0.00000000e+00  3.25250000e-08  5.41254173e-01 
 3.25350000e-08  0.00000000e+00  3.25350000e-08  5.37920839e-01 
 3.25450000e-08  0.00000000e+00  3.25450000e-08  5.34587506e-01 
 3.25550000e-08  0.00000000e+00  3.25550000e-08  5.31254173e-01 
 3.25650000e-08  0.00000000e+00  3.25650000e-08  5.27920839e-01 
 3.25750000e-08  0.00000000e+00  3.25750000e-08  5.24587506e-01 
 3.25850000e-08  0.00000000e+00  3.25850000e-08  5.21254173e-01 
 3.25950000e-08  0.00000000e+00  3.25950000e-08  5.17920839e-01 
 3.26050000e-08  0.00000000e+00  3.26050000e-08  5.14587506e-01 
 3.26150000e-08  0.00000000e+00  3.26150000e-08  5.11254173e-01 
 3.26250000e-08  0.00000000e+00  3.26250000e-08  5.07920839e-01 
 3.26350000e-08  0.00000000e+00  3.26350000e-08  5.04587506e-01 
 3.26450000e-08  0.00000000e+00  3.26450000e-08  5.01254173e-01 
 3.26550000e-08  0.00000000e+00  3.26550000e-08  4.97920839e-01 
 3.26650000e-08  0.00000000e+00  3.26650000e-08  4.94587506e-01 
 3.26750000e-08  0.00000000e+00  3.26750000e-08  4.91254173e-01 
 3.26850000e-08  0.00000000e+00  3.26850000e-08  4.87920839e-01 
 3.26950000e-08  0.00000000e+00  3.26950000e-08  4.84587506e-01 
 3.27050000e-08  0.00000000e+00  3.27050000e-08  4.81254173e-01 
 3.27150000e-08  0.00000000e+00  3.27150000e-08  4.77920839e-01 
 3.27250000e-08  0.00000000e+00  3.27250000e-08  4.74587506e-01 
 3.27350000e-08  0.00000000e+00  3.27350000e-08  4.71254173e-01 
 3.27450000e-08  0.00000000e+00  3.27450000e-08  4.67920839e-01 
 3.27550000e-08  0.00000000e+00  3.27550000e-08  4.64587506e-01 
 3.27650000e-08  0.00000000e+00  3.27650000e-08  4.61254173e-01 
 3.27750000e-08  0.00000000e+00  3.27750000e-08  4.57920839e-01 
 3.27850000e-08  0.00000000e+00  3.27850000e-08  4.54587506e-01 
 3.27950000e-08  0.00000000e+00  3.27950000e-08  4.51254173e-01 
 3.28050000e-08  0.00000000e+00  3.28050000e-08  4.47920839e-01 
 3.28150000e-08  0.00000000e+00  3.28150000e-08  4.44587506e-01 
 3.28250000e-08  0.00000000e+00  3.28250000e-08  4.41254173e-01 
 3.28350000e-08  0.00000000e+00  3.28350000e-08  4.37920839e-01 
 3.28450000e-08  0.00000000e+00  3.28450000e-08  4.34587506e-01 
 3.28550000e-08  0.00000000e+00  3.28550000e-08  4.31254173e-01 
 3.28650000e-08  0.00000000e+00  3.28650000e-08  4.27920839e-01 
 3.28750000e-08  0.00000000e+00  3.28750000e-08  4.24587506e-01 
 3.28850000e-08  0.00000000e+00  3.28850000e-08  4.21254173e-01 
 3.28950000e-08  0.00000000e+00  3.28950000e-08  4.17920839e-01 
 3.29050000e-08  0.00000000e+00  3.29050000e-08  4.14587506e-01 
 3.29150000e-08  0.00000000e+00  3.29150000e-08  4.11254173e-01 
 3.29250000e-08  0.00000000e+00  3.29250000e-08  4.07920839e-01 
 3.29350000e-08  0.00000000e+00  3.29350000e-08  4.04587506e-01 
 3.29450000e-08  0.00000000e+00  3.29450000e-08  4.01254173e-01 
 3.29550000e-08  0.00000000e+00  3.29550000e-08  3.97920839e-01 
 3.29650000e-08  0.00000000e+00  3.29650000e-08  3.94587506e-01 
 3.29750000e-08  0.00000000e+00  3.29750000e-08  3.91254173e-01 
 3.29850000e-08  0.00000000e+00  3.29850000e-08  3.87920839e-01 
 3.29950000e-08  0.00000000e+00  3.29950000e-08  3.84587506e-01 
 3.30050000e-08  0.00000000e+00  3.30050000e-08  3.81254173e-01 
 3.30150000e-08  0.00000000e+00  3.30150000e-08  3.77920839e-01 
 3.30250000e-08  0.00000000e+00  3.30250000e-08  3.74587506e-01 
 3.30350000e-08  0.00000000e+00  3.30350000e-08  3.71254173e-01 
 3.30450000e-08  0.00000000e+00  3.30450000e-08  3.67920839e-01 
 3.30550000e-08  0.00000000e+00  3.30550000e-08  3.64587506e-01 
 3.30650000e-08  0.00000000e+00  3.30650000e-08  3.61254173e-01 
 3.30750000e-08  0.00000000e+00  3.30750000e-08  3.57920839e-01 
 3.30850000e-08  0.00000000e+00  3.30850000e-08  3.54587506e-01 
 3.30950000e-08  0.00000000e+00  3.30950000e-08  3.51254173e-01 
 3.31050000e-08  0.00000000e+00  3.31050000e-08  3.47920839e-01 
 3.31150000e-08  0.00000000e+00  3.31150000e-08  3.44587506e-01 
 3.31250000e-08  0.00000000e+00  3.31250000e-08  3.41254173e-01 
 3.31350000e-08  0.00000000e+00  3.31350000e-08  3.37920839e-01 
 3.31450000e-08  0.00000000e+00  3.31450000e-08  3.34587506e-01 
 3.31550000e-08  0.00000000e+00  3.31550000e-08  3.31254173e-01 
 3.31650000e-08  0.00000000e+00  3.31650000e-08  3.27947767e-01 
 3.31750000e-08  0.00000000e+00  3.31750000e-08  3.24684605e-01 
 3.31850000e-08  0.00000000e+00  3.31850000e-08  3.21453913e-01 
 3.31950000e-08  0.00000000e+00  3.31950000e-08  3.18255366e-01 
 3.32050000e-08  0.00000000e+00  3.32050000e-08  3.15088646e-01 
 3.32150000e-08  0.00000000e+00  3.32150000e-08  3.11953436e-01 
 3.32250000e-08  0.00000000e+00  3.32250000e-08  3.08849422e-01 
 3.32350000e-08  0.00000000e+00  3.32350000e-08  3.05776293e-01 
 3.32450000e-08  0.00000000e+00  3.32450000e-08  3.02733743e-01 
 3.32550000e-08  0.00000000e+00  3.32550000e-08  2.99721467e-01 
 3.32650000e-08  0.00000000e+00  3.32650000e-08  2.96739164e-01 
 3.32750000e-08  0.00000000e+00  3.32750000e-08  2.93786535e-01 
 3.32850000e-08  0.00000000e+00  3.32850000e-08  2.90863286e-01 
 3.32950000e-08  0.00000000e+00  3.32950000e-08  2.87969124e-01 
 3.33050000e-08  0.00000000e+00  3.33050000e-08  2.85103760e-01 
 3.33150000e-08  0.00000000e+00  3.33150000e-08  2.82266906e-01 
 3.33250000e-08  0.00000000e+00  3.33250000e-08  2.79458280e-01 
 3.33350000e-08  0.00000000e+00  3.33350000e-08  2.76677601e-01 
 3.33450000e-08  0.00000000e+00  3.33450000e-08  2.73924590e-01 
 3.33550000e-08  0.00000000e+00  3.33550000e-08  2.71198972e-01 
 3.33650000e-08  0.00000000e+00  3.33650000e-08  2.68500475e-01 
 3.33750000e-08  0.00000000e+00  3.33750000e-08  2.65828828e-01 
 3.33850000e-08  0.00000000e+00  3.33850000e-08  2.63183765e-01 
 3.33950000e-08  0.00000000e+00  3.33950000e-08  2.60565022e-01 
 3.34050000e-08  0.00000000e+00  3.34050000e-08  2.57972335e-01 
 3.34150000e-08  0.00000000e+00  3.34150000e-08  2.55405446e-01 
 3.34250000e-08  0.00000000e+00  3.34250000e-08  2.52864098e-01 
 3.34350000e-08  0.00000000e+00  3.34350000e-08  2.50348037e-01 
 3.34450000e-08  0.00000000e+00  3.34450000e-08  2.47857012e-01 
 3.34550000e-08  0.00000000e+00  3.34550000e-08  2.45390773e-01 
 3.34650000e-08  0.00000000e+00  3.34650000e-08  2.42949074e-01 
 3.34750000e-08  0.00000000e+00  3.34750000e-08  2.40531670e-01 
 3.34850000e-08  0.00000000e+00  3.34850000e-08  2.38138320e-01 
 3.34950000e-08  0.00000000e+00  3.34950000e-08  2.35768785e-01 
 3.35050000e-08  0.00000000e+00  3.35050000e-08  2.33422827e-01 
 3.35150000e-08  0.00000000e+00  3.35150000e-08  2.31100212e-01 
 3.35250000e-08  0.00000000e+00  3.35250000e-08  2.28800707e-01 
 3.35350000e-08  0.00000000e+00  3.35350000e-08  2.26524083e-01 
 3.35450000e-08  0.00000000e+00  3.35450000e-08  2.24270112e-01 
 3.35550000e-08  0.00000000e+00  3.35550000e-08  2.22038569e-01 
 3.35650000e-08  0.00000000e+00  3.35650000e-08  2.19829230e-01 
 3.35750000e-08  0.00000000e+00  3.35750000e-08  2.17641874e-01 
 3.35850000e-08  0.00000000e+00  3.35850000e-08  2.15476283e-01 
 3.35950000e-08  0.00000000e+00  3.35950000e-08  2.13332241e-01 
 3.36050000e-08  0.00000000e+00  3.36050000e-08  2.11209532e-01 
 3.36150000e-08  0.00000000e+00  3.36150000e-08  2.09107944e-01 
 3.36250000e-08  0.00000000e+00  3.36250000e-08  2.07027268e-01 
 3.36350000e-08  0.00000000e+00  3.36350000e-08  2.04967296e-01 
 3.36450000e-08  0.00000000e+00  3.36450000e-08  2.02927820e-01 
 3.36550000e-08  0.00000000e+00  3.36550000e-08  2.00908638e-01 
 3.36650000e-08  0.00000000e+00  3.36650000e-08  1.98909547e-01 
 3.36750000e-08  0.00000000e+00  3.36750000e-08  1.96930347e-01 
 3.36850000e-08  0.00000000e+00  3.36850000e-08  1.94970841e-01 
 3.36950000e-08  0.00000000e+00  3.36950000e-08  1.93030833e-01 
 3.37050000e-08  0.00000000e+00  3.37050000e-08  1.91110128e-01 
 3.37150000e-08  0.00000000e+00  3.37150000e-08  1.89208535e-01 
 3.37250000e-08  0.00000000e+00  3.37250000e-08  1.87325863e-01 
 3.37350000e-08  0.00000000e+00  3.37350000e-08  1.85461924e-01 
 3.37450000e-08  0.00000000e+00  3.37450000e-08  1.83616532e-01 
 3.37550000e-08  0.00000000e+00  3.37550000e-08  1.81789502e-01 
 3.37650000e-08  0.00000000e+00  3.37650000e-08  1.79980651e-01 
 3.37750000e-08  0.00000000e+00  3.37750000e-08  1.78189799e-01 
 3.37850000e-08  0.00000000e+00  3.37850000e-08  1.76416766e-01 
 3.37950000e-08  0.00000000e+00  3.37950000e-08  1.74661375e-01 
 3.38050000e-08  0.00000000e+00  3.38050000e-08  1.72923451e-01 
 3.38150000e-08  0.00000000e+00  3.38150000e-08  1.71202820e-01 
 3.38250000e-08  0.00000000e+00  3.38250000e-08  1.69499309e-01 
 3.38350000e-08  0.00000000e+00  3.38350000e-08  1.67812749e-01 
 3.38450000e-08  0.00000000e+00  3.38450000e-08  1.66142970e-01 
 3.38550000e-08  0.00000000e+00  3.38550000e-08  1.64489806e-01 
 3.38650000e-08  0.00000000e+00  3.38650000e-08  1.62853092e-01 
 3.38750000e-08  0.00000000e+00  3.38750000e-08  1.61232663e-01 
 3.38850000e-08  0.00000000e+00  3.38850000e-08  1.59628358e-01 
 3.38950000e-08  0.00000000e+00  3.38950000e-08  1.58040016e-01 
 3.39050000e-08  0.00000000e+00  3.39050000e-08  1.56467478e-01 
 3.39150000e-08  0.00000000e+00  3.39150000e-08  1.54910588e-01 
 3.39250000e-08  0.00000000e+00  3.39250000e-08  1.53369189e-01 
 3.39350000e-08  0.00000000e+00  3.39350000e-08  1.51843128e-01 
 3.39450000e-08  0.00000000e+00  3.39450000e-08  1.50332251e-01 
 3.39550000e-08  0.00000000e+00  3.39550000e-08  1.48836407e-01 
 3.39650000e-08  0.00000000e+00  3.39650000e-08  1.47355448e-01 
 3.39750000e-08  0.00000000e+00  3.39750000e-08  1.45889225e-01 
 3.39850000e-08  0.00000000e+00  3.39850000e-08  1.44437591e-01 
 3.39950000e-08  0.00000000e+00  3.39950000e-08  1.43000401e-01 
 3.40050000e-08  0.00000000e+00  3.40050000e-08  1.41577511e-01 
 3.40150000e-08  0.00000000e+00  3.40150000e-08  1.40168780e-01 
 3.40250000e-08  0.00000000e+00  3.40250000e-08  1.38774066e-01 
 3.40350000e-08  0.00000000e+00  3.40350000e-08  1.37393229e-01 
 3.40450000e-08  0.00000000e+00  3.40450000e-08  1.36026132e-01 
 3.40550000e-08  0.00000000e+00  3.40550000e-08  1.34672638e-01 
 3.40650000e-08  0.00000000e+00  3.40650000e-08  1.33332612e-01 
 3.40750000e-08  0.00000000e+00  3.40750000e-08  1.32005919e-01 
 3.40850000e-08  0.00000000e+00  3.40850000e-08  1.30692428e-01 
 3.40950000e-08  0.00000000e+00  3.40950000e-08  1.29392006e-01 
 3.41050000e-08  0.00000000e+00  3.41050000e-08  1.28104523e-01 
 3.41150000e-08  0.00000000e+00  3.41150000e-08  1.26829851e-01 
 3.41250000e-08  0.00000000e+00  3.41250000e-08  1.25567862e-01 
 3.41350000e-08  0.00000000e+00  3.41350000e-08  1.24318431e-01 
 3.41450000e-08  0.00000000e+00  3.41450000e-08  1.23081432e-01 
 3.41550000e-08  0.00000000e+00  3.41550000e-08  1.21856741e-01 
 3.41650000e-08  0.00000000e+00  3.41650000e-08  1.20644236e-01 
 3.41750000e-08  0.00000000e+00  3.41750000e-08  1.19443796e-01 
 3.41850000e-08  0.00000000e+00  3.41850000e-08  1.18255300e-01 
 3.41950000e-08  0.00000000e+00  3.41950000e-08  1.17078631e-01 
 3.42050000e-08  0.00000000e+00  3.42050000e-08  1.15913669e-01 
 3.42150000e-08  0.00000000e+00  3.42150000e-08  1.14760299e-01 
 3.42250000e-08  0.00000000e+00  3.42250000e-08  1.13618406e-01 
 3.42350000e-08  0.00000000e+00  3.42350000e-08  1.12487874e-01 
 3.42450000e-08  0.00000000e+00  3.42450000e-08  1.11368592e-01 
 3.42550000e-08  0.00000000e+00  3.42550000e-08  1.10260447e-01 
 3.42650000e-08  0.00000000e+00  3.42650000e-08  1.09163328e-01 
 3.42750000e-08  0.00000000e+00  3.42750000e-08  1.08077126e-01 
 3.42850000e-08  0.00000000e+00  3.42850000e-08  1.07001731e-01 
 3.42950000e-08  0.00000000e+00  3.42950000e-08  1.05937038e-01 
 3.43050000e-08  0.00000000e+00  3.43050000e-08  1.04882938e-01 
 3.43150000e-08  0.00000000e+00  3.43150000e-08  1.03839326e-01 
 3.43250000e-08  0.00000000e+00  3.43250000e-08  1.02806099e-01 
 3.43350000e-08  0.00000000e+00  3.43350000e-08  1.01783153e-01 
 3.43450000e-08  0.00000000e+00  3.43450000e-08  1.00770385e-01 
 3.43550000e-08  0.00000000e+00  3.43550000e-08  9.97676949e-02 
 3.43650000e-08  0.00000000e+00  3.43650000e-08  9.87749815e-02 
 3.43750000e-08  0.00000000e+00  3.43750000e-08  9.77921459e-02 
 3.43850000e-08  0.00000000e+00  3.43850000e-08  9.68190897e-02 
 3.43950000e-08  0.00000000e+00  3.43950000e-08  9.58557157e-02 
 3.44050000e-08  0.00000000e+00  3.44050000e-08  9.49019275e-02 
 3.44150000e-08  0.00000000e+00  3.44150000e-08  9.39576297e-02 
 3.44250000e-08  0.00000000e+00  3.44250000e-08  9.30227279e-02 
 3.44350000e-08  0.00000000e+00  3.44350000e-08  9.20971286e-02 
 3.44450000e-08  0.00000000e+00  3.44450000e-08  9.11807393e-02 
 3.44550000e-08  0.00000000e+00  3.44550000e-08  9.02734682e-02 
 3.44650000e-08  0.00000000e+00  3.44650000e-08  8.93752248e-02 
 3.44750000e-08  0.00000000e+00  3.44750000e-08  8.84859191e-02 
 3.44850000e-08  0.00000000e+00  3.44850000e-08  8.76054622e-02 
 3.44950000e-08  0.00000000e+00  3.44950000e-08  8.67337660e-02 
 3.45050000e-08  0.00000000e+00  3.45050000e-08  8.58707435e-02 
 3.45150000e-08  0.00000000e+00  3.45150000e-08  8.50163082e-02 
 3.45250000e-08  0.00000000e+00  3.45250000e-08  8.41703748e-02 
 3.45350000e-08  0.00000000e+00  3.45350000e-08  8.33328586e-02 
 3.45450000e-08  0.00000000e+00  3.45450000e-08  8.25036759e-02 
 3.45550000e-08  0.00000000e+00  3.45550000e-08  8.16827439e-02 
 3.45650000e-08  0.00000000e+00  3.45650000e-08  8.08699802e-02 
 3.45750000e-08  0.00000000e+00  3.45750000e-08  8.00653038e-02 
 3.45850000e-08  0.00000000e+00  3.45850000e-08  7.92686341e-02 
 3.45950000e-08  0.00000000e+00  3.45950000e-08  7.84798915e-02 
 3.46050000e-08  0.00000000e+00  3.46050000e-08  7.76989970e-02 
 3.46150000e-08  0.00000000e+00  3.46150000e-08  7.69258727e-02 
 3.46250000e-08  0.00000000e+00  3.46250000e-08  7.61604411e-02 
 3.46350000e-08  0.00000000e+00  3.46350000e-08  7.54026258e-02 
 3.46450000e-08  0.00000000e+00  3.46450000e-08  7.46523509e-02 
 3.46550000e-08  0.00000000e+00  3.46550000e-08  7.39095415e-02 
 3.46650000e-08  0.00000000e+00  3.46650000e-08  7.31741231e-02 
 3.46750000e-08  0.00000000e+00  3.46750000e-08  7.24460224e-02 
 3.46850000e-08  0.00000000e+00  3.46850000e-08  7.17251665e-02 
 3.46950000e-08  0.00000000e+00  3.46950000e-08  7.10114832e-02 
 3.47050000e-08  0.00000000e+00  3.47050000e-08  7.03049013e-02 
 3.47150000e-08  0.00000000e+00  3.47150000e-08  6.96053500e-02 
 3.47250000e-08  0.00000000e+00  3.47250000e-08  6.89127595e-02 
 3.47350000e-08  0.00000000e+00  3.47350000e-08  6.82270604e-02 
 3.47450000e-08  0.00000000e+00  3.47450000e-08  6.75481842e-02 
 3.47550000e-08  0.00000000e+00  3.47550000e-08  6.68760629e-02 
 3.47650000e-08  0.00000000e+00  3.47650000e-08  6.62106295e-02 
 3.47750000e-08  0.00000000e+00  3.47750000e-08  6.55518172e-02 
 3.47850000e-08  0.00000000e+00  3.47850000e-08  6.48995603e-02 
 3.47950000e-08  0.00000000e+00  3.47950000e-08  6.42537936e-02 
 3.48050000e-08  0.00000000e+00  3.48050000e-08  6.36144523e-02 
 3.48150000e-08  0.00000000e+00  3.48150000e-08  6.29814727e-02 
 3.48250000e-08  0.00000000e+00  3.48250000e-08  6.23547914e-02 
 3.48350000e-08  0.00000000e+00  3.48350000e-08  6.17343457e-02 
 3.48450000e-08  0.00000000e+00  3.48450000e-08  6.11200736e-02 
 3.48550000e-08  0.00000000e+00  3.48550000e-08  6.05119137e-02 
 3.48650000e-08  0.00000000e+00  3.48650000e-08  5.99098051e-02 
 3.48750000e-08  0.00000000e+00  3.48750000e-08  5.93136876e-02 
 3.48850000e-08  0.00000000e+00  3.48850000e-08  5.87235017e-02 
 3.48950000e-08  0.00000000e+00  3.48950000e-08  5.81391882e-02 
 3.49050000e-08  0.00000000e+00  3.49050000e-08  5.75606888e-02 
 3.49150000e-08  0.00000000e+00  3.49150000e-08  5.69879457e-02 
 3.49250000e-08  0.00000000e+00  3.49250000e-08  5.64209014e-02 
 3.49350000e-08  0.00000000e+00  3.49350000e-08  5.58594994e-02 
 3.49450000e-08  0.00000000e+00  3.49450000e-08  5.53036835e-02 
 3.49550000e-08  0.00000000e+00  3.49550000e-08  5.47533981e-02 
 3.49650000e-08  0.00000000e+00  3.49650000e-08  5.42085882e-02 
 3.49750000e-08  0.00000000e+00  3.49750000e-08  5.36691992e-02 
 3.49850000e-08  0.00000000e+00  3.49850000e-08  5.31351774e-02 
 3.49950000e-08  0.00000000e+00  3.49950000e-08  5.26064691e-02 
 3.50050000e-08  0.00000000e+00  3.50050000e-08  5.20830217e-02 
 3.50150000e-08  0.00000000e+00  3.50150000e-08  5.15647826e-02 
 3.50250000e-08  0.00000000e+00  3.50250000e-08  5.10517002e-02 
 3.50350000e-08  0.00000000e+00  3.50350000e-08  5.05437231e-02 
 3.50450000e-08  0.00000000e+00  3.50450000e-08  5.00408005e-02 
 3.50550000e-08  0.00000000e+00  3.50550000e-08  4.95428821e-02 
 3.50650000e-08  0.00000000e+00  3.50650000e-08  4.90499181e-02 
 3.50750000e-08  0.00000000e+00  3.50750000e-08  4.85618592e-02 
 3.50850000e-08  0.00000000e+00  3.50850000e-08  4.80786566e-02 
 3.50950000e-08  0.00000000e+00  3.50950000e-08  4.76002620e-02 
 3.51050000e-08  0.00000000e+00  3.51050000e-08  4.71266276e-02 
 3.51150000e-08  0.00000000e+00  3.51150000e-08  4.66577059e-02 
 3.51250000e-08  0.00000000e+00  3.51250000e-08  4.61934501e-02 
 3.51350000e-08  0.00000000e+00  3.51350000e-08  4.57338138e-02 
 3.51450000e-08  0.00000000e+00  3.51450000e-08  4.52787510e-02 
 3.51550000e-08  0.00000000e+00  3.51550000e-08  4.48282161e-02 
 3.51650000e-08  0.00000000e+00  3.51650000e-08  4.43821642e-02 
 3.51750000e-08  0.00000000e+00  3.51750000e-08  4.39405507e-02 
 3.51850000e-08  0.00000000e+00  3.51850000e-08  4.35033313e-02 
 3.51950000e-08  0.00000000e+00  3.51950000e-08  4.30704623e-02 
 3.52050000e-08  0.00000000e+00  3.52050000e-08  4.26419005e-02 
 3.52150000e-08  0.00000000e+00  3.52150000e-08  4.22176030e-02 
 3.52250000e-08  0.00000000e+00  3.52250000e-08  4.17975273e-02 
 3.52350000e-08  0.00000000e+00  3.52350000e-08  4.13816315e-02 
 3.52450000e-08  0.00000000e+00  3.52450000e-08  4.09698740e-02 
 3.52550000e-08  0.00000000e+00  3.52550000e-08  4.05622136e-02 
 3.52650000e-08  0.00000000e+00  3.52650000e-08  4.01586094e-02 
 3.52750000e-08  0.00000000e+00  3.52750000e-08  3.97590213e-02 
 3.52850000e-08  0.00000000e+00  3.52850000e-08  3.93634091e-02 
 3.52950000e-08  0.00000000e+00  3.52950000e-08  3.89717334e-02 
 3.53050000e-08  0.00000000e+00  3.53050000e-08  3.85839550e-02 
 3.53150000e-08  0.00000000e+00  3.53150000e-08  3.82000350e-02 
 3.53250000e-08  0.00000000e+00  3.53250000e-08  3.78199352e-02 
 3.53350000e-08  0.00000000e+00  3.53350000e-08  3.74436174e-02 
 3.53450000e-08  0.00000000e+00  3.53450000e-08  3.70710441e-02 
 3.53550000e-08  0.00000000e+00  3.53550000e-08  3.67021780e-02 
 3.53650000e-08  0.00000000e+00  3.53650000e-08  3.63369822e-02 
 3.53750000e-08  0.00000000e+00  3.53750000e-08  3.59754202e-02 
 3.53850000e-08  0.00000000e+00  3.53850000e-08  3.56174558e-02 
 3.53950000e-08  0.00000000e+00  3.53950000e-08  3.52630533e-02 
 3.54050000e-08  0.00000000e+00  3.54050000e-08  3.49121771e-02 
 3.54150000e-08  0.00000000e+00  3.54150000e-08  3.45647923e-02 
 3.54250000e-08  0.00000000e+00  3.54250000e-08  3.42208640e-02 
 3.54350000e-08  0.00000000e+00  3.54350000e-08  3.38803579e-02 
 3.54450000e-08  0.00000000e+00  3.54450000e-08  3.35432399e-02 
 3.54550000e-08  0.00000000e+00  3.54550000e-08  3.32094763e-02 
 3.54650000e-08  0.00000000e+00  3.54650000e-08  3.28790337e-02 
 3.54750000e-08  0.00000000e+00  3.54750000e-08  3.25518792e-02 
 3.54850000e-08  0.00000000e+00  3.54850000e-08  3.22279799e-02 
 3.54950000e-08  0.00000000e+00  3.54950000e-08  3.19073035e-02 
 3.55050000e-08  0.00000000e+00  3.55050000e-08  3.15898179e-02 
 3.55150000e-08  0.00000000e+00  3.55150000e-08  3.12754913e-02 
 3.55250000e-08  0.00000000e+00  3.55250000e-08  3.09642924e-02 
 3.55350000e-08  0.00000000e+00  3.55350000e-08  3.06561900e-02 
 3.55450000e-08  0.00000000e+00  3.55450000e-08  3.03511533e-02 
 3.55550000e-08  0.00000000e+00  3.55550000e-08  3.00491517e-02 
 3.55650000e-08  0.00000000e+00  3.55650000e-08  2.97501552e-02 
 3.55750000e-08  0.00000000e+00  3.55750000e-08  2.94541338e-02 
 3.55850000e-08  0.00000000e+00  3.55850000e-08  2.91610578e-02 
 3.55950000e-08  0.00000000e+00  3.55950000e-08  2.88708980e-02 
 3.56050000e-08  0.00000000e+00  3.56050000e-08  2.85836254e-02 
 3.56150000e-08  0.00000000e+00  3.56150000e-08  2.82992112e-02 
 3.56250000e-08  0.00000000e+00  3.56250000e-08  2.80176270e-02 
 3.56350000e-08  0.00000000e+00  3.56350000e-08  2.77388447e-02 
 3.56450000e-08  0.00000000e+00  3.56450000e-08  2.74628363e-02 
 3.56550000e-08  0.00000000e+00  3.56550000e-08  2.71895742e-02 
 3.56650000e-08  0.00000000e+00  3.56650000e-08  2.69190312e-02 
 3.56750000e-08  0.00000000e+00  3.56750000e-08  2.66511801e-02 
 3.56850000e-08  0.00000000e+00  3.56850000e-08  2.63859943e-02 
 3.56950000e-08  0.00000000e+00  3.56950000e-08  2.61234471e-02 
 3.57050000e-08  0.00000000e+00  3.57050000e-08  2.58635123e-02 
 3.57150000e-08  0.00000000e+00  3.57150000e-08  2.56061639e-02 
 3.57250000e-08  0.00000000e+00  3.57250000e-08  2.53513762e-02 
 3.57350000e-08  0.00000000e+00  3.57350000e-08  2.50991237e-02 
 3.57450000e-08  0.00000000e+00  3.57450000e-08  2.48493812e-02 
 3.57550000e-08  0.00000000e+00  3.57550000e-08  2.46021236e-02 
 3.57650000e-08  0.00000000e+00  3.57650000e-08  2.43573264e-02 
 3.57750000e-08  0.00000000e+00  3.57750000e-08  2.41149649e-02 
 3.57850000e-08  0.00000000e+00  3.57850000e-08  2.38750150e-02 
 3.57950000e-08  0.00000000e+00  3.57950000e-08  2.36374527e-02 
 3.58050000e-08  0.00000000e+00  3.58050000e-08  2.34022542e-02 
 3.58150000e-08  0.00000000e+00  3.58150000e-08  2.31693959e-02 
 3.58250000e-08  0.00000000e+00  3.58250000e-08  2.29388547e-02 
 3.58350000e-08  0.00000000e+00  3.58350000e-08  2.27106073e-02 
 3.58450000e-08  0.00000000e+00  3.58450000e-08  2.24846311e-02 
 3.58550000e-08  0.00000000e+00  3.58550000e-08  2.22609035e-02 
 3.58650000e-08  0.00000000e+00  3.58650000e-08  2.20394019e-02 
 3.58750000e-08  0.00000000e+00  3.58750000e-08  2.18201044e-02 
 3.58850000e-08  0.00000000e+00  3.58850000e-08  2.16029890e-02 
 3.58950000e-08  0.00000000e+00  3.58950000e-08  2.13880338e-02 
 3.59050000e-08  0.00000000e+00  3.59050000e-08  2.11752176e-02 
 3.59150000e-08  0.00000000e+00  3.59150000e-08  2.09645189e-02 
 3.59250000e-08  0.00000000e+00  3.59250000e-08  2.07559167e-02 
 3.59350000e-08  0.00000000e+00  3.59350000e-08  2.05493902e-02 
 3.59450000e-08  0.00000000e+00  3.59450000e-08  2.03449186e-02 
 3.59550000e-08  0.00000000e+00  3.59550000e-08  2.01424816e-02 
 3.59650000e-08  0.00000000e+00  3.59650000e-08  1.99420589e-02 
 3.59750000e-08  0.00000000e+00  3.59750000e-08  1.97436305e-02 
 3.59850000e-08  0.00000000e+00  3.59850000e-08  1.95471765e-02 
 3.59950000e-08  0.00000000e+00  3.59950000e-08  1.93526772e-02 
 3.60050000e-08  0.00000000e+00  3.60050000e-08  1.91601132e-02 
 3.60150000e-08  0.00000000e+00  3.60150000e-08  1.89694653e-02 
 3.60250000e-08  0.00000000e+00  3.60250000e-08  1.87807144e-02 
 3.60350000e-08  0.00000000e+00  3.60350000e-08  1.85938417e-02 
 3.60450000e-08  0.00000000e+00  3.60450000e-08  1.84088283e-02 
 3.60550000e-08  0.00000000e+00  3.60550000e-08  1.82256559e-02 
 3.60650000e-08  0.00000000e+00  3.60650000e-08  1.80443061e-02 
 3.60750000e-08  0.00000000e+00  3.60750000e-08  1.78647607e-02 
 3.60850000e-08  0.00000000e+00  3.60850000e-08  1.76870019e-02 
 3.60950000e-08  0.00000000e+00  3.60950000e-08  1.75110119e-02 
 3.61050000e-08  0.00000000e+00  3.61050000e-08  1.73367729e-02 
 3.61150000e-08  0.00000000e+00  3.61150000e-08  1.71642677e-02 
 3.61250000e-08  0.00000000e+00  3.61250000e-08  1.69934790e-02 
 3.61350000e-08  0.00000000e+00  3.61350000e-08  1.68243897e-02 
 3.61450000e-08  0.00000000e+00  3.61450000e-08  1.66569828e-02 
 3.61550000e-08  0.00000000e+00  3.61550000e-08  1.64912417e-02 
 3.61650000e-08  0.00000000e+00  3.61650000e-08  1.63271497e-02 
 3.61750000e-08  0.00000000e+00  3.61750000e-08  1.61646905e-02 
 3.61850000e-08  0.00000000e+00  3.61850000e-08  1.60038478e-02 
 3.61950000e-08  0.00000000e+00  3.61950000e-08  1.58446056e-02 
 3.62050000e-08  0.00000000e+00  3.62050000e-08  1.56869478e-02 
 3.62150000e-08  0.00000000e+00  3.62150000e-08  1.55308588e-02 
 3.62250000e-08  0.00000000e+00  3.62250000e-08  1.53763229e-02 
 3.62350000e-08  0.00000000e+00  3.62350000e-08  1.52233246e-02 
 3.62450000e-08  0.00000000e+00  3.62450000e-08  1.50718487e-02 
 3.62550000e-08  0.00000000e+00  3.62550000e-08  1.49218801e-02 
 3.62650000e-08  0.00000000e+00  3.62650000e-08  1.47734037e-02 
 3.62750000e-08  0.00000000e+00  3.62750000e-08  1.46264046e-02 
 3.62850000e-08  0.00000000e+00  3.62850000e-08  1.44808683e-02 
 3.62950000e-08  0.00000000e+00  3.62950000e-08  1.43367800e-02 
 3.63050000e-08  0.00000000e+00  3.63050000e-08  1.41941255e-02 
 3.63150000e-08  0.00000000e+00  3.63150000e-08  1.40528904e-02 
 3.63250000e-08  0.00000000e+00  3.63250000e-08  1.39130607e-02 
 3.63350000e-08  0.00000000e+00  3.63350000e-08  1.37746223e-02 
 3.63450000e-08  0.00000000e+00  3.63450000e-08  1.36375613e-02 
 3.63550000e-08  0.00000000e+00  3.63550000e-08  1.35018642e-02 
 3.63650000e-08  0.00000000e+00  3.63650000e-08  1.33675173e-02 
 3.63750000e-08  0.00000000e+00  3.63750000e-08  1.32345072e-02 
 3.63850000e-08  0.00000000e+00  3.63850000e-08  1.31028205e-02 
 3.63950000e-08  0.00000000e+00  3.63950000e-08  1.29724442e-02 
 3.64050000e-08  0.00000000e+00  3.64050000e-08  1.28433652e-02 
 3.64150000e-08  0.00000000e+00  3.64150000e-08  1.27155705e-02 
 3.64250000e-08  0.00000000e+00  3.64250000e-08  1.25890474e-02 
 3.64350000e-08  0.00000000e+00  3.64350000e-08  1.24637833e-02 
 3.64450000e-08  0.00000000e+00  3.64450000e-08  1.23397655e-02 
 3.64550000e-08  0.00000000e+00  3.64550000e-08  1.22169818e-02 
 3.64650000e-08  0.00000000e+00  3.64650000e-08  1.20954198e-02 
 3.64750000e-08  0.00000000e+00  3.64750000e-08  1.19750673e-02 
 3.64850000e-08  0.00000000e+00  3.64850000e-08  1.18559124e-02 
 3.64950000e-08  0.00000000e+00  3.64950000e-08  1.17379432e-02 
 3.65050000e-08  0.00000000e+00  3.65050000e-08  1.16211477e-02 
 3.65150000e-08  0.00000000e+00  3.65150000e-08  1.15055144e-02 
 3.65250000e-08  0.00000000e+00  3.65250000e-08  1.13910317e-02 
 3.65350000e-08  0.00000000e+00  3.65350000e-08  1.12776881e-02 
 3.65450000e-08  0.00000000e+00  3.65450000e-08  1.11654723e-02 
 3.65550000e-08  0.00000000e+00  3.65550000e-08  1.10543730e-02 
 3.65650000e-08  0.00000000e+00  3.65650000e-08  1.09443793e-02 
 3.65750000e-08  0.00000000e+00  3.65750000e-08  1.08354800e-02 
 3.65850000e-08  0.00000000e+00  3.65850000e-08  1.07276643e-02 
 3.65950000e-08  0.00000000e+00  3.65950000e-08  1.06209213e-02 
 3.66050000e-08  0.00000000e+00  3.66050000e-08  1.05152405e-02 
 3.66150000e-08  0.00000000e+00  3.66150000e-08  1.04106113e-02 
 3.66250000e-08  0.00000000e+00  3.66250000e-08  1.03070231e-02 
 3.66350000e-08  0.00000000e+00  3.66350000e-08  1.02044656e-02 
 3.66450000e-08  0.00000000e+00  3.66450000e-08  1.01029287e-02 
 3.66550000e-08  0.00000000e+00  3.66550000e-08  1.00024020e-02 
 3.66650000e-08  0.00000000e+00  3.66650000e-08  9.90287563e-03 
 3.66750000e-08  0.00000000e+00  3.66750000e-08  9.80433955e-03 
 3.66850000e-08  0.00000000e+00  3.66850000e-08  9.70678393e-03 
 3.66950000e-08  0.00000000e+00  3.66950000e-08  9.61019902e-03 
 3.67050000e-08  0.00000000e+00  3.67050000e-08  9.51457515e-03 
 3.67150000e-08  0.00000000e+00  3.67150000e-08  9.41990276e-03 
 3.67250000e-08  0.00000000e+00  3.67250000e-08  9.32617238e-03 
 3.67350000e-08  0.00000000e+00  3.67350000e-08  9.23337465e-03 
 3.67450000e-08  0.00000000e+00  3.67450000e-08  9.14150027e-03 
 3.67550000e-08  0.00000000e+00  3.67550000e-08  9.05054007e-03 
 3.67650000e-08  0.00000000e+00  3.67650000e-08  8.96048495e-03 
 3.67750000e-08  0.00000000e+00  3.67750000e-08  8.87132589e-03 
 3.67850000e-08  0.00000000e+00  3.67850000e-08  8.78305399e-03 
 3.67950000e-08  0.00000000e+00  3.67950000e-08  8.69566042e-03 
 3.68050000e-08  0.00000000e+00  3.68050000e-08  8.60913644e-03 
 3.68150000e-08  0.00000000e+00  3.68150000e-08  8.52347339e-03 
 3.68250000e-08  0.00000000e+00  3.68250000e-08  8.43866271e-03 
 3.68350000e-08  0.00000000e+00  3.68350000e-08  8.35469591e-03 
 3.68450000e-08  0.00000000e+00  3.68450000e-08  8.27156461e-03 
 3.68550000e-08  0.00000000e+00  3.68550000e-08  8.18926049e-03 
 3.68650000e-08  0.00000000e+00  3.68650000e-08  8.10777531e-03 
 3.68750000e-08  0.00000000e+00  3.68750000e-08  8.02710093e-03 
 3.68850000e-08  0.00000000e+00  3.68850000e-08  7.94722927e-03 
 3.68950000e-08  0.00000000e+00  3.68950000e-08  7.86815237e-03 
 3.69050000e-08  0.00000000e+00  3.69050000e-08  7.78986229e-03 
 3.69150000e-08  0.00000000e+00  3.69150000e-08  7.71235123e-03 
 3.69250000e-08  0.00000000e+00  3.69250000e-08  7.63561141e-03 
 3.69350000e-08  0.00000000e+00  3.69350000e-08  7.55963518e-03 
 3.69450000e-08  0.00000000e+00  3.69450000e-08  7.48441493e-03 
 3.69550000e-08  0.00000000e+00  3.69550000e-08  7.40994314e-03 
 3.69650000e-08  0.00000000e+00  3.69650000e-08  7.33621236e-03 
 3.69750000e-08  0.00000000e+00  3.69750000e-08  7.26321522e-03 
 3.69850000e-08  0.00000000e+00  3.69850000e-08  7.19094442e-03 
 3.69950000e-08  0.00000000e+00  3.69950000e-08  7.11939274e-03 
 3.70050000e-08  0.00000000e+00  3.70050000e-08  7.04855301e-03 
 3.70150000e-08  0.00000000e+00  3.70150000e-08  6.97841815e-03 
 3.70250000e-08  0.00000000e+00  3.70250000e-08  6.90898116e-03 
 3.70350000e-08  0.00000000e+00  3.70350000e-08  6.84023508e-03 
 3.70450000e-08  0.00000000e+00  3.70450000e-08  6.77217304e-03 
 3.70550000e-08  0.00000000e+00  3.70550000e-08  6.70478823e-03 
 3.70650000e-08  0.00000000e+00  3.70650000e-08  6.63807392e-03 
 3.70750000e-08  0.00000000e+00  3.70750000e-08  6.57202343e-03 
 3.70850000e-08  0.00000000e+00  3.70850000e-08  6.50663016e-03 
 3.70950000e-08  0.00000000e+00  3.70950000e-08  6.44188758e-03 
 3.71050000e-08  0.00000000e+00  3.71050000e-08  6.37778919e-03 
 3.71150000e-08  0.00000000e+00  3.71150000e-08  6.31432860e-03 
 3.71250000e-08  0.00000000e+00  3.71250000e-08  6.25149946e-03 
 3.71350000e-08  0.00000000e+00  3.71350000e-08  6.18929549e-03 
 3.71450000e-08  0.00000000e+00  3.71450000e-08  6.12771046e-03 
 3.71550000e-08  0.00000000e+00  3.71550000e-08  6.06673821e-03 
 3.71650000e-08  0.00000000e+00  3.71650000e-08  6.00637266e-03 
 3.71750000e-08  0.00000000e+00  3.71750000e-08  5.94660776e-03 
 3.71850000e-08  0.00000000e+00  3.71850000e-08  5.88743753e-03 
 3.71950000e-08  0.00000000e+00  3.71950000e-08  5.82885606e-03 
 3.72050000e-08  0.00000000e+00  3.72050000e-08  5.77085750e-03 
 3.72150000e-08  0.00000000e+00  3.72150000e-08  5.71343603e-03 
 3.72250000e-08  0.00000000e+00  3.72250000e-08  5.65658592e-03 
 3.72350000e-08  0.00000000e+00  3.72350000e-08  5.60030148e-03 
 3.72450000e-08  0.00000000e+00  3.72450000e-08  5.54457709e-03 
 3.72550000e-08  0.00000000e+00  3.72550000e-08  5.48940717e-03 
 3.72650000e-08  0.00000000e+00  3.72650000e-08  5.43478620e-03 
 3.72750000e-08  0.00000000e+00  3.72750000e-08  5.38070873e-03 
 3.72850000e-08  0.00000000e+00  3.72850000e-08  5.32716934e-03 
 3.72950000e-08  0.00000000e+00  3.72950000e-08  5.27416268e-03 
 3.73050000e-08  0.00000000e+00  3.73050000e-08  5.22168345e-03 
 3.73150000e-08  0.00000000e+00  3.73150000e-08  5.16972640e-03 
 3.73250000e-08  0.00000000e+00  3.73250000e-08  5.11828633e-03 
 3.73350000e-08  0.00000000e+00  3.73350000e-08  5.06735811e-03 
 3.73450000e-08  0.00000000e+00  3.73450000e-08  5.01693664e-03 
 3.73550000e-08  0.00000000e+00  3.73550000e-08  4.96701687e-03 
 3.73650000e-08  0.00000000e+00  3.73650000e-08  4.91759382e-03 
 3.73750000e-08  0.00000000e+00  3.73750000e-08  4.86866253e-03 
 3.73850000e-08  0.00000000e+00  3.73850000e-08  4.82021813e-03 
 3.73950000e-08  0.00000000e+00  3.73950000e-08  4.77225576e-03 
 3.74050000e-08  0.00000000e+00  3.74050000e-08  4.72477063e-03 
 3.74150000e-08  0.00000000e+00  3.74150000e-08  4.67775799e-03 
 3.74250000e-08  0.00000000e+00  3.74250000e-08  4.63121313e-03 
 3.74350000e-08  0.00000000e+00  3.74350000e-08  4.58513141e-03 
 3.74450000e-08  0.00000000e+00  3.74450000e-08  4.53950821e-03 
 3.74550000e-08  0.00000000e+00  3.74550000e-08  4.49433897e-03 
 3.74650000e-08  0.00000000e+00  3.74650000e-08  4.44961918e-03 
 3.74750000e-08  0.00000000e+00  3.74750000e-08  4.40534437e-03 
 3.74850000e-08  0.00000000e+00  3.74850000e-08  4.36151009e-03 
 3.74950000e-08  0.00000000e+00  3.74950000e-08  4.31811198e-03 
 3.75050000e-08  0.00000000e+00  3.75050000e-08  4.27514569e-03 
 3.75150000e-08  0.00000000e+00  3.75150000e-08  4.23260693e-03 
 3.75250000e-08  0.00000000e+00  3.75250000e-08  4.19049144e-03 
 3.75350000e-08  0.00000000e+00  3.75350000e-08  4.14879501e-03 
 3.75450000e-08  0.00000000e+00  3.75450000e-08  4.10751346e-03 
 3.75550000e-08  0.00000000e+00  3.75550000e-08  4.06664268e-03 
 3.75650000e-08  0.00000000e+00  3.75650000e-08  4.02617858e-03 
 3.75750000e-08  0.00000000e+00  3.75750000e-08  3.98611710e-03 
 3.75850000e-08  0.00000000e+00  3.75850000e-08  3.94645424e-03 
 3.75950000e-08  0.00000000e+00  3.75950000e-08  3.90718604e-03 
 3.76050000e-08  0.00000000e+00  3.76050000e-08  3.86830857e-03 
 3.76150000e-08  0.00000000e+00  3.76150000e-08  3.82981794e-03 
 3.76250000e-08  0.00000000e+00  3.76250000e-08  3.79171029e-03 
 3.76350000e-08  0.00000000e+00  3.76350000e-08  3.75398183e-03 
 3.76450000e-08  0.00000000e+00  3.76450000e-08  3.71662878e-03 
 3.76550000e-08  0.00000000e+00  3.76550000e-08  3.67964740e-03 
 3.76650000e-08  0.00000000e+00  3.76650000e-08  3.64303399e-03 
 3.76750000e-08  0.00000000e+00  3.76750000e-08  3.60678490e-03 
 3.76850000e-08  0.00000000e+00  3.76850000e-08  3.57089649e-03 
 3.76950000e-08  0.00000000e+00  3.76950000e-08  3.53536518e-03 
 3.77050000e-08  0.00000000e+00  3.77050000e-08  3.50018742e-03 
 3.77150000e-08  0.00000000e+00  3.77150000e-08  3.46535968e-03 
 3.77250000e-08  0.00000000e+00  3.77250000e-08  3.43087849e-03 
 3.77350000e-08  0.00000000e+00  3.77350000e-08  3.39674040e-03 
 3.77450000e-08  0.00000000e+00  3.77450000e-08  3.36294199e-03 
 3.77550000e-08  0.00000000e+00  3.77550000e-08  3.32947988e-03 
 3.77650000e-08  0.00000000e+00  3.77650000e-08  3.29635072e-03 
 3.77750000e-08  0.00000000e+00  3.77750000e-08  3.26355121e-03 
 3.77850000e-08  0.00000000e+00  3.77850000e-08  3.23107807e-03 
 3.77950000e-08  0.00000000e+00  3.77950000e-08  3.19892804e-03 
 3.78050000e-08  0.00000000e+00  3.78050000e-08  3.16709791e-03 
 3.78150000e-08  0.00000000e+00  3.78150000e-08  3.13558450e-03 
 3.78250000e-08  0.00000000e+00  3.78250000e-08  3.10438465e-03 
 3.78350000e-08  0.00000000e+00  3.78350000e-08  3.07349525e-03 
 3.78450000e-08  0.00000000e+00  3.78450000e-08  3.04291321e-03 
 3.78550000e-08  0.00000000e+00  3.78550000e-08  3.01263547e-03 
 3.78650000e-08  0.00000000e+00  3.78650000e-08  2.98265899e-03 
 3.78750000e-08  0.00000000e+00  3.78750000e-08  2.95298079e-03 
 3.78850000e-08  0.00000000e+00  3.78850000e-08  2.92359790e-03 
 3.78950000e-08  0.00000000e+00  3.78950000e-08  2.89450737e-03 
 3.79050000e-08  0.00000000e+00  3.79050000e-08  2.86570631e-03 
 3.79150000e-08  0.00000000e+00  3.79150000e-08  2.83719182e-03 
 3.79250000e-08  0.00000000e+00  3.79250000e-08  2.80896105e-03 
 3.79350000e-08  0.00000000e+00  3.79350000e-08  2.78101119e-03 
 3.79450000e-08  0.00000000e+00  3.79450000e-08  2.75333944e-03 
 3.79550000e-08  0.00000000e+00  3.79550000e-08  2.72594302e-03 
 3.79650000e-08  0.00000000e+00  3.79650000e-08  2.69881921e-03 
 3.79750000e-08  0.00000000e+00  3.79750000e-08  2.67196529e-03 
 3.79850000e-08  0.00000000e+00  3.79850000e-08  2.64537857e-03 
 3.79950000e-08  0.00000000e+00  3.79950000e-08  2.61905640e-03 
 3.80050000e-08  0.00000000e+00  3.80050000e-08  2.59299613e-03 
 3.80150000e-08  0.00000000e+00  3.80150000e-08  2.56719518e-03 
 3.80250000e-08  0.00000000e+00  3.80250000e-08  2.54165095e-03 
 3.80350000e-08  0.00000000e+00  3.80350000e-08  2.51636089e-03 
 3.80450000e-08  0.00000000e+00  3.80450000e-08  2.49132247e-03 
 3.80550000e-08  0.00000000e+00  3.80550000e-08  2.46653319e-03 
 3.80650000e-08  0.00000000e+00  3.80650000e-08  2.44199057e-03 
 3.80750000e-08  0.00000000e+00  3.80750000e-08  2.41769216e-03 
 3.80850000e-08  0.00000000e+00  3.80850000e-08  2.39363552e-03 
 3.80950000e-08  0.00000000e+00  3.80950000e-08  2.36981825e-03 
 3.81050000e-08  0.00000000e+00  3.81050000e-08  2.34623797e-03 
 3.81150000e-08  0.00000000e+00  3.81150000e-08  2.32289232e-03 
 3.81250000e-08  0.00000000e+00  3.81250000e-08  2.29977896e-03 
 3.81350000e-08  0.00000000e+00  3.81350000e-08  2.27689559e-03 
 3.81450000e-08  0.00000000e+00  3.81450000e-08  2.25423991e-03 
 3.81550000e-08  0.00000000e+00  3.81550000e-08  2.23180967e-03 
 3.81650000e-08  0.00000000e+00  3.81650000e-08  2.20960260e-03 
 3.81750000e-08  0.00000000e+00  3.81750000e-08  2.18761651e-03 
 3.81850000e-08  0.00000000e+00  3.81850000e-08  2.16584918e-03 
 3.81950000e-08  0.00000000e+00  3.81950000e-08  2.14429844e-03 
 3.82050000e-08  0.00000000e+00  3.82050000e-08  2.12296214e-03 
 3.82150000e-08  0.00000000e+00  3.82150000e-08  2.10183814e-03 
 3.82250000e-08  0.00000000e+00  3.82250000e-08  2.08092433e-03 
 3.82350000e-08  0.00000000e+00  3.82350000e-08  2.06021861e-03 
 3.82450000e-08  0.00000000e+00  3.82450000e-08  2.03971892e-03 
 3.82550000e-08  0.00000000e+00  3.82550000e-08  2.01942321e-03 
 3.82650000e-08  0.00000000e+00  3.82650000e-08  1.99932945e-03 
 3.82750000e-08  0.00000000e+00  3.82750000e-08  1.97943562e-03 
 3.82850000e-08  0.00000000e+00  3.82850000e-08  1.95973975e-03 
 3.82950000e-08  0.00000000e+00  3.82950000e-08  1.94023985e-03 
 3.83050000e-08  0.00000000e+00  3.83050000e-08  1.92093398e-03 
 3.83150000e-08  0.00000000e+00  3.83150000e-08  1.90182021e-03 
 3.83250000e-08  0.00000000e+00  3.83250000e-08  1.88289662e-03 
 3.83350000e-08  0.00000000e+00  3.83350000e-08  1.86416133e-03 
 3.83450000e-08  0.00000000e+00  3.83450000e-08  1.84561247e-03 
 3.83550000e-08  0.00000000e+00  3.83550000e-08  1.82724816e-03 
 3.83650000e-08  0.00000000e+00  3.83650000e-08  1.80906659e-03 
 3.83750000e-08  0.00000000e+00  3.83750000e-08  1.79106593e-03 
 3.83850000e-08  0.00000000e+00  3.83850000e-08  1.77324437e-03 
 3.83950000e-08  0.00000000e+00  3.83950000e-08  1.75560015e-03 
 3.84050000e-08  0.00000000e+00  3.84050000e-08  1.73813149e-03 
 3.84150000e-08  0.00000000e+00  3.84150000e-08  1.72083665e-03 
 3.84250000e-08  0.00000000e+00  3.84250000e-08  1.70371390e-03 
 3.84350000e-08  0.00000000e+00  3.84350000e-08  1.68676152e-03 
 3.84450000e-08  0.00000000e+00  3.84450000e-08  1.66997783e-03 
 3.84550000e-08  0.00000000e+00  3.84550000e-08  1.65336113e-03 
 3.84650000e-08  0.00000000e+00  3.84650000e-08  1.63690978e-03 
 3.84750000e-08  0.00000000e+00  3.84750000e-08  1.62062212e-03 
 3.84850000e-08  0.00000000e+00  3.84850000e-08  1.60449652e-03 
 3.84950000e-08  0.00000000e+00  3.84950000e-08  1.58853138e-03 
 3.85050000e-08  0.00000000e+00  3.85050000e-08  1.57272510e-03 
 3.85150000e-08  0.00000000e+00  3.85150000e-08  1.55707610e-03 
 3.85250000e-08  0.00000000e+00  3.85250000e-08  1.54158280e-03 
 3.85350000e-08  0.00000000e+00  3.85350000e-08  1.52624367e-03 
 3.85450000e-08  0.00000000e+00  3.85450000e-08  1.51105717e-03 
 3.85550000e-08  0.00000000e+00  3.85550000e-08  1.49602177e-03 
 3.85650000e-08  0.00000000e+00  3.85650000e-08  1.48113598e-03 
 3.85750000e-08  0.00000000e+00  3.85750000e-08  1.46639831e-03 
 3.85850000e-08  0.00000000e+00  3.85850000e-08  1.45180728e-03 
 3.85950000e-08  0.00000000e+00  3.85950000e-08  1.43736144e-03 
 3.86050000e-08  0.00000000e+00  3.86050000e-08  1.42305934e-03 
 3.86150000e-08  0.00000000e+00  3.86150000e-08  1.40889954e-03 
 3.86250000e-08  0.00000000e+00  3.86250000e-08  1.39488064e-03 
 3.86350000e-08  0.00000000e+00  3.86350000e-08  1.38100123e-03 
 3.86450000e-08  0.00000000e+00  3.86450000e-08  1.36725992e-03 
 3.86550000e-08  0.00000000e+00  3.86550000e-08  1.35365535e-03 
 3.86650000e-08  0.00000000e+00  3.86650000e-08  1.34018614e-03 
 3.86750000e-08  0.00000000e+00  3.86750000e-08  1.32685096e-03 
 3.86850000e-08  0.00000000e+00  3.86850000e-08  1.31364846e-03 
 3.86950000e-08  0.00000000e+00  3.86950000e-08  1.30057733e-03 
 3.87050000e-08  0.00000000e+00  3.87050000e-08  1.28763626e-03 
 3.87150000e-08  0.00000000e+00  3.87150000e-08  1.27482396e-03 
 3.87250000e-08  0.00000000e+00  3.87250000e-08  1.26213914e-03 
 3.87350000e-08  0.00000000e+00  3.87350000e-08  1.24958055e-03 
 3.87450000e-08  0.00000000e+00  3.87450000e-08  1.23714691e-03 
 3.87550000e-08  0.00000000e+00  3.87550000e-08  1.22483699e-03 
 3.87650000e-08  0.00000000e+00  3.87650000e-08  1.21264956e-03 
 3.87750000e-08  0.00000000e+00  3.87750000e-08  1.20058339e-03 
 3.87850000e-08  0.00000000e+00  3.87850000e-08  1.18863729e-03 
 3.87950000e-08  0.00000000e+00  3.87950000e-08  1.17681005e-03 
 3.88050000e-08  0.00000000e+00  3.88050000e-08  1.16510050e-03 
 3.88150000e-08  0.00000000e+00  3.88150000e-08  1.15350746e-03 
 3.88250000e-08  0.00000000e+00  3.88250000e-08  1.14202977e-03 
 3.88350000e-08  0.00000000e+00  3.88350000e-08  1.13066629e-03 
 3.88450000e-08  0.00000000e+00  3.88450000e-08  1.11941588e-03 
 3.88550000e-08  0.00000000e+00  3.88550000e-08  1.10827742e-03 
 3.88650000e-08  0.00000000e+00  3.88650000e-08  1.09724978e-03 
 3.88750000e-08  0.00000000e+00  3.88750000e-08  1.08633187e-03 
 3.88850000e-08  0.00000000e+00  3.88850000e-08  1.07552260e-03 
 3.88950000e-08  0.00000000e+00  3.88950000e-08  1.06482088e-03 
 3.89050000e-08  0.00000000e+00  3.89050000e-08  1.05422565e-03 
 3.89150000e-08  0.00000000e+00  3.89150000e-08  1.04373584e-03 
 3.89250000e-08  0.00000000e+00  3.89250000e-08  1.03335041e-03 
 3.89350000e-08  0.00000000e+00  3.89350000e-08  1.02306832e-03 
 3.89450000e-08  0.00000000e+00  3.89450000e-08  1.01288853e-03 
 3.89550000e-08  0.00000000e+00  3.89550000e-08  1.00281004e-03 
 3.89650000e-08  0.00000000e+00  3.89650000e-08  9.92831830e-04 
 3.89750000e-08  0.00000000e+00  3.89750000e-08  9.82952907e-04 
 3.89850000e-08  0.00000000e+00  3.89850000e-08  9.73172281e-04 
 3.89950000e-08  0.00000000e+00  3.89950000e-08  9.63488974e-04 
 3.90050000e-08  0.00000000e+00  3.90050000e-08  9.53902019e-04 
 3.90150000e-08  0.00000000e+00  3.90150000e-08  9.44410457e-04 
 3.90250000e-08  0.00000000e+00  3.90250000e-08  9.35013338e-04 
 3.90350000e-08  0.00000000e+00  3.90350000e-08  9.25709723e-04 
 3.90450000e-08  0.00000000e+00  3.90450000e-08  9.16498681e-04 
 3.90550000e-08  0.00000000e+00  3.90550000e-08  9.07379291e-04 
 3.90650000e-08  0.00000000e+00  3.90650000e-08  8.98350641e-04 
 3.90750000e-08  0.00000000e+00  3.90750000e-08  8.89411829e-04 
 3.90850000e-08  0.00000000e+00  3.90850000e-08  8.80561960e-04 
 3.90950000e-08  0.00000000e+00  3.90950000e-08  8.71800149e-04 
 3.91050000e-08  0.00000000e+00  3.91050000e-08  8.63125521e-04 
 3.91150000e-08  0.00000000e+00  3.91150000e-08  8.54537207e-04 
 3.91250000e-08  0.00000000e+00  3.91250000e-08  8.46034350e-04 
 3.91350000e-08  0.00000000e+00  3.91350000e-08  8.37616097e-04 
 3.91450000e-08  0.00000000e+00  3.91450000e-08  8.29281609e-04 
 3.91550000e-08  0.00000000e+00  3.91550000e-08  8.21030050e-04 
 3.91650000e-08  0.00000000e+00  3.91650000e-08  8.12860597e-04 
 3.91750000e-08  0.00000000e+00  3.91750000e-08  8.04772432e-04 
 3.91850000e-08  0.00000000e+00  3.91850000e-08  7.96764746e-04 
 3.91950000e-08  0.00000000e+00  3.91950000e-08  7.88836739e-04 
 3.92050000e-08  0.00000000e+00  3.92050000e-08  7.80987617e-04 
 3.92150000e-08  0.00000000e+00  3.92150000e-08  7.73216596e-04 
 3.92250000e-08  0.00000000e+00  3.92250000e-08  7.65522898e-04 
 3.92350000e-08  0.00000000e+00  3.92350000e-08  7.57905755e-04 
 3.92450000e-08  0.00000000e+00  3.92450000e-08  7.50364404e-04 
 3.92550000e-08  0.00000000e+00  3.92550000e-08  7.42898092e-04 
 3.92650000e-08  0.00000000e+00  3.92650000e-08  7.35506071e-04 
 3.92750000e-08  0.00000000e+00  3.92750000e-08  7.28187603e-04 
 3.92850000e-08  0.00000000e+00  3.92850000e-08  7.20941955e-04 
 3.92950000e-08  0.00000000e+00  3.92950000e-08  7.13768403e-04 
 3.93050000e-08  0.00000000e+00  3.93050000e-08  7.06666230e-04 
 3.93150000e-08  0.00000000e+00  3.93150000e-08  6.99634725e-04 
 3.93250000e-08  0.00000000e+00  3.93250000e-08  6.92673186e-04 
 3.93350000e-08  0.00000000e+00  3.93350000e-08  6.85780915e-04 
 3.93450000e-08  0.00000000e+00  3.93450000e-08  6.78957224e-04 
 3.93550000e-08  0.00000000e+00  3.93550000e-08  6.72201431e-04 
 3.93650000e-08  0.00000000e+00  3.93650000e-08  6.65512860e-04 
 3.93750000e-08  0.00000000e+00  3.93750000e-08  6.58890841e-04 
 3.93850000e-08  0.00000000e+00  3.93850000e-08  6.52334713e-04 
 3.93950000e-08  0.00000000e+00  3.93950000e-08  6.45843821e-04 
 3.94050000e-08  0.00000000e+00  3.94050000e-08  6.39417514e-04 
 3.94150000e-08  0.00000000e+00  3.94150000e-08  6.33055151e-04 
 3.94250000e-08  0.00000000e+00  3.94250000e-08  6.26756095e-04 
 3.94350000e-08  0.00000000e+00  3.94350000e-08  6.20519715e-04 
 3.94450000e-08  0.00000000e+00  3.94450000e-08  6.14345390e-04 
 3.94550000e-08  0.00000000e+00  3.94550000e-08  6.08232501e-04 
 3.94650000e-08  0.00000000e+00  3.94650000e-08  6.02180436e-04 
 3.94750000e-08  0.00000000e+00  3.94750000e-08  5.96188591e-04 
 3.94850000e-08  0.00000000e+00  3.94850000e-08  5.90256366e-04 
 3.94950000e-08  0.00000000e+00  3.94950000e-08  5.84383168e-04 
 3.95050000e-08  0.00000000e+00  3.95050000e-08  5.78568410e-04 
 3.95150000e-08  0.00000000e+00  3.95150000e-08  5.72811511e-04 
 3.95250000e-08  0.00000000e+00  3.95250000e-08  5.67111894e-04 
 3.95350000e-08  0.00000000e+00  3.95350000e-08  5.61468989e-04 
 3.95450000e-08  0.00000000e+00  3.95450000e-08  5.55882233e-04 
 3.95550000e-08  0.00000000e+00  3.95550000e-08  5.50351067e-04 
 3.95650000e-08  0.00000000e+00  3.95650000e-08  5.44874937e-04 
 3.95750000e-08  0.00000000e+00  3.95750000e-08  5.39453296e-04 
 3.95850000e-08  0.00000000e+00  3.95850000e-08  5.34085601e-04 
 3.95950000e-08  0.00000000e+00  3.95950000e-08  5.28771316e-04 
 3.96050000e-08  0.00000000e+00  3.96050000e-08  5.23509910e-04 
 3.96150000e-08  0.00000000e+00  3.96150000e-08  5.18300856e-04 
 3.96250000e-08  0.00000000e+00  3.96250000e-08  5.13143634e-04 
 3.96350000e-08  0.00000000e+00  3.96350000e-08  5.08037727e-04 
 3.96450000e-08  0.00000000e+00  3.96450000e-08  5.02982625e-04 
 3.96550000e-08  0.00000000e+00  3.96550000e-08  4.97977823e-04 
 3.96650000e-08  0.00000000e+00  3.96650000e-08  4.93022820e-04 
 3.96750000e-08  0.00000000e+00  3.96750000e-08  4.88117120e-04 
 3.96850000e-08  0.00000000e+00  3.96850000e-08  4.83260234e-04 
 3.96950000e-08  0.00000000e+00  3.96950000e-08  4.78451674e-04 
 3.97050000e-08  0.00000000e+00  3.97050000e-08  4.73690961e-04 
 3.97150000e-08  0.00000000e+00  3.97150000e-08  4.68977618e-04 
 3.97250000e-08  0.00000000e+00  3.97250000e-08  4.64311174e-04 
 3.97350000e-08  0.00000000e+00  3.97350000e-08  4.59691162e-04 
 3.97450000e-08  0.00000000e+00  3.97450000e-08  4.55117121e-04 
 3.97550000e-08  0.00000000e+00  3.97550000e-08  4.50588592e-04 
 3.97650000e-08  0.00000000e+00  3.97650000e-08  4.46105124e-04 
 3.97750000e-08  0.00000000e+00  3.97750000e-08  4.41666267e-04 
 3.97850000e-08  0.00000000e+00  3.97850000e-08  4.37271578e-04 
 3.97950000e-08  0.00000000e+00  3.97950000e-08  4.32920617e-04 
 3.98050000e-08  0.00000000e+00  3.98050000e-08  4.28612949e-04 
 3.98150000e-08  0.00000000e+00  3.98150000e-08  4.24348143e-04 
 3.98250000e-08  0.00000000e+00  3.98250000e-08  4.20125774e-04 
 3.98350000e-08  0.00000000e+00  3.98350000e-08  4.15945418e-04 
 3.98450000e-08  0.00000000e+00  3.98450000e-08  4.11806657e-04 
 3.98550000e-08  0.00000000e+00  3.98550000e-08  4.07709079e-04 
 3.98650000e-08  0.00000000e+00  3.98650000e-08  4.03652272e-04 
 3.98750000e-08  0.00000000e+00  3.98750000e-08  3.99635831e-04 
 3.98850000e-08  0.00000000e+00  3.98850000e-08  3.95659355e-04 
 3.98950000e-08  0.00000000e+00  3.98950000e-08  3.91722446e-04 
 3.99050000e-08  0.00000000e+00  3.99050000e-08  3.87824711e-04 
 3.99150000e-08  0.00000000e+00  3.99150000e-08  3.83965758e-04 
 3.99250000e-08  0.00000000e+00  3.99250000e-08  3.80145204e-04 
 3.99350000e-08  0.00000000e+00  3.99350000e-08  3.76362664e-04 
 3.99450000e-08  0.00000000e+00  3.99450000e-08  3.72617762e-04 
 3.99550000e-08  0.00000000e+00  3.99550000e-08  3.68910123e-04 
 3.99650000e-08  0.00000000e+00  3.99650000e-08  3.65239375e-04 
 3.99750000e-08  0.00000000e+00  3.99750000e-08  3.61605153e-04 
 3.99850000e-08  0.00000000e+00  3.99850000e-08  3.58007091e-04 
 3.99925000e-08  0.00000000e+00  3.99925000e-08  3.55332069e-04 
 4.00000000e-08  0.00000000e+00  4.00000000e-08  3.52677035e-04 
