 0.00000000e+00  0.00000000e+00  0.00000000e+00  0.00000000e+00 
 1.00000000e-08  1.25663706e-04  1.00000000e-08  1.00000000e+00 
 2.00000000e-08  2.51327412e-04  2.00000000e-08  1.00000000e+00 
 4.00000000e-08  5.02654819e-04  4.00000000e-08  1.00000000e+00 
 8.00000000e-08  1.00530961e-03  8.00000000e-08  1.00000000e+00 
 1.60000000e-07  2.01061896e-03  1.60000000e-07  1.00000000e+00 
 3.20000000e-07  4.02123589e-03  3.20000000e-07  1.00000000e+00 
 6.40000000e-07  8.04245552e-03  6.40000000e-07  1.00000000e+00 
 1.28000000e-06  1.60847810e-02  1.28000000e-06  1.00000000e+00 
 2.28000000e-06  2.86503450e-02  2.28000000e-06  1.00000000e+00 
 3.28000000e-06  4.12147780e-02  3.28000000e-06  1.00000000e+00 
 4.28000000e-06  5.37775839e-02  4.28000000e-06  1.00000000e+00 
 5.28000000e-06  6.63382667e-02  5.28000000e-06  1.00000000e+00 
 6.28000000e-06  7.88963306e-02  6.28000000e-06  1.00000000e+00 
 7.28000000e-06  9.14512798e-02  7.28000000e-06  1.00000000e+00 
 8.28000000e-06  1.04002619e-01  8.28000000e-06  1.00000000e+00 
 9.28000000e-06  1.16549852e-01  9.28000000e-06  1.00000000e+00 
 1.02800000e-05  1.29092484e-01  1.02800000e-05  1.00000000e+00 
 1.12800000e-05  1.41630019e-01  1.12800000e-05  1.00000000e+00 
 1.22800000e-05  1.54161963e-01  1.22800000e-05  1.00000000e+00 
 1.32800000e-05  1.66687821e-01  1.32800000e-05  1.00000000e+00 
 1.42800000e-05  1.79207099e-01  1.42800000e-05  1.00000000e+00 
 1.52800000e-05  1.91719302e-01  1.52800000e-05  1.00000000e+00 
 1.62800000e-05  2.04223936e-01  1.62800000e-05  1.00000000e+00 
 1.72800000e-05  2.16720507e-01  1.72800000e-05  1.00000000e+00 
 1.82800000e-05  2.29208523e-01  1.82800000e-05  1.00000000e+00 
 1.92800000e-05  2.41687490e-01  1.92800000e-05  1.00000000e+00 
 2.02800000e-05  2.54156916e-01  2.02800000e-05  1.00000000e+00 
 2.12800000e-05  2.66616308e-01  2.12800000e-05  1.00000000e+00 
 2.22800000e-05  2.79065175e-01  2.22800000e-05  1.00000000e+00 
 2.32800000e-05  2.91503024e-01  2.32800000e-05  1.00000000e+00 
 2.42800000e-05  3.03929365e-01  2.42800000e-05  1.00000000e+00 
 2.52800000e-05  3.16343708e-01  2.52800000e-05  1.00000000e+00 
 2.62800000e-05  3.28745562e-01  2.62800000e-05  1.00000000e+00 
 2.72800000e-05  3.41134438e-01  2.72800000e-05  1.00000000e+00 
 2.82800000e-05  3.53509847e-01  2.82800000e-05  1.00000000e+00 
 2.92800000e-05  3.65871299e-01  2.92800000e-05  1.00000000e+00 
 3.02800000e-05  3.78218307e-01  3.02800000e-05  1.00000000e+00 
 3.12800000e-05  3.90550384e-01  3.12800000e-05  1.00000000e+00 
 3.22800000e-05  4.02867043e-01  3.22800000e-05  1.00000000e+00 
 3.32800000e-05  4.15167797e-01  3.32800000e-05  1.00000000e+00 
 3.42800000e-05  4.27452162e-01  3.42800000e-05  1.00000000e+00 
 3.52800000e-05  4.39719651e-01  3.52800000e-05  1.00000000e+00 
 3.62800000e-05  4.51969780e-01  3.62800000e-05  1.00000000e+00 
 3.72800000e-05  4.64202067e-01  3.72800000e-05  1.00000000e+00 
 3.82800000e-05  4.76416028e-01  3.82800000e-05  1.00000000e+00 
 3.92800000e-05  4.88611181e-01  3.92800000e-05  1.00000000e+00 
 4.02800000e-05  5.00787044e-01  4.02800000e-05  1.00000000e+00 
 4.12800000e-05  5.12943137e-01  4.12800000e-05  1.00000000e+00 
 4.22800000e-05  5.25078980e-01  4.22800000e-05  1.00000000e+00 
 4.32800000e-05  5.37194093e-01  4.32800000e-05  1.00000000e+00 
 4.42800000e-05  5.49287999e-01  4.42800000e-05  1.00000000e+00 
 4.52800000e-05  5.61360221e-01  4.52800000e-05  1.00000000e+00 
 4.62800000e-05  5.73410280e-01  4.62800000e-05  1.00000000e+00 
 4.72800000e-05  5.85437703e-01  4.72800000e-05  1.00000000e+00 
 4.82800000e-05  5.97442013e-01  4.82800000e-05  1.00000000e+00 
 4.92800000e-05  6.09422737e-01  4.92800000e-05  1.00000000e+00 
 5.02800000e-05  6.21379403e-01  5.02800000e-05  1.00000000e+00 
 5.12800000e-05  6.33311537e-01  5.12800000e-05  1.00000000e+00 
 5.22800000e-05  6.45218669e-01  5.22800000e-05  1.00000000e+00 
 5.32800000e-05  6.57100329e-01  5.32800000e-05  1.00000000e+00 
 5.42800000e-05  6.68956048e-01  5.42800000e-05  1.00000000e+00 
 5.52800000e-05  6.80785358e-01  5.52800000e-05  1.00000000e+00 
 5.62800000e-05  6.92587792e-01  5.62800000e-05  1.00000000e+00 
 5.72800000e-05  7.04362883e-01  5.72800000e-05  1.00000000e+00 
 5.82800000e-05  7.16110167e-01  5.82800000e-05  1.00000000e+00 
 5.92800000e-05  7.27829181e-01  5.92800000e-05  1.00000000e+00 
 6.02800000e-05  7.39519461e-01  6.02800000e-05  1.00000000e+00 
 6.12800000e-05  7.51180546e-01  6.12800000e-05  1.00000000e+00 
 6.22800000e-05  7.62811976e-01  6.22800000e-05  1.00000000e+00 
 6.32800000e-05  7.74413291e-01  6.32800000e-05  1.00000000e+00 
 6.42800000e-05  7.85984034e-01  6.42800000e-05  1.00000000e+00 
 6.52800000e-05  7.97523747e-01  6.52800000e-05  1.00000000e+00 
 6.62800000e-05  8.09031975e-01  6.62800000e-05  1.00000000e+00 
 6.72800000e-05  8.20508265e-01  6.72800000e-05  1.00000000e+00 
 6.82800000e-05  8.31952162e-01  6.82800000e-05  1.00000000e+00 
 6.92800000e-05  8.43363215e-01  6.92800000e-05  1.00000000e+00 
 7.02800000e-05  8.54740973e-01  7.02800000e-05  1.00000000e+00 
 7.12800000e-05  8.66084988e-01  7.12800000e-05  1.00000000e+00 
 7.22800000e-05  8.77394811e-01  7.22800000e-05  1.00000000e+00 
 7.32800000e-05  8.88669997e-01  7.32800000e-05  1.00000000e+00 
 7.42800000e-05  8.99910099e-01  7.42800000e-05  1.00000000e+00 
 7.52800000e-05  9.11114674e-01  7.52800000e-05  1.00000000e+00 
 7.62800000e-05  9.22283280e-01  7.62800000e-05  1.00000000e+00 
 7.72800000e-05  9.33415475e-01  7.72800000e-05  1.00000000e+00 
 7.82800000e-05  9.44510821e-01  7.82800000e-05  1.00000000e+00 
 7.92800000e-05  9.55568880e-01  7.92800000e-05  1.00000000e+00 
 8.02800000e-05  9.66589214e-01  8.02800000e-05  1.00000000e+00 
 8.12800000e-05  9.77571389e-01  8.12800000e-05  1.00000000e+00 
 8.22800000e-05  9.88514971e-01  8.22800000e-05  1.00000000e+00 
 8.32800000e-05  9.99419528e-01  8.32800000e-05  1.00000000e+00 
 8.42800000e-05  1.01028463e+00  8.42800000e-05  1.00000000e+00 
 8.52800000e-05  1.02110985e+00  8.52800000e-05  1.00000000e+00 
 8.62800000e-05  1.03189475e+00  8.62800000e-05  1.00000000e+00 
 8.72800000e-05  1.04263892e+00  8.72800000e-05  1.00000000e+00 
 8.82800000e-05  1.05334193e+00  8.82800000e-05  1.00000000e+00 
 8.92800000e-05  1.06400335e+00  8.92800000e-05  1.00000000e+00 
 9.02800000e-05  1.07462277e+00  9.02800000e-05  1.00000000e+00 
 9.12800000e-05  1.08519976e+00  9.12800000e-05  1.00000000e+00 
 9.22800000e-05  1.09573391e+00  9.22800000e-05  1.00000000e+00 
 9.32800000e-05  1.10622481e+00  9.32800000e-05  1.00000000e+00 
 9.42800000e-05  1.11667203e+00  9.42800000e-05  1.00000000e+00 
 9.52800000e-05  1.12707517e+00  9.52800000e-05  1.00000000e+00 
 9.62800000e-05  1.13743381e+00  9.62800000e-05  1.00000000e+00 
 9.72800000e-05  1.14774755e+00  9.72800000e-05  1.00000000e+00 
 9.82800000e-05  1.15801598e+00  9.82800000e-05  1.00000000e+00 
 9.92800000e-05  1.16823869e+00  9.92800000e-05  1.00000000e+00 
 1.00280000e-04  1.17841528e+00  1.00280000e-04  1.00000000e+00 
 1.01280000e-04  1.18854535e+00  1.01280000e-04  1.00000000e+00 
 1.02280000e-04  1.19862849e+00  1.02280000e-04  1.00000000e+00 
 1.03280000e-04  1.20866432e+00  1.03280000e-04  1.00000000e+00 
 1.04280000e-04  1.21865243e+00  1.04280000e-04  1.00000000e+00 
 1.05280000e-04  1.22859244e+00  1.05280000e-04  1.00000000e+00 
 1.06280000e-04  1.23848393e+00  1.06280000e-04  1.00000000e+00 
 1.07280000e-04  1.24832654e+00  1.07280000e-04  1.00000000e+00 
 1.08280000e-04  1.25811986e+00  1.08280000e-04  1.00000000e+00 
 1.09280000e-04  1.26786352e+00  1.09280000e-04  1.00000000e+00 
 1.10280000e-04  1.27755712e+00  1.10280000e-04  1.00000000e+00 
 1.11280000e-04  1.28720029e+00  1.11280000e-04  1.00000000e+00 
 1.12280000e-04  1.29679264e+00  1.12280000e-04  1.00000000e+00 
 1.13280000e-04  1.30633379e+00  1.13280000e-04  1.00000000e+00 
 1.14280000e-04  1.31582337e+00  1.14280000e-04  1.00000000e+00 
 1.15280000e-04  1.32526101e+00  1.15280000e-04  1.00000000e+00 
 1.16280000e-04  1.33464633e+00  1.16280000e-04  1.00000000e+00 
 1.17280000e-04  1.34397896e+00  1.17280000e-04  1.00000000e+00 
 1.18280000e-04  1.35325853e+00  1.18280000e-04  1.00000000e+00 
 1.19280000e-04  1.36248467e+00  1.19280000e-04  1.00000000e+00 
 1.20280000e-04  1.37165703e+00  1.20280000e-04  1.00000000e+00 
 1.21280000e-04  1.38077524e+00  1.21280000e-04  1.00000000e+00 
 1.22280000e-04  1.38983893e+00  1.22280000e-04  1.00000000e+00 
 1.23280000e-04  1.39884776e+00  1.23280000e-04  1.00000000e+00 
 1.24280000e-04  1.40780136e+00  1.24280000e-04  1.00000000e+00 
 1.25280000e-04  1.41669939e+00  1.25280000e-04  1.00000000e+00 
 1.26280000e-04  1.42554148e+00  1.26280000e-04  1.00000000e+00 
 1.27280000e-04  1.43432730e+00  1.27280000e-04  1.00000000e+00 
 1.28280000e-04  1.44305650e+00  1.28280000e-04  1.00000000e+00 
 1.29280000e-04  1.45172872e+00  1.29280000e-04  1.00000000e+00 
 1.30280000e-04  1.46034363e+00  1.30280000e-04  1.00000000e+00 
 1.31280000e-04  1.46890089e+00  1.31280000e-04  1.00000000e+00 
 1.32280000e-04  1.47740017e+00  1.32280000e-04  1.00000000e+00 
 1.33280000e-04  1.48584111e+00  1.33280000e-04  1.00000000e+00 
 1.34280000e-04  1.49422340e+00  1.34280000e-04  1.00000000e+00 
 1.35280000e-04  1.50254670e+00  1.35280000e-04  1.00000000e+00 
 1.36280000e-04  1.51081068e+00  1.36280000e-04  1.00000000e+00 
 1.37280000e-04  1.51901501e+00  1.37280000e-04  1.00000000e+00 
 1.38280000e-04  1.52715938e+00  1.38280000e-04  1.00000000e+00 
 1.39280000e-04  1.53524346e+00  1.39280000e-04  1.00000000e+00 
 1.40280000e-04  1.54326693e+00  1.40280000e-04  1.00000000e+00 
 1.41280000e-04  1.55122947e+00  1.41280000e-04  1.00000000e+00 
 1.42280000e-04  1.55913078e+00  1.42280000e-04  1.00000000e+00 
 1.43280000e-04  1.56697053e+00  1.43280000e-04  1.00000000e+00 
 1.44280000e-04  1.57474842e+00  1.44280000e-04  1.00000000e+00 
 1.45280000e-04  1.58246414e+00  1.45280000e-04  1.00000000e+00 
 1.46280000e-04  1.59011739e+00  1.46280000e-04  1.00000000e+00 
 1.47280000e-04  1.59770787e+00  1.47280000e-04  1.00000000e+00 
 1.48280000e-04  1.60523527e+00  1.48280000e-04  1.00000000e+00 
 1.49280000e-04  1.61269929e+00  1.49280000e-04  1.00000000e+00 
 1.50280000e-04  1.62009966e+00  1.50280000e-04  1.00000000e+00 
 1.51280000e-04  1.62743606e+00  1.51280000e-04  1.00000000e+00 
 1.52280000e-04  1.63470821e+00  1.52280000e-04  1.00000000e+00 
 1.53280000e-04  1.64191583e+00  1.53280000e-04  1.00000000e+00 
 1.54280000e-04  1.64905863e+00  1.54280000e-04  1.00000000e+00 
 1.55280000e-04  1.65613633e+00  1.55280000e-04  1.00000000e+00 
 1.56280000e-04  1.66314864e+00  1.56280000e-04  1.00000000e+00 
 1.57280000e-04  1.67009530e+00  1.57280000e-04  1.00000000e+00 
 1.58280000e-04  1.67697602e+00  1.58280000e-04  1.00000000e+00 
 1.59280000e-04  1.68379054e+00  1.59280000e-04  1.00000000e+00 
 1.60280000e-04  1.69053859e+00  1.60280000e-04  1.00000000e+00 
 1.61280000e-04  1.69721990e+00  1.61280000e-04  1.00000000e+00 
 1.62280000e-04  1.70383420e+00  1.62280000e-04  1.00000000e+00 
 1.63280000e-04  1.71038124e+00  1.63280000e-04  1.00000000e+00 
 1.64280000e-04  1.71686076e+00  1.64280000e-04  1.00000000e+00 
 1.65280000e-04  1.72327249e+00  1.65280000e-04  1.00000000e+00 
 1.66280000e-04  1.72961620e+00  1.66280000e-04  1.00000000e+00 
 1.67280000e-04  1.73589162e+00  1.67280000e-04  1.00000000e+00 
 1.68280000e-04  1.74209852e+00  1.68280000e-04  1.00000000e+00 
 1.69280000e-04  1.74823664e+00  1.69280000e-04  1.00000000e+00 
 1.70280000e-04  1.75430574e+00  1.70280000e-04  1.00000000e+00 
 1.71280000e-04  1.76030558e+00  1.71280000e-04  1.00000000e+00 
 1.72280000e-04  1.76623593e+00  1.72280000e-04  1.00000000e+00 
 1.73280000e-04  1.77209655e+00  1.73280000e-04  1.00000000e+00 
 1.74280000e-04  1.77788722e+00  1.74280000e-04  1.00000000e+00 
 1.75280000e-04  1.78360769e+00  1.75280000e-04  1.00000000e+00 
 1.76280000e-04  1.78925775e+00  1.76280000e-04  1.00000000e+00 
 1.77280000e-04  1.79483718e+00  1.77280000e-04  1.00000000e+00 
 1.78280000e-04  1.80034575e+00  1.78280000e-04  1.00000000e+00 
 1.79280000e-04  1.80578324e+00  1.79280000e-04  1.00000000e+00 
 1.80280000e-04  1.81114944e+00  1.80280000e-04  1.00000000e+00 
 1.81280000e-04  1.81644415e+00  1.81280000e-04  1.00000000e+00 
 1.82280000e-04  1.82166714e+00  1.82280000e-04  1.00000000e+00 
 1.83280000e-04  1.82681822e+00  1.83280000e-04  1.00000000e+00 
 1.84280000e-04  1.83189717e+00  1.84280000e-04  1.00000000e+00 
 1.85280000e-04  1.83690381e+00  1.85280000e-04  1.00000000e+00 
 1.86280000e-04  1.84183793e+00  1.86280000e-04  1.00000000e+00 
 1.87280000e-04  1.84669933e+00  1.87280000e-04  1.00000000e+00 
 1.88280000e-04  1.85148783e+00  1.88280000e-04  1.00000000e+00 
 1.89280000e-04  1.85620324e+00  1.89280000e-04  1.00000000e+00 
 1.90280000e-04  1.86084537e+00  1.90280000e-04  1.00000000e+00 
 1.91280000e-04  1.86541404e+00  1.91280000e-04  1.00000000e+00 
 1.92280000e-04  1.86990906e+00  1.92280000e-04  1.00000000e+00 
 1.93280000e-04  1.87433026e+00  1.93280000e-04  1.00000000e+00 
 1.94280000e-04  1.87867746e+00  1.94280000e-04  1.00000000e+00 
 1.95280000e-04  1.88295050e+00  1.95280000e-04  1.00000000e+00 
 1.96280000e-04  1.88714921e+00  1.96280000e-04  1.00000000e+00 
 1.97280000e-04  1.89127341e+00  1.97280000e-04  1.00000000e+00 
 1.98280000e-04  1.89532295e+00  1.98280000e-04  1.00000000e+00 
 1.99280000e-04  1.89929766e+00  1.99280000e-04  1.00000000e+00 
 2.00280000e-04  1.90319739e+00  2.00280000e-04  1.00000000e+00 
 2.01280000e-04  1.90702199e+00  2.01280000e-04  1.00000000e+00 
 2.02280000e-04  1.91077130e+00  2.02280000e-04  1.00000000e+00 
 2.03280000e-04  1.91444518e+00  2.03280000e-04  1.00000000e+00 
 2.04280000e-04  1.91804347e+00  2.04280000e-04  1.00000000e+00 
 2.05280000e-04  1.92156605e+00  2.05280000e-04  1.00000000e+00 
 2.06280000e-04  1.92501277e+00  2.06280000e-04  1.00000000e+00 
 2.07280000e-04  1.92838349e+00  2.07280000e-04  1.00000000e+00 
 2.08280000e-04  1.93167808e+00  2.08280000e-04  1.00000000e+00 
 2.09280000e-04  1.93489641e+00  2.09280000e-04  1.00000000e+00 
 2.10280000e-04  1.93803836e+00  2.10280000e-04  1.00000000e+00 
 2.11280000e-04  1.94110380e+00  2.11280000e-04  1.00000000e+00 
 2.12280000e-04  1.94409260e+00  2.12280000e-04  1.00000000e+00 
 2.13280000e-04  1.94700465e+00  2.13280000e-04  1.00000000e+00 
 2.14280000e-04  1.94983984e+00  2.14280000e-04  1.00000000e+00 
 2.15280000e-04  1.95259806e+00  2.15280000e-04  1.00000000e+00 
 2.16280000e-04  1.95527919e+00  2.16280000e-04  1.00000000e+00 
 2.17280000e-04  1.95788312e+00  2.17280000e-04  1.00000000e+00 
 2.18280000e-04  1.96040977e+00  2.18280000e-04  1.00000000e+00 
 2.19280000e-04  1.96285902e+00  2.19280000e-04  1.00000000e+00 
 2.20280000e-04  1.96523078e+00  2.20280000e-04  1.00000000e+00 
 2.21280000e-04  1.96752495e+00  2.21280000e-04  1.00000000e+00 
 2.22280000e-04  1.96974145e+00  2.22280000e-04  1.00000000e+00 
 2.23280000e-04  1.97188019e+00  2.23280000e-04  1.00000000e+00 
 2.24280000e-04  1.97394109e+00  2.24280000e-04  1.00000000e+00 
 2.25280000e-04  1.97592405e+00  2.25280000e-04  1.00000000e+00 
 2.26280000e-04  1.97782901e+00  2.26280000e-04  1.00000000e+00 
 2.27280000e-04  1.97965589e+00  2.27280000e-04  1.00000000e+00 
 2.28280000e-04  1.98140461e+00  2.28280000e-04  1.00000000e+00 
 2.29280000e-04  1.98307511e+00  2.29280000e-04  1.00000000e+00 
 2.30280000e-04  1.98466733e+00  2.30280000e-04  1.00000000e+00 
 2.31280000e-04  1.98618119e+00  2.31280000e-04  1.00000000e+00 
 2.32280000e-04  1.98761664e+00  2.32280000e-04  1.00000000e+00 
 2.33280000e-04  1.98897362e+00  2.33280000e-04  1.00000000e+00 
 2.34280000e-04  1.99025209e+00  2.34280000e-04  1.00000000e+00 
 2.35280000e-04  1.99145198e+00  2.35280000e-04  1.00000000e+00 
 2.36280000e-04  1.99257325e+00  2.36280000e-04  1.00000000e+00 
 2.37280000e-04  1.99361585e+00  2.37280000e-04  1.00000000e+00 
 2.38280000e-04  1.99457976e+00  2.38280000e-04  1.00000000e+00 
 2.39280000e-04  1.99546492e+00  2.39280000e-04  1.00000000e+00 
 2.40280000e-04  1.99627130e+00  2.40280000e-04  1.00000000e+00 
 2.41280000e-04  1.99699888e+00  2.41280000e-04  1.00000000e+00 
 2.42280000e-04  1.99764761e+00  2.42280000e-04  1.00000000e+00 
 2.43280000e-04  1.99821748e+00  2.43280000e-04  1.00000000e+00 
 2.44280000e-04  1.99870847e+00  2.44280000e-04  1.00000000e+00 
 2.45280000e-04  1.99912055e+00  2.45280000e-04  1.00000000e+00 
 2.46280000e-04  1.99945371e+00  2.46280000e-04  1.00000000e+00 
 2.47280000e-04  1.99970793e+00  2.47280000e-04  1.00000000e+00 
 2.48280000e-04  1.99988321e+00  2.48280000e-04  1.00000000e+00 
 2.49280000e-04  1.99997953e+00  2.49280000e-04  1.00000000e+00 
 2.50280000e-04  1.99999690e+00  2.50280000e-04  1.00000000e+00 
 2.51280000e-04  1.99993532e+00  2.51280000e-04  1.00000000e+00 
 2.52280000e-04  1.99979478e+00  2.52280000e-04  1.00000000e+00 
 2.53280000e-04  1.99957529e+00  2.53280000e-04  1.00000000e+00 
 2.54280000e-04  1.99927686e+00  2.54280000e-04  1.00000000e+00 
 2.55280000e-04  1.99889951e+00  2.55280000e-04  1.00000000e+00 
 2.56280000e-04  1.99844324e+00  2.56280000e-04  1.00000000e+00 
 2.57280000e-04  1.99790807e+00  2.57280000e-04  1.00000000e+00 
 2.58280000e-04  1.99729403e+00  2.58280000e-04  1.00000000e+00 
 2.59280000e-04  1.99660114e+00  2.59280000e-04  1.00000000e+00 
 2.60280000e-04  1.99582943e+00  2.60280000e-04  1.00000000e+00 
 2.61280000e-04  1.99497893e+00  2.61280000e-04  1.00000000e+00 
 2.62280000e-04  1.99404967e+00  2.62280000e-04  1.00000000e+00 
 2.63280000e-04  1.99304169e+00  2.63280000e-04  1.00000000e+00 
 2.64280000e-04  1.99195502e+00  2.64280000e-04  1.00000000e+00 
 2.65280000e-04  1.99078972e+00  2.65280000e-04  1.00000000e+00 
 2.66280000e-04  1.98954582e+00  2.66280000e-04  1.00000000e+00 
 2.67280000e-04  1.98822338e+00  2.67280000e-04  1.00000000e+00 
 2.68280000e-04  1.98682245e+00  2.68280000e-04  1.00000000e+00 
 2.69280000e-04  1.98534308e+00  2.69280000e-04  1.00000000e+00 
 2.70280000e-04  1.98378534e+00  2.70280000e-04  1.00000000e+00 
 2.71280000e-04  1.98214927e+00  2.71280000e-04  1.00000000e+00 
 2.72280000e-04  1.98043496e+00  2.72280000e-04  1.00000000e+00 
 2.73280000e-04  1.97864246e+00  2.73280000e-04  1.00000000e+00 
 2.74280000e-04  1.97677185e+00  2.74280000e-04  1.00000000e+00 
 2.75280000e-04  1.97482320e+00  2.75280000e-04  1.00000000e+00 
 2.76280000e-04  1.97279658e+00  2.76280000e-04  1.00000000e+00 
 2.77280000e-04  1.97069209e+00  2.77280000e-04  1.00000000e+00 
 2.78280000e-04  1.96850979e+00  2.78280000e-04  1.00000000e+00 
 2.79280000e-04  1.96624978e+00  2.79280000e-04  1.00000000e+00 
 2.80280000e-04  1.96391214e+00  2.80280000e-04  1.00000000e+00 
 2.81280000e-04  1.96149698e+00  2.81280000e-04  1.00000000e+00 
 2.82280000e-04  1.95900438e+00  2.82280000e-04  1.00000000e+00 
 2.83280000e-04  1.95643444e+00  2.83280000e-04  1.00000000e+00 
 2.84280000e-04  1.95378726e+00  2.84280000e-04  1.00000000e+00 
 2.85280000e-04  1.95106295e+00  2.85280000e-04  1.00000000e+00 
 2.86280000e-04  1.94826161e+00  2.86280000e-04  1.00000000e+00 
 2.87280000e-04  1.94538337e+00  2.87280000e-04  1.00000000e+00 
 2.88280000e-04  1.94242832e+00  2.88280000e-04  1.00000000e+00 
 2.89280000e-04  1.93939659e+00  2.89280000e-04  1.00000000e+00 
 2.90280000e-04  1.93628829e+00  2.90280000e-04  1.00000000e+00 
 2.91280000e-04  1.93310355e+00  2.91280000e-04  1.00000000e+00 
 2.92280000e-04  1.92984250e+00  2.92280000e-04  1.00000000e+00 
 2.93280000e-04  1.92650526e+00  2.93280000e-04  1.00000000e+00 
 2.94280000e-04  1.92309196e+00  2.94280000e-04  1.00000000e+00 
 2.95280000e-04  1.91960275e+00  2.95280000e-04  1.00000000e+00 
 2.96280000e-04  1.91603775e+00  2.96280000e-04  1.00000000e+00 
 2.97280000e-04  1.91239711e+00  2.97280000e-04  1.00000000e+00 
 2.98280000e-04  1.90868097e+00  2.98280000e-04  1.00000000e+00 
 2.99280000e-04  1.90488948e+00  2.99280000e-04  1.00000000e+00 
 3.00280000e-04  1.90102279e+00  3.00280000e-04  1.00000000e+00 
 3.01280000e-04  1.89708105e+00  3.01280000e-04  1.00000000e+00 
 3.02280000e-04  1.89306441e+00  3.02280000e-04  1.00000000e+00 
 3.03280000e-04  1.88897304e+00  3.03280000e-04  1.00000000e+00 
 3.04280000e-04  1.88480710e+00  3.04280000e-04  1.00000000e+00 
 3.05280000e-04  1.88056675e+00  3.05280000e-04  1.00000000e+00 
 3.06280000e-04  1.87625216e+00  3.06280000e-04  1.00000000e+00 
 3.07280000e-04  1.87186349e+00  3.07280000e-04  1.00000000e+00 
 3.08280000e-04  1.86740093e+00  3.08280000e-04  1.00000000e+00 
 3.09280000e-04  1.86286464e+00  3.09280000e-04  1.00000000e+00 
 3.10280000e-04  1.85825482e+00  3.10280000e-04  1.00000000e+00 
 3.11280000e-04  1.85357163e+00  3.11280000e-04  1.00000000e+00 
 3.12280000e-04  1.84881527e+00  3.12280000e-04  1.00000000e+00 
 3.13280000e-04  1.84398592e+00  3.13280000e-04  1.00000000e+00 
 3.14280000e-04  1.83908377e+00  3.14280000e-04  1.00000000e+00 
 3.15280000e-04  1.83410901e+00  3.15280000e-04  1.00000000e+00 
 3.16280000e-04  1.82906185e+00  3.16280000e-04  1.00000000e+00 
 3.17280000e-04  1.82394248e+00  3.17280000e-04  1.00000000e+00 
 3.18280000e-04  1.81875111e+00  3.18280000e-04  1.00000000e+00 
 3.19280000e-04  1.81348793e+00  3.19280000e-04  1.00000000e+00 
 3.20280000e-04  1.80815317e+00  3.20280000e-04  1.00000000e+00 
 3.21280000e-04  1.80274701e+00  3.21280000e-04  1.00000000e+00 
 3.22280000e-04  1.79726969e+00  3.22280000e-04  1.00000000e+00 
 3.23280000e-04  1.79172142e+00  3.23280000e-04  1.00000000e+00 
 3.24280000e-04  1.78610241e+00  3.24280000e-04  1.00000000e+00 
 3.25280000e-04  1.78041289e+00  3.25280000e-04  1.00000000e+00 
 3.26280000e-04  1.77465308e+00  3.26280000e-04  1.00000000e+00 
 3.27280000e-04  1.76882321e+00  3.27280000e-04  1.00000000e+00 
 3.28280000e-04  1.76292351e+00  3.28280000e-04  1.00000000e+00 
 3.29280000e-04  1.75695422e+00  3.29280000e-04  1.00000000e+00 
 3.30280000e-04  1.75091556e+00  3.30280000e-04  1.00000000e+00 
 3.31280000e-04  1.74480778e+00  3.31280000e-04  1.00000000e+00 
 3.32280000e-04  1.73863111e+00  3.32280000e-04  1.00000000e+00 
 3.33280000e-04  1.73238581e+00  3.33280000e-04  1.00000000e+00 
 3.34280000e-04  1.72607212e+00  3.34280000e-04  1.00000000e+00 
 3.35280000e-04  1.71969029e+00  3.35280000e-04  1.00000000e+00 
 3.36280000e-04  1.71324056e+00  3.36280000e-04  1.00000000e+00 
 3.37280000e-04  1.70672320e+00  3.37280000e-04  1.00000000e+00 
 3.38280000e-04  1.70013846e+00  3.38280000e-04  1.00000000e+00 
 3.39280000e-04  1.69348660e+00  3.39280000e-04  1.00000000e+00 
 3.40280000e-04  1.68676789e+00  3.40280000e-04  1.00000000e+00 
 3.41280000e-04  1.67998258e+00  3.41280000e-04  1.00000000e+00 
 3.42280000e-04  1.67313095e+00  3.42280000e-04  1.00000000e+00 
 3.43280000e-04  1.66621327e+00  3.43280000e-04  1.00000000e+00 
 3.44280000e-04  1.65922982e+00  3.44280000e-04  1.00000000e+00 
 3.45280000e-04  1.65218085e+00  3.45280000e-04  1.00000000e+00 
 3.46280000e-04  1.64506666e+00  3.46280000e-04  1.00000000e+00 
 3.47280000e-04  1.63788753e+00  3.47280000e-04  1.00000000e+00 
 3.48280000e-04  1.63064374e+00  3.48280000e-04  1.00000000e+00 
 3.49280000e-04  1.62333557e+00  3.49280000e-04  1.00000000e+00 
 3.50280000e-04  1.61596331e+00  3.50280000e-04  1.00000000e+00 
 3.51280000e-04  1.60852726e+00  3.51280000e-04  1.00000000e+00 
 3.52280000e-04  1.60102771e+00  3.52280000e-04  1.00000000e+00 
 3.53280000e-04  1.59346495e+00  3.53280000e-04  1.00000000e+00 
 3.54280000e-04  1.58583929e+00  3.54280000e-04  1.00000000e+00 
 3.55280000e-04  1.57815102e+00  3.55280000e-04  1.00000000e+00 
 3.56280000e-04  1.57040044e+00  3.56280000e-04  1.00000000e+00 
 3.57280000e-04  1.56258787e+00  3.57280000e-04  1.00000000e+00 
 3.58280000e-04  1.55471361e+00  3.58280000e-04  1.00000000e+00 
 3.59280000e-04  1.54677797e+00  3.59280000e-04  1.00000000e+00 
 3.60280000e-04  1.53878127e+00  3.60280000e-04  1.00000000e+00 
 3.61280000e-04  1.53072382e+00  3.61280000e-04  1.00000000e+00 
 3.62280000e-04  1.52260594e+00  3.62280000e-04  1.00000000e+00 
 3.63280000e-04  1.51442795e+00  3.63280000e-04  1.00000000e+00 
 3.64280000e-04  1.50619018e+00  3.64280000e-04  1.00000000e+00 
 3.65280000e-04  1.49789294e+00  3.65280000e-04  1.00000000e+00 
 3.66280000e-04  1.48953656e+00  3.66280000e-04  1.00000000e+00 
 3.67280000e-04  1.48112139e+00  3.67280000e-04  1.00000000e+00 
 3.68280000e-04  1.47264774e+00  3.68280000e-04  1.00000000e+00 
 3.69280000e-04  1.46411595e+00  3.69280000e-04  1.00000000e+00 
 3.70280000e-04  1.45552636e+00  3.70280000e-04  1.00000000e+00 
 3.71280000e-04  1.44687931e+00  3.71280000e-04  1.00000000e+00 
 3.72280000e-04  1.43817514e+00  3.72280000e-04  1.00000000e+00 
 3.73280000e-04  1.42941420e+00  3.73280000e-04  1.00000000e+00 
 3.74280000e-04  1.42059682e+00  3.74280000e-04  1.00000000e+00 
 3.75280000e-04  1.41172336e+00  3.75280000e-04  1.00000000e+00 
 3.76280000e-04  1.40279417e+00  3.76280000e-04  1.00000000e+00 
 3.77280000e-04  1.39380960e+00  3.77280000e-04  1.00000000e+00 
 3.78280000e-04  1.38477000e+00  3.78280000e-04  1.00000000e+00 
 3.79280000e-04  1.37567573e+00  3.79280000e-04  1.00000000e+00 
 3.80280000e-04  1.36652716e+00  3.80280000e-04  1.00000000e+00 
 3.81280000e-04  1.35732463e+00  3.81280000e-04  1.00000000e+00 
 3.82280000e-04  1.34806853e+00  3.82280000e-04  1.00000000e+00 
 3.83280000e-04  1.33875920e+00  3.83280000e-04  1.00000000e+00 
 3.84280000e-04  1.32939702e+00  3.84280000e-04  1.00000000e+00 
 3.85280000e-04  1.31998236e+00  3.85280000e-04  1.00000000e+00 
 3.86280000e-04  1.31051558e+00  3.86280000e-04  1.00000000e+00 
 3.87280000e-04  1.30099707e+00  3.87280000e-04  1.00000000e+00 
 3.88280000e-04  1.29142720e+00  3.88280000e-04  1.00000000e+00 
 3.89280000e-04  1.28180635e+00  3.89280000e-04  1.00000000e+00 
 3.90280000e-04  1.27213489e+00  3.90280000e-04  1.00000000e+00 
 3.91280000e-04  1.26241321e+00  3.91280000e-04  1.00000000e+00 
 3.92280000e-04  1.25264170e+00  3.92280000e-04  1.00000000e+00 
 3.93280000e-04  1.24282073e+00  3.93280000e-04  1.00000000e+00 
 3.94280000e-04  1.23295069e+00  3.94280000e-04  1.00000000e+00 
 3.95280000e-04  1.22303199e+00  3.95280000e-04  1.00000000e+00 
 3.96280000e-04  1.21306499e+00  3.96280000e-04  1.00000000e+00 
 3.97280000e-04  1.20305011e+00  3.97280000e-04  1.00000000e+00 
 3.98280000e-04  1.19298774e+00  3.98280000e-04  1.00000000e+00 
 3.99280000e-04  1.18287826e+00  3.99280000e-04  1.00000000e+00 
 4.00280000e-04  1.17272209e+00  4.00280000e-04  1.00000000e+00 
 4.01280000e-04  1.16251962e+00  4.01280000e-04  1.00000000e+00 
 4.02280000e-04  1.15227126e+00  4.02280000e-04  1.00000000e+00 
 4.03280000e-04  1.14197741e+00  4.03280000e-04  1.00000000e+00 
 4.04280000e-04  1.13163848e+00  4.04280000e-04  1.00000000e+00 
 4.05280000e-04  1.12125487e+00  4.05280000e-04  1.00000000e+00 
 4.06280000e-04  1.11082699e+00  4.06280000e-04  1.00000000e+00 
 4.07280000e-04  1.10035526e+00  4.07280000e-04  1.00000000e+00 
 4.08280000e-04  1.08984009e+00  4.08280000e-04  1.00000000e+00 
 4.09280000e-04  1.07928190e+00  4.09280000e-04  1.00000000e+00 
 4.10280000e-04  1.06868109e+00  4.10280000e-04  1.00000000e+00 
 4.11280000e-04  1.05803810e+00  4.11280000e-04  1.00000000e+00 
 4.12280000e-04  1.04735334e+00  4.12280000e-04  1.00000000e+00 
 4.13280000e-04  1.03662723e+00  4.13280000e-04  1.00000000e+00 
 4.14280000e-04  1.02586020e+00  4.14280000e-04  1.00000000e+00 
 4.15280000e-04  1.01505266e+00  4.15280000e-04  1.00000000e+00 
 4.16280000e-04  1.00420506e+00  4.16280000e-04  1.00000000e+00 
 4.17280000e-04  9.93317809e-01  4.17280000e-04  1.00000000e+00 
 4.18280000e-04  9.82391345e-01  4.18280000e-04  1.00000000e+00 
 4.19280000e-04  9.71426098e-01  4.19280000e-04  1.00000000e+00 
 4.20280000e-04  9.60422500e-01  4.20280000e-04  1.00000000e+00 
 4.21280000e-04  9.49380987e-01  4.21280000e-04  1.00000000e+00 
 4.22280000e-04  9.38301993e-01  4.22280000e-04  1.00000000e+00 
 4.23280000e-04  9.27185958e-01  4.23280000e-04  1.00000000e+00 
 4.24280000e-04  9.16033318e-01  4.24280000e-04  1.00000000e+00 
 4.25280000e-04  9.04844515e-01  4.25280000e-04  1.00000000e+00 
 4.26280000e-04  8.93619990e-01  4.26280000e-04  1.00000000e+00 
 4.27280000e-04  8.82360187e-01  4.27280000e-04  1.00000000e+00 
 4.28280000e-04  8.71065549e-01  4.28280000e-04  1.00000000e+00 
 4.29280000e-04  8.59736524e-01  4.29280000e-04  1.00000000e+00 
 4.30280000e-04  8.48373557e-01  4.30280000e-04  1.00000000e+00 
 4.31280000e-04  8.36977098e-01  4.31280000e-04  1.00000000e+00 
 4.32280000e-04  8.25547597e-01  4.32280000e-04  1.00000000e+00 
 4.33280000e-04  8.14085505e-01  4.33280000e-04  1.00000000e+00 
 4.34280000e-04  8.02591273e-01  4.34280000e-04  1.00000000e+00 
 4.35280000e-04  7.91065357e-01  4.35280000e-04  1.00000000e+00 
 4.36280000e-04  7.79508211e-01  4.36280000e-04  1.00000000e+00 
 4.37280000e-04  7.67920291e-01  4.37280000e-04  1.00000000e+00 
 4.38280000e-04  7.56302056e-01  4.38280000e-04  1.00000000e+00 
 4.39280000e-04  7.44653962e-01  4.39280000e-04  1.00000000e+00 
 4.40280000e-04  7.32976471e-01  4.40280000e-04  1.00000000e+00 
 4.41280000e-04  7.21270044e-01  4.41280000e-04  1.00000000e+00 
 4.42280000e-04  7.09535141e-01  4.42280000e-04  1.00000000e+00 
 4.43280000e-04  6.97772228e-01  4.43280000e-04  1.00000000e+00 
 4.44280000e-04  6.85981768e-01  4.44280000e-04  1.00000000e+00 
 4.45280000e-04  6.74164226e-01  4.45280000e-04  1.00000000e+00 
 4.46280000e-04  6.62320069e-01  4.46280000e-04  1.00000000e+00 
 4.47280000e-04  6.50449766e-01  4.47280000e-04  1.00000000e+00 
 4.48280000e-04  6.38553783e-01  4.48280000e-04  1.00000000e+00 
 4.49280000e-04  6.26632592e-01  4.49280000e-04  1.00000000e+00 
 4.50280000e-04  6.14686662e-01  4.50280000e-04  1.00000000e+00 
 4.51280000e-04  6.02716465e-01  4.51280000e-04  1.00000000e+00 
 4.52280000e-04  5.90722475e-01  4.52280000e-04  1.00000000e+00 
 4.53280000e-04  5.78705163e-01  4.53280000e-04  1.00000000e+00 
 4.54280000e-04  5.66665005e-01  4.54280000e-04  1.00000000e+00 
 4.55280000e-04  5.54602477e-01  4.55280000e-04  1.00000000e+00 
 4.56280000e-04  5.42518053e-01  4.56280000e-04  1.00000000e+00 
 4.57280000e-04  5.30412212e-01  4.57280000e-04  1.00000000e+00 
 4.58280000e-04  5.18285431e-01  4.58280000e-04  1.00000000e+00 
 4.59280000e-04  5.06138189e-01  4.59280000e-04  1.00000000e+00 
 4.60280000e-04  4.93970965e-01  4.60280000e-04  1.00000000e+00 
 4.61280000e-04  4.81784241e-01  4.61280000e-04  1.00000000e+00 
 4.62280000e-04  4.69578496e-01  4.62280000e-04  1.00000000e+00 
 4.63280000e-04  4.57354213e-01  4.63280000e-04  1.00000000e+00 
 4.64280000e-04  4.45111875e-01  4.64280000e-04  1.00000000e+00 
 4.65280000e-04  4.32851965e-01  4.65280000e-04  1.00000000e+00 
 4.66280000e-04  4.20574966e-01  4.66280000e-04  1.00000000e+00 
 4.67280000e-04  4.08281363e-01  4.67280000e-04  1.00000000e+00 
 4.68280000e-04  3.95971643e-01  4.68280000e-04  1.00000000e+00 
 4.69280000e-04  3.83646290e-01  4.69280000e-04  1.00000000e+00 
 4.70280000e-04  3.71305791e-01  4.70280000e-04  1.00000000e+00 
 4.71280000e-04  3.58950634e-01  4.71280000e-04  1.00000000e+00 
 4.72280000e-04  3.46581306e-01  4.72280000e-04  1.00000000e+00 
 4.73280000e-04  3.34198296e-01  4.73280000e-04  1.00000000e+00 
 4.74280000e-04  3.21802092e-01  4.74280000e-04  1.00000000e+00 
 4.75280000e-04  3.09393184e-01  4.75280000e-04  1.00000000e+00 
 4.76280000e-04  2.96972061e-01  4.76280000e-04  1.00000000e+00 
 4.77280000e-04  2.84539215e-01  4.77280000e-04  1.00000000e+00 
 4.78280000e-04  2.72095135e-01  4.78280000e-04  1.00000000e+00 
 4.79280000e-04  2.59640314e-01  4.79280000e-04  1.00000000e+00 
 4.80280000e-04  2.47175242e-01  4.80280000e-04  1.00000000e+00 
 4.81280000e-04  2.34700413e-01  4.81280000e-04  1.00000000e+00 
 4.82280000e-04  2.22216318e-01  4.82280000e-04  1.00000000e+00 
 4.83280000e-04  2.09723450e-01  4.83280000e-04  1.00000000e+00 
 4.84280000e-04  1.97222302e-01  4.84280000e-04  1.00000000e+00 
 4.85280000e-04  1.84713369e-01  4.85280000e-04  1.00000000e+00 
 4.86280000e-04  1.72197143e-01  4.86280000e-04  1.00000000e+00 
 4.87280000e-04  1.59674120e-01  4.87280000e-04  1.00000000e+00 
 4.88280000e-04  1.47144793e-01  4.88280000e-04  1.00000000e+00 
 4.89280000e-04  1.34609656e-01  4.89280000e-04  1.00000000e+00 
 4.90280000e-04  1.22069206e-01  4.90280000e-04  1.00000000e+00 
 4.91280000e-04  1.09523936e-01  4.91280000e-04  1.00000000e+00 
 4.92280000e-04  9.69743430e-02  4.92280000e-04  1.00000000e+00 
 4.93280000e-04  8.44209213e-02  4.93280000e-04  1.00000000e+00 
 4.94280000e-04  7.18641668e-02  4.94280000e-04  1.00000000e+00 
 4.95280000e-04  5.93045752e-02  4.95280000e-04  1.00000000e+00 
 4.96280000e-04  4.67426424e-02  4.96280000e-04  1.00000000e+00 
 4.97280000e-04  3.41788642e-02  4.97280000e-04  1.00000000e+00 
 4.98280000e-04  2.16137367e-02  4.98280000e-04  1.00000000e+00 
 4.99280000e-04  9.04775598e-03  4.99280000e-04  1.00000000e+00 
 5.00280000e-04 -3.51858196e-03  5.00280000e-04  2.00000000e+00 
 5.01280000e-04 -1.60847810e-02  5.01280000e-04  2.00000000e+00 
 5.02280000e-04 -2.86503450e-02  5.02280000e-04  2.00000000e+00 
 5.03280000e-04 -4.12147780e-02  5.03280000e-04  2.00000000e+00 
 5.04280000e-04 -5.37775839e-02  5.04280000e-04  2.00000000e+00 
 5.05280000e-04 -6.63382667e-02  5.05280000e-04  2.00000000e+00 
 5.06280000e-04 -7.88963306e-02  5.06280000e-04  2.00000000e+00 
 5.07280000e-04 -9.14512798e-02  5.07280000e-04  2.00000000e+00 
 5.08280000e-04 -1.04002619e-01  5.08280000e-04  2.00000000e+00 
 5.09280000e-04 -1.16549852e-01  5.09280000e-04  2.00000000e+00 
 5.10280000e-04 -1.29092484e-01  5.10280000e-04  2.00000000e+00 
 5.11280000e-04 -1.41630019e-01  5.11280000e-04  2.00000000e+00 
 5.12280000e-04 -1.54161963e-01  5.12280000e-04  2.00000000e+00 
 5.13280000e-04 -1.66687821e-01  5.13280000e-04  2.00000000e+00 
 5.14280000e-04 -1.79207099e-01  5.14280000e-04  2.00000000e+00 
 5.15280000e-04 -1.91719302e-01  5.15280000e-04  2.00000000e+00 
 5.16280000e-04 -2.04223936e-01  5.16280000e-04  2.00000000e+00 
 5.17280000e-04 -2.16720507e-01  5.17280000e-04  2.00000000e+00 
 5.18280000e-04 -2.29208523e-01  5.18280000e-04  2.00000000e+00 
 5.19280000e-04 -2.41687490e-01  5.19280000e-04  2.00000000e+00 
 5.20280000e-04 -2.54156916e-01  5.20280000e-04  2.00000000e+00 
 5.21280000e-04 -2.66616308e-01  5.21280000e-04  2.00000000e+00 
 5.22280000e-04 -2.79065175e-01  5.22280000e-04  2.00000000e+00 
 5.23280000e-04 -2.91503024e-01  5.23280000e-04  2.00000000e+00 
 5.24280000e-04 -3.03929365e-01  5.24280000e-04  2.00000000e+00 
 5.25280000e-04 -3.16343708e-01  5.25280000e-04  2.00000000e+00 
 5.26280000e-04 -3.28745562e-01  5.26280000e-04  2.00000000e+00 
 5.27280000e-04 -3.41134438e-01  5.27280000e-04  2.00000000e+00 
 5.28280000e-04 -3.53509847e-01  5.28280000e-04  2.00000000e+00 
 5.29280000e-04 -3.65871299e-01  5.29280000e-04  2.00000000e+00 
 5.30280000e-04 -3.78218307e-01  5.30280000e-04  2.00000000e+00 
 5.31280000e-04 -3.90550384e-01  5.31280000e-04  2.00000000e+00 
 5.32280000e-04 -4.02867043e-01  5.32280000e-04  2.00000000e+00 
 5.33280000e-04 -4.15167797e-01  5.33280000e-04  2.00000000e+00 
 5.34280000e-04 -4.27452162e-01  5.34280000e-04  2.00000000e+00 
 5.35280000e-04 -4.39719651e-01  5.35280000e-04  2.00000000e+00 
 5.36280000e-04 -4.51969780e-01  5.36280000e-04  2.00000000e+00 
 5.37280000e-04 -4.64202067e-01  5.37280000e-04  2.00000000e+00 
 5.38280000e-04 -4.76416028e-01  5.38280000e-04  2.00000000e+00 
 5.39280000e-04 -4.88611181e-01  5.39280000e-04  2.00000000e+00 
 5.40280000e-04 -5.00787044e-01  5.40280000e-04  2.00000000e+00 
 5.41280000e-04 -5.12943137e-01  5.41280000e-04  2.00000000e+00 
 5.42280000e-04 -5.25078980e-01  5.42280000e-04  2.00000000e+00 
 5.43280000e-04 -5.37194093e-01  5.43280000e-04  2.00000000e+00 
 5.44280000e-04 -5.49287999e-01  5.44280000e-04  2.00000000e+00 
 5.45280000e-04 -5.61360221e-01  5.45280000e-04  2.00000000e+00 
 5.46280000e-04 -5.73410280e-01  5.46280000e-04  2.00000000e+00 
 5.47280000e-04 -5.85437703e-01  5.47280000e-04  2.00000000e+00 
 5.48280000e-04 -5.97442013e-01  5.48280000e-04  2.00000000e+00 
 5.49280000e-04 -6.09422737e-01  5.49280000e-04  2.00000000e+00 
 5.50280000e-04 -6.21379403e-01  5.50280000e-04  2.00000000e+00 
 5.51280000e-04 -6.33311537e-01  5.51280000e-04  2.00000000e+00 
 5.52280000e-04 -6.45218669e-01  5.52280000e-04  2.00000000e+00 
 5.53280000e-04 -6.57100329e-01  5.53280000e-04  2.00000000e+00 
 5.54280000e-04 -6.68956048e-01  5.54280000e-04  2.00000000e+00 
 5.55280000e-04 -6.80785358e-01  5.55280000e-04  2.00000000e+00 
 5.56280000e-04 -6.92587792e-01  5.56280000e-04  2.00000000e+00 
 5.57280000e-04 -7.04362883e-01  5.57280000e-04  2.00000000e+00 
 5.58280000e-04 -7.16110167e-01  5.58280000e-04  2.00000000e+00 
 5.59280000e-04 -7.27829181e-01  5.59280000e-04  2.00000000e+00 
 5.60280000e-04 -7.39519461e-01  5.60280000e-04  2.00000000e+00 
 5.61280000e-04 -7.51180546e-01  5.61280000e-04  2.00000000e+00 
 5.62280000e-04 -7.62811976e-01  5.62280000e-04  2.00000000e+00 
 5.63280000e-04 -7.74413291e-01  5.63280000e-04  2.00000000e+00 
 5.64280000e-04 -7.85984034e-01  5.64280000e-04  2.00000000e+00 
 5.65280000e-04 -7.97523747e-01  5.65280000e-04  2.00000000e+00 
 5.66280000e-04 -8.09031975e-01  5.66280000e-04  2.00000000e+00 
 5.67280000e-04 -8.20508265e-01  5.67280000e-04  2.00000000e+00 
 5.68280000e-04 -8.31952162e-01  5.68280000e-04  2.00000000e+00 
 5.69280000e-04 -8.43363215e-01  5.69280000e-04  2.00000000e+00 
 5.70280000e-04 -8.54740973e-01  5.70280000e-04  2.00000000e+00 
 5.71280000e-04 -8.66084988e-01  5.71280000e-04  2.00000000e+00 
 5.72280000e-04 -8.77394811e-01  5.72280000e-04  2.00000000e+00 
 5.73280000e-04 -8.88669997e-01  5.73280000e-04  2.00000000e+00 
 5.74280000e-04 -8.99910099e-01  5.74280000e-04  2.00000000e+00 
 5.75280000e-04 -9.11114674e-01  5.75280000e-04  2.00000000e+00 
 5.76280000e-04 -9.22283280e-01  5.76280000e-04  2.00000000e+00 
 5.77280000e-04 -9.33415475e-01  5.77280000e-04  2.00000000e+00 
 5.78280000e-04 -9.44510821e-01  5.78280000e-04  2.00000000e+00 
 5.79280000e-04 -9.55568880e-01  5.79280000e-04  2.00000000e+00 
 5.80280000e-04 -9.66589214e-01  5.80280000e-04  2.00000000e+00 
 5.81280000e-04 -9.77571389e-01  5.81280000e-04  2.00000000e+00 
 5.82280000e-04 -9.88514971e-01  5.82280000e-04  2.00000000e+00 
 5.83280000e-04 -9.99419528e-01  5.83280000e-04  2.00000000e+00 
 5.84280000e-04 -1.01028463e+00  5.84280000e-04  2.00000000e+00 
 5.85280000e-04 -1.02110985e+00  5.85280000e-04  2.00000000e+00 
 5.86280000e-04 -1.03189475e+00  5.86280000e-04  2.00000000e+00 
 5.87280000e-04 -1.04263892e+00  5.87280000e-04  2.00000000e+00 
 5.88280000e-04 -1.05334193e+00  5.88280000e-04  2.00000000e+00 
 5.89280000e-04 -1.06400335e+00  5.89280000e-04  2.00000000e+00 
 5.90280000e-04 -1.07462277e+00  5.90280000e-04  2.00000000e+00 
 5.91280000e-04 -1.08519976e+00  5.91280000e-04  2.00000000e+00 
 5.92280000e-04 -1.09573391e+00  5.92280000e-04  2.00000000e+00 
 5.93280000e-04 -1.10622481e+00  5.93280000e-04  2.00000000e+00 
 5.94280000e-04 -1.11667203e+00  5.94280000e-04  2.00000000e+00 
 5.95280000e-04 -1.12707517e+00  5.95280000e-04  2.00000000e+00 
 5.96280000e-04 -1.13743381e+00  5.96280000e-04  2.00000000e+00 
 5.97280000e-04 -1.14774755e+00  5.97280000e-04  2.00000000e+00 
 5.98280000e-04 -1.15801598e+00  5.98280000e-04  2.00000000e+00 
 5.99280000e-04 -1.16823869e+00  5.99280000e-04  2.00000000e+00 
 6.00280000e-04 -1.17841528e+00  6.00280000e-04  2.00000000e+00 
 6.01280000e-04 -1.18854535e+00  6.01280000e-04  2.00000000e+00 
 6.02280000e-04 -1.19862849e+00  6.02280000e-04  2.00000000e+00 
 6.03280000e-04 -1.20866432e+00  6.03280000e-04  2.00000000e+00 
 6.04280000e-04 -1.21865243e+00  6.04280000e-04  2.00000000e+00 
 6.05280000e-04 -1.22859244e+00  6.05280000e-04  2.00000000e+00 
 6.06280000e-04 -1.23848393e+00  6.06280000e-04  2.00000000e+00 
 6.07280000e-04 -1.24832654e+00  6.07280000e-04  2.00000000e+00 
 6.08280000e-04 -1.25811986e+00  6.08280000e-04  2.00000000e+00 
 6.09280000e-04 -1.26786352e+00  6.09280000e-04  2.00000000e+00 
 6.10280000e-04 -1.27755712e+00  6.10280000e-04  2.00000000e+00 
 6.11280000e-04 -1.28720029e+00  6.11280000e-04  2.00000000e+00 
 6.12280000e-04 -1.29679264e+00  6.12280000e-04  2.00000000e+00 
 6.13280000e-04 -1.30633379e+00  6.13280000e-04  2.00000000e+00 
 6.14280000e-04 -1.31582337e+00  6.14280000e-04  2.00000000e+00 
 6.15280000e-04 -1.32526101e+00  6.15280000e-04  2.00000000e+00 
 6.16280000e-04 -1.33464633e+00  6.16280000e-04  2.00000000e+00 
 6.17280000e-04 -1.34397896e+00  6.17280000e-04  2.00000000e+00 
 6.18280000e-04 -1.35325853e+00  6.18280000e-04  2.00000000e+00 
 6.19280000e-04 -1.36248467e+00  6.19280000e-04  2.00000000e+00 
 6.20280000e-04 -1.37165703e+00  6.20280000e-04  2.00000000e+00 
 6.21280000e-04 -1.38077524e+00  6.21280000e-04  2.00000000e+00 
 6.22280000e-04 -1.38983893e+00  6.22280000e-04  2.00000000e+00 
 6.23280000e-04 -1.39884776e+00  6.23280000e-04  2.00000000e+00 
 6.24280000e-04 -1.40780136e+00  6.24280000e-04  2.00000000e+00 
 6.25280000e-04 -1.41669939e+00  6.25280000e-04  2.00000000e+00 
 6.26280000e-04 -1.42554148e+00  6.26280000e-04  2.00000000e+00 
 6.27280000e-04 -1.43432730e+00  6.27280000e-04  2.00000000e+00 
 6.28280000e-04 -1.44305650e+00  6.28280000e-04  2.00000000e+00 
 6.29280000e-04 -1.45172872e+00  6.29280000e-04  2.00000000e+00 
 6.30280000e-04 -1.46034363e+00  6.30280000e-04  2.00000000e+00 
 6.31280000e-04 -1.46890089e+00  6.31280000e-04  2.00000000e+00 
 6.32280000e-04 -1.47740017e+00  6.32280000e-04  2.00000000e+00 
 6.33280000e-04 -1.48584111e+00  6.33280000e-04  2.00000000e+00 
 6.34280000e-04 -1.49422340e+00  6.34280000e-04  2.00000000e+00 
 6.35280000e-04 -1.50254670e+00  6.35280000e-04  2.00000000e+00 
 6.36280000e-04 -1.51081068e+00  6.36280000e-04  2.00000000e+00 
 6.37280000e-04 -1.51901501e+00  6.37280000e-04  2.00000000e+00 
 6.38280000e-04 -1.52715938e+00  6.38280000e-04  2.00000000e+00 
 6.39280000e-04 -1.53524346e+00  6.39280000e-04  2.00000000e+00 
 6.40280000e-04 -1.54326693e+00  6.40280000e-04  2.00000000e+00 
 6.41280000e-04 -1.55122947e+00  6.41280000e-04  2.00000000e+00 
 6.42280000e-04 -1.55913078e+00  6.42280000e-04  2.00000000e+00 
 6.43280000e-04 -1.56697053e+00  6.43280000e-04  2.00000000e+00 
 6.44280000e-04 -1.57474842e+00  6.44280000e-04  2.00000000e+00 
 6.45280000e-04 -1.58246414e+00  6.45280000e-04  2.00000000e+00 
 6.46280000e-04 -1.59011739e+00  6.46280000e-04  2.00000000e+00 
 6.47280000e-04 -1.59770787e+00  6.47280000e-04  2.00000000e+00 
 6.48280000e-04 -1.60523527e+00  6.48280000e-04  2.00000000e+00 
 6.49280000e-04 -1.61269929e+00  6.49280000e-04  2.00000000e+00 
 6.50280000e-04 -1.62009966e+00  6.50280000e-04  2.00000000e+00 
 6.51280000e-04 -1.62743606e+00  6.51280000e-04  2.00000000e+00 
 6.52280000e-04 -1.63470821e+00  6.52280000e-04  2.00000000e+00 
 6.53280000e-04 -1.64191583e+00  6.53280000e-04  2.00000000e+00 
 6.54280000e-04 -1.64905863e+00  6.54280000e-04  2.00000000e+00 
 6.55280000e-04 -1.65613633e+00  6.55280000e-04  2.00000000e+00 
 6.56280000e-04 -1.66314864e+00  6.56280000e-04  2.00000000e+00 
 6.57280000e-04 -1.67009530e+00  6.57280000e-04  2.00000000e+00 
 6.58280000e-04 -1.67697602e+00  6.58280000e-04  2.00000000e+00 
 6.59280000e-04 -1.68379054e+00  6.59280000e-04  2.00000000e+00 
 6.60280000e-04 -1.69053859e+00  6.60280000e-04  2.00000000e+00 
 6.61280000e-04 -1.69721990e+00  6.61280000e-04  2.00000000e+00 
 6.62280000e-04 -1.70383420e+00  6.62280000e-04  2.00000000e+00 
 6.63280000e-04 -1.71038124e+00  6.63280000e-04  2.00000000e+00 
 6.64280000e-04 -1.71686076e+00  6.64280000e-04  2.00000000e+00 
 6.65280000e-04 -1.72327249e+00  6.65280000e-04  2.00000000e+00 
 6.66280000e-04 -1.72961620e+00  6.66280000e-04  2.00000000e+00 
 6.67280000e-04 -1.73589162e+00  6.67280000e-04  2.00000000e+00 
 6.68280000e-04 -1.74209852e+00  6.68280000e-04  2.00000000e+00 
 6.69280000e-04 -1.74823664e+00  6.69280000e-04  2.00000000e+00 
 6.70280000e-04 -1.75430574e+00  6.70280000e-04  2.00000000e+00 
 6.71280000e-04 -1.76030558e+00  6.71280000e-04  2.00000000e+00 
 6.72280000e-04 -1.76623593e+00  6.72280000e-04  2.00000000e+00 
 6.73280000e-04 -1.77209655e+00  6.73280000e-04  2.00000000e+00 
 6.74280000e-04 -1.77788722e+00  6.74280000e-04  2.00000000e+00 
 6.75280000e-04 -1.78360769e+00  6.75280000e-04  2.00000000e+00 
 6.76280000e-04 -1.78925775e+00  6.76280000e-04  2.00000000e+00 
 6.77280000e-04 -1.79483718e+00  6.77280000e-04  2.00000000e+00 
 6.78280000e-04 -1.80034575e+00  6.78280000e-04  2.00000000e+00 
 6.79280000e-04 -1.80578324e+00  6.79280000e-04  2.00000000e+00 
 6.80280000e-04 -1.81114944e+00  6.80280000e-04  2.00000000e+00 
 6.81280000e-04 -1.81644415e+00  6.81280000e-04  2.00000000e+00 
 6.82280000e-04 -1.82166714e+00  6.82280000e-04  2.00000000e+00 
 6.83280000e-04 -1.82681822e+00  6.83280000e-04  2.00000000e+00 
 6.84280000e-04 -1.83189717e+00  6.84280000e-04  2.00000000e+00 
 6.85280000e-04 -1.83690381e+00  6.85280000e-04  2.00000000e+00 
 6.86280000e-04 -1.84183793e+00  6.86280000e-04  2.00000000e+00 
 6.87280000e-04 -1.84669933e+00  6.87280000e-04  2.00000000e+00 
 6.88280000e-04 -1.85148783e+00  6.88280000e-04  2.00000000e+00 
 6.89280000e-04 -1.85620324e+00  6.89280000e-04  2.00000000e+00 
 6.90280000e-04 -1.86084537e+00  6.90280000e-04  2.00000000e+00 
 6.91280000e-04 -1.86541404e+00  6.91280000e-04  2.00000000e+00 
 6.92280000e-04 -1.86990906e+00  6.92280000e-04  2.00000000e+00 
 6.93280000e-04 -1.87433026e+00  6.93280000e-04  2.00000000e+00 
 6.94280000e-04 -1.87867746e+00  6.94280000e-04  2.00000000e+00 
 6.95280000e-04 -1.88295050e+00  6.95280000e-04  2.00000000e+00 
 6.96280000e-04 -1.88714921e+00  6.96280000e-04  2.00000000e+00 
 6.97280000e-04 -1.89127341e+00  6.97280000e-04  2.00000000e+00 
 6.98280000e-04 -1.89532295e+00  6.98280000e-04  2.00000000e+00 
 6.99280000e-04 -1.89929766e+00  6.99280000e-04  2.00000000e+00 
 7.00280000e-04 -1.90319739e+00  7.00280000e-04  2.00000000e+00 
 7.01280000e-04 -1.90702199e+00  7.01280000e-04  2.00000000e+00 
 7.02280000e-04 -1.91077130e+00  7.02280000e-04  2.00000000e+00 
 7.03280000e-04 -1.91444518e+00  7.03280000e-04  2.00000000e+00 
 7.04280000e-04 -1.91804347e+00  7.04280000e-04  2.00000000e+00 
 7.05280000e-04 -1.92156605e+00  7.05280000e-04  2.00000000e+00 
 7.06280000e-04 -1.92501277e+00  7.06280000e-04  2.00000000e+00 
 7.07280000e-04 -1.92838349e+00  7.07280000e-04  2.00000000e+00 
 7.08280000e-04 -1.93167808e+00  7.08280000e-04  2.00000000e+00 
 7.09280000e-04 -1.93489641e+00  7.09280000e-04  2.00000000e+00 
 7.10280000e-04 -1.93803836e+00  7.10280000e-04  2.00000000e+00 
 7.11280000e-04 -1.94110380e+00  7.11280000e-04  2.00000000e+00 
 7.12280000e-04 -1.94409260e+00  7.12280000e-04  2.00000000e+00 
 7.13280000e-04 -1.94700465e+00  7.13280000e-04  2.00000000e+00 
 7.14280000e-04 -1.94983984e+00  7.14280000e-04  2.00000000e+00 
 7.15280000e-04 -1.95259806e+00  7.15280000e-04  2.00000000e+00 
 7.16280000e-04 -1.95527919e+00  7.16280000e-04  2.00000000e+00 
 7.17280000e-04 -1.95788312e+00  7.17280000e-04  2.00000000e+00 
 7.18280000e-04 -1.96040977e+00  7.18280000e-04  2.00000000e+00 
 7.19280000e-04 -1.96285902e+00  7.19280000e-04  2.00000000e+00 
 7.20280000e-04 -1.96523078e+00  7.20280000e-04  2.00000000e+00 
 7.21280000e-04 -1.96752495e+00  7.21280000e-04  2.00000000e+00 
 7.22280000e-04 -1.96974145e+00  7.22280000e-04  2.00000000e+00 
 7.23280000e-04 -1.97188019e+00  7.23280000e-04  2.00000000e+00 
 7.24280000e-04 -1.97394109e+00  7.24280000e-04  2.00000000e+00 
 7.25280000e-04 -1.97592405e+00  7.25280000e-04  2.00000000e+00 
 7.26280000e-04 -1.97782901e+00  7.26280000e-04  2.00000000e+00 
 7.27280000e-04 -1.97965589e+00  7.27280000e-04  2.00000000e+00 
 7.28280000e-04 -1.98140461e+00  7.28280000e-04  2.00000000e+00 
 7.29280000e-04 -1.98307511e+00  7.29280000e-04  2.00000000e+00 
 7.30280000e-04 -1.98466733e+00  7.30280000e-04  2.00000000e+00 
 7.31280000e-04 -1.98618119e+00  7.31280000e-04  2.00000000e+00 
 7.32280000e-04 -1.98761664e+00  7.32280000e-04  2.00000000e+00 
 7.33280000e-04 -1.98897362e+00  7.33280000e-04  2.00000000e+00 
 7.34280000e-04 -1.99025209e+00  7.34280000e-04  2.00000000e+00 
 7.35280000e-04 -1.99145198e+00  7.35280000e-04  2.00000000e+00 
 7.36280000e-04 -1.99257325e+00  7.36280000e-04  2.00000000e+00 
 7.37280000e-04 -1.99361585e+00  7.37280000e-04  2.00000000e+00 
 7.38280000e-04 -1.99457976e+00  7.38280000e-04  2.00000000e+00 
 7.39280000e-04 -1.99546492e+00  7.39280000e-04  2.00000000e+00 
 7.40280000e-04 -1.99627130e+00  7.40280000e-04  2.00000000e+00 
 7.41280000e-04 -1.99699888e+00  7.41280000e-04  2.00000000e+00 
 7.42280000e-04 -1.99764761e+00  7.42280000e-04  2.00000000e+00 
 7.43280000e-04 -1.99821748e+00  7.43280000e-04  2.00000000e+00 
 7.44280000e-04 -1.99870847e+00  7.44280000e-04  2.00000000e+00 
 7.45280000e-04 -1.99912055e+00  7.45280000e-04  2.00000000e+00 
 7.46280000e-04 -1.99945371e+00  7.46280000e-04  2.00000000e+00 
 7.47280000e-04 -1.99970793e+00  7.47280000e-04  2.00000000e+00 
 7.48280000e-04 -1.99988321e+00  7.48280000e-04  2.00000000e+00 
 7.49280000e-04 -1.99997953e+00  7.49280000e-04  2.00000000e+00 
 7.50280000e-04 -1.99999690e+00  7.50280000e-04  2.00000000e+00 
 7.51280000e-04 -1.99993532e+00  7.51280000e-04  2.00000000e+00 
 7.52280000e-04 -1.99979478e+00  7.52280000e-04  2.00000000e+00 
 7.53280000e-04 -1.99957529e+00  7.53280000e-04  2.00000000e+00 
 7.54280000e-04 -1.99927686e+00  7.54280000e-04  2.00000000e+00 
 7.55280000e-04 -1.99889951e+00  7.55280000e-04  2.00000000e+00 
 7.56280000e-04 -1.99844324e+00  7.56280000e-04  2.00000000e+00 
 7.57280000e-04 -1.99790807e+00  7.57280000e-04  2.00000000e+00 
 7.58280000e-04 -1.99729403e+00  7.58280000e-04  2.00000000e+00 
 7.59280000e-04 -1.99660114e+00  7.59280000e-04  2.00000000e+00 
 7.60280000e-04 -1.99582943e+00  7.60280000e-04  2.00000000e+00 
 7.61280000e-04 -1.99497893e+00  7.61280000e-04  2.00000000e+00 
 7.62280000e-04 -1.99404967e+00  7.62280000e-04  2.00000000e+00 
 7.63280000e-04 -1.99304169e+00  7.63280000e-04  2.00000000e+00 
 7.64280000e-04 -1.99195502e+00  7.64280000e-04  2.00000000e+00 
 7.65280000e-04 -1.99078972e+00  7.65280000e-04  2.00000000e+00 
 7.66280000e-04 -1.98954582e+00  7.66280000e-04  2.00000000e+00 
 7.67280000e-04 -1.98822338e+00  7.67280000e-04  2.00000000e+00 
 7.68280000e-04 -1.98682245e+00  7.68280000e-04  2.00000000e+00 
 7.69280000e-04 -1.98534308e+00  7.69280000e-04  2.00000000e+00 
 7.70280000e-04 -1.98378534e+00  7.70280000e-04  2.00000000e+00 
 7.71280000e-04 -1.98214927e+00  7.71280000e-04  2.00000000e+00 
 7.72280000e-04 -1.98043496e+00  7.72280000e-04  2.00000000e+00 
 7.73280000e-04 -1.97864246e+00  7.73280000e-04  2.00000000e+00 
 7.74280000e-04 -1.97677185e+00  7.74280000e-04  2.00000000e+00 
 7.75280000e-04 -1.97482320e+00  7.75280000e-04  2.00000000e+00 
 7.76280000e-04 -1.97279658e+00  7.76280000e-04  2.00000000e+00 
 7.77280000e-04 -1.97069209e+00  7.77280000e-04  2.00000000e+00 
 7.78280000e-04 -1.96850979e+00  7.78280000e-04  2.00000000e+00 
 7.79280000e-04 -1.96624978e+00  7.79280000e-04  2.00000000e+00 
 7.80280000e-04 -1.96391214e+00  7.80280000e-04  2.00000000e+00 
 7.81280000e-04 -1.96149698e+00  7.81280000e-04  2.00000000e+00 
 7.82280000e-04 -1.95900438e+00  7.82280000e-04  2.00000000e+00 
 7.83280000e-04 -1.95643444e+00  7.83280000e-04  2.00000000e+00 
 7.84280000e-04 -1.95378726e+00  7.84280000e-04  2.00000000e+00 
 7.85280000e-04 -1.95106295e+00  7.85280000e-04  2.00000000e+00 
 7.86280000e-04 -1.94826161e+00  7.86280000e-04  2.00000000e+00 
 7.87280000e-04 -1.94538337e+00  7.87280000e-04  2.00000000e+00 
 7.88280000e-04 -1.94242832e+00  7.88280000e-04  2.00000000e+00 
 7.89280000e-04 -1.93939659e+00  7.89280000e-04  2.00000000e+00 
 7.90280000e-04 -1.93628829e+00  7.90280000e-04  2.00000000e+00 
 7.91280000e-04 -1.93310355e+00  7.91280000e-04  2.00000000e+00 
 7.92280000e-04 -1.92984250e+00  7.92280000e-04  2.00000000e+00 
 7.93280000e-04 -1.92650526e+00  7.93280000e-04  2.00000000e+00 
 7.94280000e-04 -1.92309196e+00  7.94280000e-04  2.00000000e+00 
 7.95280000e-04 -1.91960275e+00  7.95280000e-04  2.00000000e+00 
 7.96280000e-04 -1.91603775e+00  7.96280000e-04  2.00000000e+00 
 7.97280000e-04 -1.91239711e+00  7.97280000e-04  2.00000000e+00 
 7.98280000e-04 -1.90868097e+00  7.98280000e-04  2.00000000e+00 
 7.99280000e-04 -1.90488948e+00  7.99280000e-04  2.00000000e+00 
 8.00280000e-04 -1.90102279e+00  8.00280000e-04  2.00000000e+00 
 8.01280000e-04 -1.89708105e+00  8.01280000e-04  2.00000000e+00 
 8.02280000e-04 -1.89306441e+00  8.02280000e-04  2.00000000e+00 
 8.03280000e-04 -1.88897304e+00  8.03280000e-04  2.00000000e+00 
 8.04280000e-04 -1.88480710e+00  8.04280000e-04  2.00000000e+00 
 8.05280000e-04 -1.88056675e+00  8.05280000e-04  2.00000000e+00 
 8.06280000e-04 -1.87625216e+00  8.06280000e-04  2.00000000e+00 
 8.07280000e-04 -1.87186349e+00  8.07280000e-04  2.00000000e+00 
 8.08280000e-04 -1.86740093e+00  8.08280000e-04  2.00000000e+00 
 8.09280000e-04 -1.86286464e+00  8.09280000e-04  2.00000000e+00 
 8.10280000e-04 -1.85825482e+00  8.10280000e-04  2.00000000e+00 
 8.11280000e-04 -1.85357163e+00  8.11280000e-04  2.00000000e+00 
 8.12280000e-04 -1.84881527e+00  8.12280000e-04  2.00000000e+00 
 8.13280000e-04 -1.84398592e+00  8.13280000e-04  2.00000000e+00 
 8.14280000e-04 -1.83908377e+00  8.14280000e-04  2.00000000e+00 
 8.15280000e-04 -1.83410901e+00  8.15280000e-04  2.00000000e+00 
 8.16280000e-04 -1.82906185e+00  8.16280000e-04  2.00000000e+00 
 8.17280000e-04 -1.82394248e+00  8.17280000e-04  2.00000000e+00 
 8.18280000e-04 -1.81875111e+00  8.18280000e-04  2.00000000e+00 
 8.19280000e-04 -1.81348793e+00  8.19280000e-04  2.00000000e+00 
 8.20280000e-04 -1.80815317e+00  8.20280000e-04  2.00000000e+00 
 8.21280000e-04 -1.80274701e+00  8.21280000e-04  2.00000000e+00 
 8.22280000e-04 -1.79726969e+00  8.22280000e-04  2.00000000e+00 
 8.23280000e-04 -1.79172142e+00  8.23280000e-04  2.00000000e+00 
 8.24280000e-04 -1.78610241e+00  8.24280000e-04  2.00000000e+00 
 8.25280000e-04 -1.78041289e+00  8.25280000e-04  2.00000000e+00 
 8.26280000e-04 -1.77465308e+00  8.26280000e-04  2.00000000e+00 
 8.27280000e-04 -1.76882321e+00  8.27280000e-04  2.00000000e+00 
 8.28280000e-04 -1.76292351e+00  8.28280000e-04  2.00000000e+00 
 8.29280000e-04 -1.75695422e+00  8.29280000e-04  2.00000000e+00 
 8.30280000e-04 -1.75091556e+00  8.30280000e-04  2.00000000e+00 
 8.31280000e-04 -1.74480778e+00  8.31280000e-04  2.00000000e+00 
 8.32280000e-04 -1.73863111e+00  8.32280000e-04  2.00000000e+00 
 8.33280000e-04 -1.73238581e+00  8.33280000e-04  2.00000000e+00 
 8.34280000e-04 -1.72607212e+00  8.34280000e-04  2.00000000e+00 
 8.35280000e-04 -1.71969029e+00  8.35280000e-04  2.00000000e+00 
 8.36280000e-04 -1.71324056e+00  8.36280000e-04  2.00000000e+00 
 8.37280000e-04 -1.70672320e+00  8.37280000e-04  2.00000000e+00 
 8.38280000e-04 -1.70013846e+00  8.38280000e-04  2.00000000e+00 
 8.39280000e-04 -1.69348660e+00  8.39280000e-04  2.00000000e+00 
 8.40280000e-04 -1.68676789e+00  8.40280000e-04  2.00000000e+00 
 8.41280000e-04 -1.67998258e+00  8.41280000e-04  2.00000000e+00 
 8.42280000e-04 -1.67313095e+00  8.42280000e-04  2.00000000e+00 
 8.43280000e-04 -1.66621327e+00  8.43280000e-04  2.00000000e+00 
 8.44280000e-04 -1.65922982e+00  8.44280000e-04  2.00000000e+00 
 8.45280000e-04 -1.65218085e+00  8.45280000e-04  2.00000000e+00 
 8.46280000e-04 -1.64506666e+00  8.46280000e-04  2.00000000e+00 
 8.47280000e-04 -1.63788753e+00  8.47280000e-04  2.00000000e+00 
 8.48280000e-04 -1.63064374e+00  8.48280000e-04  2.00000000e+00 
 8.49280000e-04 -1.62333557e+00  8.49280000e-04  2.00000000e+00 
 8.50280000e-04 -1.61596331e+00  8.50280000e-04  2.00000000e+00 
 8.51280000e-04 -1.60852726e+00  8.51280000e-04  2.00000000e+00 
 8.52280000e-04 -1.60102771e+00  8.52280000e-04  2.00000000e+00 
 8.53280000e-04 -1.59346495e+00  8.53280000e-04  2.00000000e+00 
 8.54280000e-04 -1.58583929e+00  8.54280000e-04  2.00000000e+00 
 8.55280000e-04 -1.57815102e+00  8.55280000e-04  2.00000000e+00 
 8.56280000e-04 -1.57040044e+00  8.56280000e-04  2.00000000e+00 
 8.57280000e-04 -1.56258787e+00  8.57280000e-04  2.00000000e+00 
 8.58280000e-04 -1.55471361e+00  8.58280000e-04  2.00000000e+00 
 8.59280000e-04 -1.54677797e+00  8.59280000e-04  2.00000000e+00 
 8.60280000e-04 -1.53878127e+00  8.60280000e-04  2.00000000e+00 
 8.61280000e-04 -1.53072382e+00  8.61280000e-04  2.00000000e+00 
 8.62280000e-04 -1.52260594e+00  8.62280000e-04  2.00000000e+00 
 8.63280000e-04 -1.51442795e+00  8.63280000e-04  2.00000000e+00 
 8.64280000e-04 -1.50619018e+00  8.64280000e-04  2.00000000e+00 
 8.65280000e-04 -1.49789294e+00  8.65280000e-04  2.00000000e+00 
 8.66280000e-04 -1.48953656e+00  8.66280000e-04  2.00000000e+00 
 8.67280000e-04 -1.48112139e+00  8.67280000e-04  2.00000000e+00 
 8.68280000e-04 -1.47264774e+00  8.68280000e-04  2.00000000e+00 
 8.69280000e-04 -1.46411595e+00  8.69280000e-04  2.00000000e+00 
 8.70280000e-04 -1.45552636e+00  8.70280000e-04  2.00000000e+00 
 8.71280000e-04 -1.44687931e+00  8.71280000e-04  2.00000000e+00 
 8.72280000e-04 -1.43817514e+00  8.72280000e-04  2.00000000e+00 
 8.73280000e-04 -1.42941420e+00  8.73280000e-04  2.00000000e+00 
 8.74280000e-04 -1.42059682e+00  8.74280000e-04  2.00000000e+00 
 8.75280000e-04 -1.41172336e+00  8.75280000e-04  2.00000000e+00 
 8.76280000e-04 -1.40279417e+00  8.76280000e-04  2.00000000e+00 
 8.77280000e-04 -1.39380960e+00  8.77280000e-04  2.00000000e+00 
 8.78280000e-04 -1.38477000e+00  8.78280000e-04  2.00000000e+00 
 8.79280000e-04 -1.37567573e+00  8.79280000e-04  2.00000000e+00 
 8.80280000e-04 -1.36652716e+00  8.80280000e-04  2.00000000e+00 
 8.81280000e-04 -1.35732463e+00  8.81280000e-04  2.00000000e+00 
 8.82280000e-04 -1.34806853e+00  8.82280000e-04  2.00000000e+00 
 8.83280000e-04 -1.33875920e+00  8.83280000e-04  2.00000000e+00 
 8.84280000e-04 -1.32939702e+00  8.84280000e-04  2.00000000e+00 
 8.85280000e-04 -1.31998236e+00  8.85280000e-04  2.00000000e+00 
 8.86280000e-04 -1.31051558e+00  8.86280000e-04  2.00000000e+00 
 8.87280000e-04 -1.30099707e+00  8.87280000e-04  2.00000000e+00 
 8.88280000e-04 -1.29142720e+00  8.88280000e-04  2.00000000e+00 
 8.89280000e-04 -1.28180635e+00  8.89280000e-04  2.00000000e+00 
 8.90280000e-04 -1.27213489e+00  8.90280000e-04  2.00000000e+00 
 8.91280000e-04 -1.26241321e+00  8.91280000e-04  2.00000000e+00 
 8.92280000e-04 -1.25264170e+00  8.92280000e-04  2.00000000e+00 
 8.93280000e-04 -1.24282073e+00  8.93280000e-04  2.00000000e+00 
 8.94280000e-04 -1.23295069e+00  8.94280000e-04  2.00000000e+00 
 8.95280000e-04 -1.22303199e+00  8.95280000e-04  2.00000000e+00 
 8.96280000e-04 -1.21306499e+00  8.96280000e-04  2.00000000e+00 
 8.97280000e-04 -1.20305011e+00  8.97280000e-04  2.00000000e+00 
 8.98280000e-04 -1.19298774e+00  8.98280000e-04  2.00000000e+00 
 8.99280000e-04 -1.18287826e+00  8.99280000e-04  2.00000000e+00 
 9.00280000e-04 -1.17272209e+00  9.00280000e-04  2.00000000e+00 
 9.01280000e-04 -1.16251962e+00  9.01280000e-04  2.00000000e+00 
 9.02280000e-04 -1.15227126e+00  9.02280000e-04  2.00000000e+00 
 9.03280000e-04 -1.14197741e+00  9.03280000e-04  2.00000000e+00 
 9.04280000e-04 -1.13163848e+00  9.04280000e-04  2.00000000e+00 
 9.05280000e-04 -1.12125487e+00  9.05280000e-04  2.00000000e+00 
 9.06280000e-04 -1.11082699e+00  9.06280000e-04  2.00000000e+00 
 9.07280000e-04 -1.10035526e+00  9.07280000e-04  2.00000000e+00 
 9.08280000e-04 -1.08984009e+00  9.08280000e-04  2.00000000e+00 
 9.09280000e-04 -1.07928190e+00  9.09280000e-04  2.00000000e+00 
 9.10280000e-04 -1.06868109e+00  9.10280000e-04  2.00000000e+00 
 9.11280000e-04 -1.05803810e+00  9.11280000e-04  2.00000000e+00 
 9.12280000e-04 -1.04735334e+00  9.12280000e-04  2.00000000e+00 
 9.13280000e-04 -1.03662723e+00  9.13280000e-04  2.00000000e+00 
 9.14280000e-04 -1.02586020e+00  9.14280000e-04  2.00000000e+00 
 9.15280000e-04 -1.01505266e+00  9.15280000e-04  2.00000000e+00 
 9.16280000e-04 -1.00420506e+00  9.16280000e-04  2.00000000e+00 
 9.17280000e-04 -9.93317809e-01  9.17280000e-04  2.00000000e+00 
 9.18280000e-04 -9.82391345e-01  9.18280000e-04  2.00000000e+00 
 9.19280000e-04 -9.71426098e-01  9.19280000e-04  2.00000000e+00 
 9.20280000e-04 -9.60422500e-01  9.20280000e-04  2.00000000e+00 
 9.21280000e-04 -9.49380987e-01  9.21280000e-04  2.00000000e+00 
 9.22280000e-04 -9.38301993e-01  9.22280000e-04  2.00000000e+00 
 9.23280000e-04 -9.27185958e-01  9.23280000e-04  2.00000000e+00 
 9.24280000e-04 -9.16033318e-01  9.24280000e-04  2.00000000e+00 
 9.25280000e-04 -9.04844515e-01  9.25280000e-04  2.00000000e+00 
 9.26280000e-04 -8.93619990e-01  9.26280000e-04  2.00000000e+00 
 9.27280000e-04 -8.82360187e-01  9.27280000e-04  2.00000000e+00 
 9.28280000e-04 -8.71065549e-01  9.28280000e-04  2.00000000e+00 
 9.29280000e-04 -8.59736524e-01  9.29280000e-04  2.00000000e+00 
 9.30280000e-04 -8.48373557e-01  9.30280000e-04  2.00000000e+00 
 9.31280000e-04 -8.36977098e-01  9.31280000e-04  2.00000000e+00 
 9.32280000e-04 -8.25547597e-01  9.32280000e-04  2.00000000e+00 
 9.33280000e-04 -8.14085505e-01  9.33280000e-04  2.00000000e+00 
 9.34280000e-04 -8.02591273e-01  9.34280000e-04  2.00000000e+00 
 9.35280000e-04 -7.91065357e-01  9.35280000e-04  2.00000000e+00 
 9.36280000e-04 -7.79508211e-01  9.36280000e-04  2.00000000e+00 
 9.37280000e-04 -7.67920291e-01  9.37280000e-04  2.00000000e+00 
 9.38280000e-04 -7.56302056e-01  9.38280000e-04  2.00000000e+00 
 9.39280000e-04 -7.44653962e-01  9.39280000e-04  2.00000000e+00 
 9.40280000e-04 -7.32976471e-01  9.40280000e-04  2.00000000e+00 
 9.41280000e-04 -7.21270044e-01  9.41280000e-04  2.00000000e+00 
 9.42280000e-04 -7.09535141e-01  9.42280000e-04  2.00000000e+00 
 9.43280000e-04 -6.97772228e-01  9.43280000e-04  2.00000000e+00 
 9.44280000e-04 -6.85981768e-01  9.44280000e-04  2.00000000e+00 
 9.45280000e-04 -6.74164226e-01  9.45280000e-04  2.00000000e+00 
 9.46280000e-04 -6.62320069e-01  9.46280000e-04  2.00000000e+00 
 9.47280000e-04 -6.50449766e-01  9.47280000e-04  2.00000000e+00 
 9.48280000e-04 -6.38553783e-01  9.48280000e-04  2.00000000e+00 
 9.49280000e-04 -6.26632592e-01  9.49280000e-04  2.00000000e+00 
 9.50280000e-04 -6.14686662e-01  9.50280000e-04  2.00000000e+00 
 9.51280000e-04 -6.02716465e-01  9.51280000e-04  2.00000000e+00 
 9.52280000e-04 -5.90722475e-01  9.52280000e-04  2.00000000e+00 
 9.53280000e-04 -5.78705163e-01  9.53280000e-04  2.00000000e+00 
 9.54280000e-04 -5.66665005e-01  9.54280000e-04  2.00000000e+00 
 9.55280000e-04 -5.54602477e-01  9.55280000e-04  2.00000000e+00 
 9.56280000e-04 -5.42518053e-01  9.56280000e-04  2.00000000e+00 
 9.57280000e-04 -5.30412212e-01  9.57280000e-04  2.00000000e+00 
 9.58280000e-04 -5.18285431e-01  9.58280000e-04  2.00000000e+00 
 9.59280000e-04 -5.06138189e-01  9.59280000e-04  2.00000000e+00 
 9.60280000e-04 -4.93970965e-01  9.60280000e-04  2.00000000e+00 
 9.61280000e-04 -4.81784241e-01  9.61280000e-04  2.00000000e+00 
 9.62280000e-04 -4.69578496e-01  9.62280000e-04  2.00000000e+00 
 9.63280000e-04 -4.57354213e-01  9.63280000e-04  2.00000000e+00 
 9.64280000e-04 -4.45111875e-01  9.64280000e-04  2.00000000e+00 
 9.65280000e-04 -4.32851965e-01  9.65280000e-04  2.00000000e+00 
 9.66280000e-04 -4.20574966e-01  9.66280000e-04  2.00000000e+00 
 9.67280000e-04 -4.08281363e-01  9.67280000e-04  2.00000000e+00 
 9.68280000e-04 -3.95971643e-01  9.68280000e-04  2.00000000e+00 
 9.69280000e-04 -3.83646290e-01  9.69280000e-04  2.00000000e+00 
 9.70280000e-04 -3.71305791e-01  9.70280000e-04  2.00000000e+00 
 9.71280000e-04 -3.58950634e-01  9.71280000e-04  2.00000000e+00 
 9.72280000e-04 -3.46581306e-01  9.72280000e-04  2.00000000e+00 
 9.73280000e-04 -3.34198296e-01  9.73280000e-04  2.00000000e+00 
 9.74280000e-04 -3.21802092e-01  9.74280000e-04  2.00000000e+00 
 9.75280000e-04 -3.09393184e-01  9.75280000e-04  2.00000000e+00 
 9.76280000e-04 -2.96972061e-01  9.76280000e-04  2.00000000e+00 
 9.77280000e-04 -2.84539215e-01  9.77280000e-04  2.00000000e+00 
 9.78280000e-04 -2.72095135e-01  9.78280000e-04  2.00000000e+00 
 9.79280000e-04 -2.59640314e-01  9.79280000e-04  2.00000000e+00 
 9.80280000e-04 -2.47175242e-01  9.80280000e-04  2.00000000e+00 
 9.81280000e-04 -2.34700413e-01  9.81280000e-04  2.00000000e+00 
 9.82280000e-04 -2.22216318e-01  9.82280000e-04  2.00000000e+00 
 9.83280000e-04 -2.09723450e-01  9.83280000e-04  2.00000000e+00 
 9.84280000e-04 -1.97222302e-01  9.84280000e-04  2.00000000e+00 
 9.85280000e-04 -1.84713369e-01  9.85280000e-04  2.00000000e+00 
 9.86280000e-04 -1.72197143e-01  9.86280000e-04  2.00000000e+00 
 9.87280000e-04 -1.59674120e-01  9.87280000e-04  2.00000000e+00 
 9.88280000e-04 -1.47144793e-01  9.88280000e-04  2.00000000e+00 
 9.89280000e-04 -1.34609656e-01  9.89280000e-04  2.00000000e+00 
 9.90280000e-04 -1.22069206e-01  9.90280000e-04  2.00000000e+00 
 9.91280000e-04 -1.09523936e-01  9.91280000e-04  2.00000000e+00 
 9.92280000e-04 -9.69743430e-02  9.92280000e-04  2.00000000e+00 
 9.93280000e-04 -8.44209213e-02  9.93280000e-04  2.00000000e+00 
 9.94280000e-04 -7.18641668e-02  9.94280000e-04  2.00000000e+00 
 9.95280000e-04 -5.93045752e-02  9.95280000e-04  2.00000000e+00 
 9.96280000e-04 -4.67426424e-02  9.96280000e-04  2.00000000e+00 
 9.97280000e-04 -3.41788642e-02  9.97280000e-04  2.00000000e+00 
 9.98280000e-04 -2.16137367e-02  9.98280000e-04  2.00000000e+00 
 9.99280000e-04 -9.04775598e-03  9.99280000e-04  2.00000000e+00 
 1.00028000e-03  3.51858196e-03  1.00028000e-03  3.00000000e+00 
 1.00128000e-03  1.60847810e-02  1.00128000e-03  3.00000000e+00 
 1.00228000e-03  2.86503450e-02  1.00228000e-03  3.00000000e+00 
 1.00328000e-03  4.12147780e-02  1.00328000e-03  3.00000000e+00 
 1.00428000e-03  5.37775839e-02  1.00428000e-03  3.00000000e+00 
 1.00528000e-03  6.63382667e-02  1.00528000e-03  3.00000000e+00 
 1.00628000e-03  7.88963306e-02  1.00628000e-03  3.00000000e+00 
 1.00728000e-03  9.14512798e-02  1.00728000e-03  3.00000000e+00 
 1.00828000e-03  1.04002619e-01  1.00828000e-03  3.00000000e+00 
 1.00928000e-03  1.16549852e-01  1.00928000e-03  3.00000000e+00 
 1.01028000e-03  1.29092484e-01  1.01028000e-03  3.00000000e+00 
 1.01128000e-03  1.41630019e-01  1.01128000e-03  3.00000000e+00 
 1.01228000e-03  1.54161963e-01  1.01228000e-03  3.00000000e+00 
 1.01328000e-03  1.66687821e-01  1.01328000e-03  3.00000000e+00 
 1.01428000e-03  1.79207099e-01  1.01428000e-03  3.00000000e+00 
 1.01528000e-03  1.91719302e-01  1.01528000e-03  3.00000000e+00 
 1.01628000e-03  2.04223936e-01  1.01628000e-03  3.00000000e+00 
 1.01728000e-03  2.16720507e-01  1.01728000e-03  3.00000000e+00 
 1.01828000e-03  2.29208523e-01  1.01828000e-03  3.00000000e+00 
 1.01928000e-03  2.41687490e-01  1.01928000e-03  3.00000000e+00 
 1.02028000e-03  2.54156916e-01  1.02028000e-03  3.00000000e+00 
 1.02128000e-03  2.66616308e-01  1.02128000e-03  3.00000000e+00 
 1.02228000e-03  2.79065175e-01  1.02228000e-03  3.00000000e+00 
 1.02328000e-03  2.91503024e-01  1.02328000e-03  3.00000000e+00 
 1.02428000e-03  3.03929365e-01  1.02428000e-03  3.00000000e+00 
 1.02528000e-03  3.16343708e-01  1.02528000e-03  3.00000000e+00 
 1.02628000e-03  3.28745562e-01  1.02628000e-03  3.00000000e+00 
 1.02728000e-03  3.41134438e-01  1.02728000e-03  3.00000000e+00 
 1.02828000e-03  3.53509847e-01  1.02828000e-03  3.00000000e+00 
 1.02928000e-03  3.65871299e-01  1.02928000e-03  3.00000000e+00 
 1.03028000e-03  3.78218307e-01  1.03028000e-03  3.00000000e+00 
 1.03128000e-03  3.90550384e-01  1.03128000e-03  3.00000000e+00 
 1.03228000e-03  4.02867043e-01  1.03228000e-03  3.00000000e+00 
 1.03328000e-03  4.15167797e-01  1.03328000e-03  3.00000000e+00 
 1.03428000e-03  4.27452162e-01  1.03428000e-03  3.00000000e+00 
 1.03528000e-03  4.39719651e-01  1.03528000e-03  3.00000000e+00 
 1.03628000e-03  4.51969780e-01  1.03628000e-03  3.00000000e+00 
 1.03728000e-03  4.64202067e-01  1.03728000e-03  3.00000000e+00 
 1.03828000e-03  4.76416028e-01  1.03828000e-03  3.00000000e+00 
 1.03928000e-03  4.88611181e-01  1.03928000e-03  3.00000000e+00 
 1.04028000e-03  5.00787044e-01  1.04028000e-03  3.00000000e+00 
 1.04128000e-03  5.12943137e-01  1.04128000e-03  3.00000000e+00 
 1.04228000e-03  5.25078980e-01  1.04228000e-03  3.00000000e+00 
 1.04328000e-03  5.37194093e-01  1.04328000e-03  3.00000000e+00 
 1.04428000e-03  5.49287999e-01  1.04428000e-03  3.00000000e+00 
 1.04528000e-03  5.61360221e-01  1.04528000e-03  3.00000000e+00 
 1.04628000e-03  5.73410280e-01  1.04628000e-03  3.00000000e+00 
 1.04728000e-03  5.85437703e-01  1.04728000e-03  3.00000000e+00 
 1.04828000e-03  5.97442013e-01  1.04828000e-03  3.00000000e+00 
 1.04928000e-03  6.09422737e-01  1.04928000e-03  3.00000000e+00 
 1.05028000e-03  6.21379403e-01  1.05028000e-03  3.00000000e+00 
 1.05128000e-03  6.33311537e-01  1.05128000e-03  3.00000000e+00 
 1.05228000e-03  6.45218669e-01  1.05228000e-03  3.00000000e+00 
 1.05328000e-03  6.57100329e-01  1.05328000e-03  3.00000000e+00 
 1.05428000e-03  6.68956048e-01  1.05428000e-03  3.00000000e+00 
 1.05528000e-03  6.80785358e-01  1.05528000e-03  3.00000000e+00 
 1.05628000e-03  6.92587792e-01  1.05628000e-03  3.00000000e+00 
 1.05728000e-03  7.04362883e-01  1.05728000e-03  3.00000000e+00 
 1.05828000e-03  7.16110167e-01  1.05828000e-03  3.00000000e+00 
 1.05928000e-03  7.27829181e-01  1.05928000e-03  3.00000000e+00 
 1.06028000e-03  7.39519461e-01  1.06028000e-03  3.00000000e+00 
 1.06128000e-03  7.51180546e-01  1.06128000e-03  3.00000000e+00 
 1.06228000e-03  7.62811976e-01  1.06228000e-03  3.00000000e+00 
 1.06328000e-03  7.74413291e-01  1.06328000e-03  3.00000000e+00 
 1.06428000e-03  7.85984034e-01  1.06428000e-03  3.00000000e+00 
 1.06528000e-03  7.97523747e-01  1.06528000e-03  3.00000000e+00 
 1.06628000e-03  8.09031975e-01  1.06628000e-03  3.00000000e+00 
 1.06728000e-03  8.20508265e-01  1.06728000e-03  3.00000000e+00 
 1.06828000e-03  8.31952162e-01  1.06828000e-03  3.00000000e+00 
 1.06928000e-03  8.43363215e-01  1.06928000e-03  3.00000000e+00 
 1.07028000e-03  8.54740973e-01  1.07028000e-03  3.00000000e+00 
 1.07128000e-03  8.66084988e-01  1.07128000e-03  3.00000000e+00 
 1.07228000e-03  8.77394811e-01  1.07228000e-03  3.00000000e+00 
 1.07328000e-03  8.88669997e-01  1.07328000e-03  3.00000000e+00 
 1.07428000e-03  8.99910099e-01  1.07428000e-03  3.00000000e+00 
 1.07528000e-03  9.11114674e-01  1.07528000e-03  3.00000000e+00 
 1.07628000e-03  9.22283280e-01  1.07628000e-03  3.00000000e+00 
 1.07728000e-03  9.33415475e-01  1.07728000e-03  3.00000000e+00 
 1.07828000e-03  9.44510821e-01  1.07828000e-03  3.00000000e+00 
 1.07928000e-03  9.55568880e-01  1.07928000e-03  3.00000000e+00 
 1.08028000e-03  9.66589214e-01  1.08028000e-03  3.00000000e+00 
 1.08128000e-03  9.77571389e-01  1.08128000e-03  3.00000000e+00 
 1.08228000e-03  9.88514971e-01  1.08228000e-03  3.00000000e+00 
 1.08328000e-03  9.99419528e-01  1.08328000e-03  3.00000000e+00 
 1.08428000e-03  1.01028463e+00  1.08428000e-03  3.00000000e+00 
 1.08528000e-03  1.02110985e+00  1.08528000e-03  3.00000000e+00 
 1.08628000e-03  1.03189475e+00  1.08628000e-03  3.00000000e+00 
 1.08728000e-03  1.04263892e+00  1.08728000e-03  3.00000000e+00 
 1.08828000e-03  1.05334193e+00  1.08828000e-03  3.00000000e+00 
 1.08928000e-03  1.06400335e+00  1.08928000e-03  3.00000000e+00 
 1.09028000e-03  1.07462277e+00  1.09028000e-03  3.00000000e+00 
 1.09128000e-03  1.08519976e+00  1.09128000e-03  3.00000000e+00 
 1.09228000e-03  1.09573391e+00  1.09228000e-03  3.00000000e+00 
 1.09328000e-03  1.10622481e+00  1.09328000e-03  3.00000000e+00 
 1.09428000e-03  1.11667203e+00  1.09428000e-03  3.00000000e+00 
 1.09528000e-03  1.12707517e+00  1.09528000e-03  3.00000000e+00 
 1.09628000e-03  1.13743381e+00  1.09628000e-03  3.00000000e+00 
 1.09728000e-03  1.14774755e+00  1.09728000e-03  3.00000000e+00 
 1.09828000e-03  1.15801598e+00  1.09828000e-03  3.00000000e+00 
 1.09928000e-03  1.16823869e+00  1.09928000e-03  3.00000000e+00 
 1.10028000e-03  1.17841528e+00  1.10028000e-03  3.00000000e+00 
 1.10128000e-03  1.18854535e+00  1.10128000e-03  3.00000000e+00 
 1.10228000e-03  1.19862849e+00  1.10228000e-03  3.00000000e+00 
 1.10328000e-03  1.20866432e+00  1.10328000e-03  3.00000000e+00 
 1.10428000e-03  1.21865243e+00  1.10428000e-03  3.00000000e+00 
 1.10528000e-03  1.22859244e+00  1.10528000e-03  3.00000000e+00 
 1.10628000e-03  1.23848393e+00  1.10628000e-03  3.00000000e+00 
 1.10728000e-03  1.24832654e+00  1.10728000e-03  3.00000000e+00 
 1.10828000e-03  1.25811986e+00  1.10828000e-03  3.00000000e+00 
 1.10928000e-03  1.26786352e+00  1.10928000e-03  3.00000000e+00 
 1.11028000e-03  1.27755712e+00  1.11028000e-03  3.00000000e+00 
 1.11128000e-03  1.28720029e+00  1.11128000e-03  3.00000000e+00 
 1.11228000e-03  1.29679264e+00  1.11228000e-03  3.00000000e+00 
 1.11328000e-03  1.30633379e+00  1.11328000e-03  3.00000000e+00 
 1.11428000e-03  1.31582337e+00  1.11428000e-03  3.00000000e+00 
 1.11528000e-03  1.32526101e+00  1.11528000e-03  3.00000000e+00 
 1.11628000e-03  1.33464633e+00  1.11628000e-03  3.00000000e+00 
 1.11728000e-03  1.34397896e+00  1.11728000e-03  3.00000000e+00 
 1.11828000e-03  1.35325853e+00  1.11828000e-03  3.00000000e+00 
 1.11928000e-03  1.36248467e+00  1.11928000e-03  3.00000000e+00 
 1.12028000e-03  1.37165703e+00  1.12028000e-03  3.00000000e+00 
 1.12128000e-03  1.38077524e+00  1.12128000e-03  3.00000000e+00 
 1.12228000e-03  1.38983893e+00  1.12228000e-03  3.00000000e+00 
 1.12328000e-03  1.39884776e+00  1.12328000e-03  3.00000000e+00 
 1.12428000e-03  1.40780136e+00  1.12428000e-03  3.00000000e+00 
 1.12528000e-03  1.41669939e+00  1.12528000e-03  3.00000000e+00 
 1.12628000e-03  1.42554148e+00  1.12628000e-03  3.00000000e+00 
 1.12728000e-03  1.43432730e+00  1.12728000e-03  3.00000000e+00 
 1.12828000e-03  1.44305650e+00  1.12828000e-03  3.00000000e+00 
 1.12928000e-03  1.45172872e+00  1.12928000e-03  3.00000000e+00 
 1.13028000e-03  1.46034363e+00  1.13028000e-03  3.00000000e+00 
 1.13128000e-03  1.46890089e+00  1.13128000e-03  3.00000000e+00 
 1.13228000e-03  1.47740017e+00  1.13228000e-03  3.00000000e+00 
 1.13328000e-03  1.48584111e+00  1.13328000e-03  3.00000000e+00 
 1.13428000e-03  1.49422340e+00  1.13428000e-03  3.00000000e+00 
 1.13528000e-03  1.50254670e+00  1.13528000e-03  3.00000000e+00 
 1.13628000e-03  1.51081068e+00  1.13628000e-03  3.00000000e+00 
 1.13728000e-03  1.51901501e+00  1.13728000e-03  3.00000000e+00 
 1.13828000e-03  1.52715938e+00  1.13828000e-03  3.00000000e+00 
 1.13928000e-03  1.53524346e+00  1.13928000e-03  3.00000000e+00 
 1.14028000e-03  1.54326693e+00  1.14028000e-03  3.00000000e+00 
 1.14128000e-03  1.55122947e+00  1.14128000e-03  3.00000000e+00 
 1.14228000e-03  1.55913078e+00  1.14228000e-03  3.00000000e+00 
 1.14328000e-03  1.56697053e+00  1.14328000e-03  3.00000000e+00 
 1.14428000e-03  1.57474842e+00  1.14428000e-03  3.00000000e+00 
 1.14528000e-03  1.58246414e+00  1.14528000e-03  3.00000000e+00 
 1.14628000e-03  1.59011739e+00  1.14628000e-03  3.00000000e+00 
 1.14728000e-03  1.59770787e+00  1.14728000e-03  3.00000000e+00 
 1.14828000e-03  1.60523527e+00  1.14828000e-03  3.00000000e+00 
 1.14928000e-03  1.61269929e+00  1.14928000e-03  3.00000000e+00 
 1.15028000e-03  1.62009966e+00  1.15028000e-03  3.00000000e+00 
 1.15128000e-03  1.62743606e+00  1.15128000e-03  3.00000000e+00 
 1.15228000e-03  1.63470821e+00  1.15228000e-03  3.00000000e+00 
 1.15328000e-03  1.64191583e+00  1.15328000e-03  3.00000000e+00 
 1.15428000e-03  1.64905863e+00  1.15428000e-03  3.00000000e+00 
 1.15528000e-03  1.65613633e+00  1.15528000e-03  3.00000000e+00 
 1.15628000e-03  1.66314864e+00  1.15628000e-03  3.00000000e+00 
 1.15728000e-03  1.67009530e+00  1.15728000e-03  3.00000000e+00 
 1.15828000e-03  1.67697602e+00  1.15828000e-03  3.00000000e+00 
 1.15928000e-03  1.68379054e+00  1.15928000e-03  3.00000000e+00 
 1.16028000e-03  1.69053859e+00  1.16028000e-03  3.00000000e+00 
 1.16128000e-03  1.69721990e+00  1.16128000e-03  3.00000000e+00 
 1.16228000e-03  1.70383420e+00  1.16228000e-03  3.00000000e+00 
 1.16328000e-03  1.71038124e+00  1.16328000e-03  3.00000000e+00 
 1.16428000e-03  1.71686076e+00  1.16428000e-03  3.00000000e+00 
 1.16528000e-03  1.72327249e+00  1.16528000e-03  3.00000000e+00 
 1.16628000e-03  1.72961620e+00  1.16628000e-03  3.00000000e+00 
 1.16728000e-03  1.73589162e+00  1.16728000e-03  3.00000000e+00 
 1.16828000e-03  1.74209852e+00  1.16828000e-03  3.00000000e+00 
 1.16928000e-03  1.74823664e+00  1.16928000e-03  3.00000000e+00 
 1.17028000e-03  1.75430574e+00  1.17028000e-03  3.00000000e+00 
 1.17128000e-03  1.76030558e+00  1.17128000e-03  3.00000000e+00 
 1.17228000e-03  1.76623593e+00  1.17228000e-03  3.00000000e+00 
 1.17328000e-03  1.77209655e+00  1.17328000e-03  3.00000000e+00 
 1.17428000e-03  1.77788722e+00  1.17428000e-03  3.00000000e+00 
 1.17528000e-03  1.78360769e+00  1.17528000e-03  3.00000000e+00 
 1.17628000e-03  1.78925775e+00  1.17628000e-03  3.00000000e+00 
 1.17728000e-03  1.79483718e+00  1.17728000e-03  3.00000000e+00 
 1.17828000e-03  1.80034575e+00  1.17828000e-03  3.00000000e+00 
 1.17928000e-03  1.80578324e+00  1.17928000e-03  3.00000000e+00 
 1.18028000e-03  1.81114944e+00  1.18028000e-03  3.00000000e+00 
 1.18128000e-03  1.81644415e+00  1.18128000e-03  3.00000000e+00 
 1.18228000e-03  1.82166714e+00  1.18228000e-03  3.00000000e+00 
 1.18328000e-03  1.82681822e+00  1.18328000e-03  3.00000000e+00 
 1.18428000e-03  1.83189717e+00  1.18428000e-03  3.00000000e+00 
 1.18528000e-03  1.83690381e+00  1.18528000e-03  3.00000000e+00 
 1.18628000e-03  1.84183793e+00  1.18628000e-03  3.00000000e+00 
 1.18728000e-03  1.84669933e+00  1.18728000e-03  3.00000000e+00 
 1.18828000e-03  1.85148783e+00  1.18828000e-03  3.00000000e+00 
 1.18928000e-03  1.85620324e+00  1.18928000e-03  3.00000000e+00 
 1.19028000e-03  1.86084537e+00  1.19028000e-03  3.00000000e+00 
 1.19128000e-03  1.86541404e+00  1.19128000e-03  3.00000000e+00 
 1.19228000e-03  1.86990906e+00  1.19228000e-03  3.00000000e+00 
 1.19328000e-03  1.87433026e+00  1.19328000e-03  3.00000000e+00 
 1.19428000e-03  1.87867746e+00  1.19428000e-03  3.00000000e+00 
 1.19528000e-03  1.88295050e+00  1.19528000e-03  3.00000000e+00 
 1.19628000e-03  1.88714921e+00  1.19628000e-03  3.00000000e+00 
 1.19728000e-03  1.89127341e+00  1.19728000e-03  3.00000000e+00 
 1.19828000e-03  1.89532295e+00  1.19828000e-03  3.00000000e+00 
 1.19928000e-03  1.89929766e+00  1.19928000e-03  3.00000000e+00 
 1.20028000e-03  1.90319739e+00  1.20028000e-03  3.00000000e+00 
 1.20128000e-03  1.90702199e+00  1.20128000e-03  3.00000000e+00 
 1.20228000e-03  1.91077130e+00  1.20228000e-03  3.00000000e+00 
 1.20328000e-03  1.91444518e+00  1.20328000e-03  3.00000000e+00 
 1.20428000e-03  1.91804347e+00  1.20428000e-03  3.00000000e+00 
 1.20528000e-03  1.92156605e+00  1.20528000e-03  3.00000000e+00 
 1.20628000e-03  1.92501277e+00  1.20628000e-03  3.00000000e+00 
 1.20728000e-03  1.92838349e+00  1.20728000e-03  3.00000000e+00 
 1.20828000e-03  1.93167808e+00  1.20828000e-03  3.00000000e+00 
 1.20928000e-03  1.93489641e+00  1.20928000e-03  3.00000000e+00 
 1.21028000e-03  1.93803836e+00  1.21028000e-03  3.00000000e+00 
 1.21128000e-03  1.94110380e+00  1.21128000e-03  3.00000000e+00 
 1.21228000e-03  1.94409260e+00  1.21228000e-03  3.00000000e+00 
 1.21328000e-03  1.94700465e+00  1.21328000e-03  3.00000000e+00 
 1.21428000e-03  1.94983984e+00  1.21428000e-03  3.00000000e+00 
 1.21528000e-03  1.95259806e+00  1.21528000e-03  3.00000000e+00 
 1.21628000e-03  1.95527919e+00  1.21628000e-03  3.00000000e+00 
 1.21728000e-03  1.95788312e+00  1.21728000e-03  3.00000000e+00 
 1.21828000e-03  1.96040977e+00  1.21828000e-03  3.00000000e+00 
 1.21928000e-03  1.96285902e+00  1.21928000e-03  3.00000000e+00 
 1.22028000e-03  1.96523078e+00  1.22028000e-03  3.00000000e+00 
 1.22128000e-03  1.96752495e+00  1.22128000e-03  3.00000000e+00 
 1.22228000e-03  1.96974145e+00  1.22228000e-03  3.00000000e+00 
 1.22328000e-03  1.97188019e+00  1.22328000e-03  3.00000000e+00 
 1.22428000e-03  1.97394109e+00  1.22428000e-03  3.00000000e+00 
 1.22528000e-03  1.97592405e+00  1.22528000e-03  3.00000000e+00 
 1.22628000e-03  1.97782901e+00  1.22628000e-03  3.00000000e+00 
 1.22728000e-03  1.97965589e+00  1.22728000e-03  3.00000000e+00 
 1.22828000e-03  1.98140461e+00  1.22828000e-03  3.00000000e+00 
 1.22928000e-03  1.98307511e+00  1.22928000e-03  3.00000000e+00 
 1.23028000e-03  1.98466733e+00  1.23028000e-03  3.00000000e+00 
 1.23128000e-03  1.98618119e+00  1.23128000e-03  3.00000000e+00 
 1.23228000e-03  1.98761664e+00  1.23228000e-03  3.00000000e+00 
 1.23328000e-03  1.98897362e+00  1.23328000e-03  3.00000000e+00 
 1.23428000e-03  1.99025209e+00  1.23428000e-03  3.00000000e+00 
 1.23528000e-03  1.99145198e+00  1.23528000e-03  3.00000000e+00 
 1.23628000e-03  1.99257325e+00  1.23628000e-03  3.00000000e+00 
 1.23728000e-03  1.99361585e+00  1.23728000e-03  3.00000000e+00 
 1.23828000e-03  1.99457976e+00  1.23828000e-03  3.00000000e+00 
 1.23928000e-03  1.99546492e+00  1.23928000e-03  3.00000000e+00 
 1.24028000e-03  1.99627130e+00  1.24028000e-03  3.00000000e+00 
 1.24128000e-03  1.99699888e+00  1.24128000e-03  3.00000000e+00 
 1.24228000e-03  1.99764761e+00  1.24228000e-03  3.00000000e+00 
 1.24328000e-03  1.99821748e+00  1.24328000e-03  3.00000000e+00 
 1.24428000e-03  1.99870847e+00  1.24428000e-03  3.00000000e+00 
 1.24528000e-03  1.99912055e+00  1.24528000e-03  3.00000000e+00 
 1.24628000e-03  1.99945371e+00  1.24628000e-03  3.00000000e+00 
 1.24728000e-03  1.99970793e+00  1.24728000e-03  3.00000000e+00 
 1.24828000e-03  1.99988321e+00  1.24828000e-03  3.00000000e+00 
 1.24928000e-03  1.99997953e+00  1.24928000e-03  3.00000000e+00 
 1.25028000e-03  1.99999690e+00  1.25028000e-03  3.00000000e+00 
 1.25128000e-03  1.99993532e+00  1.25128000e-03  3.00000000e+00 
 1.25228000e-03  1.99979478e+00  1.25228000e-03  3.00000000e+00 
 1.25328000e-03  1.99957529e+00  1.25328000e-03  3.00000000e+00 
 1.25428000e-03  1.99927686e+00  1.25428000e-03  3.00000000e+00 
 1.25528000e-03  1.99889951e+00  1.25528000e-03  3.00000000e+00 
 1.25628000e-03  1.99844324e+00  1.25628000e-03  3.00000000e+00 
 1.25728000e-03  1.99790807e+00  1.25728000e-03  3.00000000e+00 
 1.25828000e-03  1.99729403e+00  1.25828000e-03  3.00000000e+00 
 1.25928000e-03  1.99660114e+00  1.25928000e-03  3.00000000e+00 
 1.26028000e-03  1.99582943e+00  1.26028000e-03  3.00000000e+00 
 1.26128000e-03  1.99497893e+00  1.26128000e-03  3.00000000e+00 
 1.26228000e-03  1.99404967e+00  1.26228000e-03  3.00000000e+00 
 1.26328000e-03  1.99304169e+00  1.26328000e-03  3.00000000e+00 
 1.26428000e-03  1.99195502e+00  1.26428000e-03  3.00000000e+00 
 1.26528000e-03  1.99078972e+00  1.26528000e-03  3.00000000e+00 
 1.26628000e-03  1.98954582e+00  1.26628000e-03  3.00000000e+00 
 1.26728000e-03  1.98822338e+00  1.26728000e-03  3.00000000e+00 
 1.26828000e-03  1.98682245e+00  1.26828000e-03  3.00000000e+00 
 1.26928000e-03  1.98534308e+00  1.26928000e-03  3.00000000e+00 
 1.27028000e-03  1.98378534e+00  1.27028000e-03  3.00000000e+00 
 1.27128000e-03  1.98214927e+00  1.27128000e-03  3.00000000e+00 
 1.27228000e-03  1.98043496e+00  1.27228000e-03  3.00000000e+00 
 1.27328000e-03  1.97864246e+00  1.27328000e-03  3.00000000e+00 
 1.27428000e-03  1.97677185e+00  1.27428000e-03  3.00000000e+00 
 1.27528000e-03  1.97482320e+00  1.27528000e-03  3.00000000e+00 
 1.27628000e-03  1.97279658e+00  1.27628000e-03  3.00000000e+00 
 1.27728000e-03  1.97069209e+00  1.27728000e-03  3.00000000e+00 
 1.27828000e-03  1.96850979e+00  1.27828000e-03  3.00000000e+00 
 1.27928000e-03  1.96624978e+00  1.27928000e-03  3.00000000e+00 
 1.28028000e-03  1.96391214e+00  1.28028000e-03  3.00000000e+00 
 1.28128000e-03  1.96149698e+00  1.28128000e-03  3.00000000e+00 
 1.28228000e-03  1.95900438e+00  1.28228000e-03  3.00000000e+00 
 1.28328000e-03  1.95643444e+00  1.28328000e-03  3.00000000e+00 
 1.28428000e-03  1.95378726e+00  1.28428000e-03  3.00000000e+00 
 1.28528000e-03  1.95106295e+00  1.28528000e-03  3.00000000e+00 
 1.28628000e-03  1.94826161e+00  1.28628000e-03  3.00000000e+00 
 1.28728000e-03  1.94538337e+00  1.28728000e-03  3.00000000e+00 
 1.28828000e-03  1.94242832e+00  1.28828000e-03  3.00000000e+00 
 1.28928000e-03  1.93939659e+00  1.28928000e-03  3.00000000e+00 
 1.29028000e-03  1.93628829e+00  1.29028000e-03  3.00000000e+00 
 1.29128000e-03  1.93310355e+00  1.29128000e-03  3.00000000e+00 
 1.29228000e-03  1.92984250e+00  1.29228000e-03  3.00000000e+00 
 1.29328000e-03  1.92650526e+00  1.29328000e-03  3.00000000e+00 
 1.29428000e-03  1.92309196e+00  1.29428000e-03  3.00000000e+00 
 1.29528000e-03  1.91960275e+00  1.29528000e-03  3.00000000e+00 
 1.29628000e-03  1.91603775e+00  1.29628000e-03  3.00000000e+00 
 1.29728000e-03  1.91239711e+00  1.29728000e-03  3.00000000e+00 
 1.29828000e-03  1.90868097e+00  1.29828000e-03  3.00000000e+00 
 1.29928000e-03  1.90488948e+00  1.29928000e-03  3.00000000e+00 
 1.30028000e-03  1.90102279e+00  1.30028000e-03  3.00000000e+00 
 1.30128000e-03  1.89708105e+00  1.30128000e-03  3.00000000e+00 
 1.30228000e-03  1.89306441e+00  1.30228000e-03  3.00000000e+00 
 1.30328000e-03  1.88897304e+00  1.30328000e-03  3.00000000e+00 
 1.30428000e-03  1.88480710e+00  1.30428000e-03  3.00000000e+00 
 1.30528000e-03  1.88056675e+00  1.30528000e-03  3.00000000e+00 
 1.30628000e-03  1.87625216e+00  1.30628000e-03  3.00000000e+00 
 1.30728000e-03  1.87186349e+00  1.30728000e-03  3.00000000e+00 
 1.30828000e-03  1.86740093e+00  1.30828000e-03  3.00000000e+00 
 1.30928000e-03  1.86286464e+00  1.30928000e-03  3.00000000e+00 
 1.31028000e-03  1.85825482e+00  1.31028000e-03  3.00000000e+00 
 1.31128000e-03  1.85357163e+00  1.31128000e-03  3.00000000e+00 
 1.31228000e-03  1.84881527e+00  1.31228000e-03  3.00000000e+00 
 1.31328000e-03  1.84398592e+00  1.31328000e-03  3.00000000e+00 
 1.31428000e-03  1.83908377e+00  1.31428000e-03  3.00000000e+00 
 1.31528000e-03  1.83410901e+00  1.31528000e-03  3.00000000e+00 
 1.31628000e-03  1.82906185e+00  1.31628000e-03  3.00000000e+00 
 1.31728000e-03  1.82394248e+00  1.31728000e-03  3.00000000e+00 
 1.31828000e-03  1.81875111e+00  1.31828000e-03  3.00000000e+00 
 1.31928000e-03  1.81348793e+00  1.31928000e-03  3.00000000e+00 
 1.32028000e-03  1.80815317e+00  1.32028000e-03  3.00000000e+00 
 1.32128000e-03  1.80274701e+00  1.32128000e-03  3.00000000e+00 
 1.32228000e-03  1.79726969e+00  1.32228000e-03  3.00000000e+00 
 1.32328000e-03  1.79172142e+00  1.32328000e-03  3.00000000e+00 
 1.32428000e-03  1.78610241e+00  1.32428000e-03  3.00000000e+00 
 1.32528000e-03  1.78041289e+00  1.32528000e-03  3.00000000e+00 
 1.32628000e-03  1.77465308e+00  1.32628000e-03  3.00000000e+00 
 1.32728000e-03  1.76882321e+00  1.32728000e-03  3.00000000e+00 
 1.32828000e-03  1.76292351e+00  1.32828000e-03  3.00000000e+00 
 1.32928000e-03  1.75695422e+00  1.32928000e-03  3.00000000e+00 
 1.33028000e-03  1.75091556e+00  1.33028000e-03  3.00000000e+00 
 1.33128000e-03  1.74480778e+00  1.33128000e-03  3.00000000e+00 
 1.33228000e-03  1.73863111e+00  1.33228000e-03  3.00000000e+00 
 1.33328000e-03  1.73238581e+00  1.33328000e-03  3.00000000e+00 
 1.33428000e-03  1.72607212e+00  1.33428000e-03  3.00000000e+00 
 1.33528000e-03  1.71969029e+00  1.33528000e-03  3.00000000e+00 
 1.33628000e-03  1.71324056e+00  1.33628000e-03  3.00000000e+00 
 1.33728000e-03  1.70672320e+00  1.33728000e-03  3.00000000e+00 
 1.33828000e-03  1.70013846e+00  1.33828000e-03  3.00000000e+00 
 1.33928000e-03  1.69348660e+00  1.33928000e-03  3.00000000e+00 
 1.34028000e-03  1.68676789e+00  1.34028000e-03  3.00000000e+00 
 1.34128000e-03  1.67998258e+00  1.34128000e-03  3.00000000e+00 
 1.34228000e-03  1.67313095e+00  1.34228000e-03  3.00000000e+00 
 1.34328000e-03  1.66621327e+00  1.34328000e-03  3.00000000e+00 
 1.34428000e-03  1.65922982e+00  1.34428000e-03  3.00000000e+00 
 1.34528000e-03  1.65218085e+00  1.34528000e-03  3.00000000e+00 
 1.34628000e-03  1.64506666e+00  1.34628000e-03  3.00000000e+00 
 1.34728000e-03  1.63788753e+00  1.34728000e-03  3.00000000e+00 
 1.34828000e-03  1.63064374e+00  1.34828000e-03  3.00000000e+00 
 1.34928000e-03  1.62333557e+00  1.34928000e-03  3.00000000e+00 
 1.35028000e-03  1.61596331e+00  1.35028000e-03  3.00000000e+00 
 1.35128000e-03  1.60852726e+00  1.35128000e-03  3.00000000e+00 
 1.35228000e-03  1.60102771e+00  1.35228000e-03  3.00000000e+00 
 1.35328000e-03  1.59346495e+00  1.35328000e-03  3.00000000e+00 
 1.35428000e-03  1.58583929e+00  1.35428000e-03  3.00000000e+00 
 1.35528000e-03  1.57815102e+00  1.35528000e-03  3.00000000e+00 
 1.35628000e-03  1.57040044e+00  1.35628000e-03  3.00000000e+00 
 1.35728000e-03  1.56258787e+00  1.35728000e-03  3.00000000e+00 
 1.35828000e-03  1.55471361e+00  1.35828000e-03  3.00000000e+00 
 1.35928000e-03  1.54677797e+00  1.35928000e-03  3.00000000e+00 
 1.36028000e-03  1.53878127e+00  1.36028000e-03  3.00000000e+00 
 1.36128000e-03  1.53072382e+00  1.36128000e-03  3.00000000e+00 
 1.36228000e-03  1.52260594e+00  1.36228000e-03  3.00000000e+00 
 1.36328000e-03  1.51442795e+00  1.36328000e-03  3.00000000e+00 
 1.36428000e-03  1.50619018e+00  1.36428000e-03  3.00000000e+00 
 1.36528000e-03  1.49789294e+00  1.36528000e-03  3.00000000e+00 
 1.36628000e-03  1.48953656e+00  1.36628000e-03  3.00000000e+00 
 1.36728000e-03  1.48112139e+00  1.36728000e-03  3.00000000e+00 
 1.36828000e-03  1.47264774e+00  1.36828000e-03  3.00000000e+00 
 1.36928000e-03  1.46411595e+00  1.36928000e-03  3.00000000e+00 
 1.37028000e-03  1.45552636e+00  1.37028000e-03  3.00000000e+00 
 1.37128000e-03  1.44687931e+00  1.37128000e-03  3.00000000e+00 
 1.37228000e-03  1.43817514e+00  1.37228000e-03  3.00000000e+00 
 1.37328000e-03  1.42941420e+00  1.37328000e-03  3.00000000e+00 
 1.37428000e-03  1.42059682e+00  1.37428000e-03  3.00000000e+00 
 1.37528000e-03  1.41172336e+00  1.37528000e-03  3.00000000e+00 
 1.37628000e-03  1.40279417e+00  1.37628000e-03  3.00000000e+00 
 1.37728000e-03  1.39380960e+00  1.37728000e-03  3.00000000e+00 
 1.37828000e-03  1.38477000e+00  1.37828000e-03  3.00000000e+00 
 1.37928000e-03  1.37567573e+00  1.37928000e-03  3.00000000e+00 
 1.38028000e-03  1.36652716e+00  1.38028000e-03  3.00000000e+00 
 1.38128000e-03  1.35732463e+00  1.38128000e-03  3.00000000e+00 
 1.38228000e-03  1.34806853e+00  1.38228000e-03  3.00000000e+00 
 1.38328000e-03  1.33875920e+00  1.38328000e-03  3.00000000e+00 
 1.38428000e-03  1.32939702e+00  1.38428000e-03  3.00000000e+00 
 1.38528000e-03  1.31998236e+00  1.38528000e-03  3.00000000e+00 
 1.38628000e-03  1.31051558e+00  1.38628000e-03  3.00000000e+00 
 1.38728000e-03  1.30099707e+00  1.38728000e-03  3.00000000e+00 
 1.38828000e-03  1.29142720e+00  1.38828000e-03  3.00000000e+00 
 1.38928000e-03  1.28180635e+00  1.38928000e-03  3.00000000e+00 
 1.39028000e-03  1.27213489e+00  1.39028000e-03  3.00000000e+00 
 1.39128000e-03  1.26241321e+00  1.39128000e-03  3.00000000e+00 
 1.39228000e-03  1.25264170e+00  1.39228000e-03  3.00000000e+00 
 1.39328000e-03  1.24282073e+00  1.39328000e-03  3.00000000e+00 
 1.39428000e-03  1.23295069e+00  1.39428000e-03  3.00000000e+00 
 1.39528000e-03  1.22303199e+00  1.39528000e-03  3.00000000e+00 
 1.39628000e-03  1.21306499e+00  1.39628000e-03  3.00000000e+00 
 1.39728000e-03  1.20305011e+00  1.39728000e-03  3.00000000e+00 
 1.39828000e-03  1.19298774e+00  1.39828000e-03  3.00000000e+00 
 1.39928000e-03  1.18287826e+00  1.39928000e-03  3.00000000e+00 
 1.40028000e-03  1.17272209e+00  1.40028000e-03  3.00000000e+00 
 1.40128000e-03  1.16251962e+00  1.40128000e-03  3.00000000e+00 
 1.40228000e-03  1.15227126e+00  1.40228000e-03  3.00000000e+00 
 1.40328000e-03  1.14197741e+00  1.40328000e-03  3.00000000e+00 
 1.40428000e-03  1.13163848e+00  1.40428000e-03  3.00000000e+00 
 1.40528000e-03  1.12125487e+00  1.40528000e-03  3.00000000e+00 
 1.40628000e-03  1.11082699e+00  1.40628000e-03  3.00000000e+00 
 1.40728000e-03  1.10035526e+00  1.40728000e-03  3.00000000e+00 
 1.40828000e-03  1.08984009e+00  1.40828000e-03  3.00000000e+00 
 1.40928000e-03  1.07928190e+00  1.40928000e-03  3.00000000e+00 
 1.41028000e-03  1.06868109e+00  1.41028000e-03  3.00000000e+00 
 1.41128000e-03  1.05803810e+00  1.41128000e-03  3.00000000e+00 
 1.41228000e-03  1.04735334e+00  1.41228000e-03  3.00000000e+00 
 1.41328000e-03  1.03662723e+00  1.41328000e-03  3.00000000e+00 
 1.41428000e-03  1.02586020e+00  1.41428000e-03  3.00000000e+00 
 1.41528000e-03  1.01505266e+00  1.41528000e-03  3.00000000e+00 
 1.41628000e-03  1.00420506e+00  1.41628000e-03  3.00000000e+00 
 1.41728000e-03  9.93317809e-01  1.41728000e-03  3.00000000e+00 
 1.41828000e-03  9.82391345e-01  1.41828000e-03  3.00000000e+00 
 1.41928000e-03  9.71426098e-01  1.41928000e-03  3.00000000e+00 
 1.42028000e-03  9.60422500e-01  1.42028000e-03  3.00000000e+00 
 1.42128000e-03  9.49380987e-01  1.42128000e-03  3.00000000e+00 
 1.42228000e-03  9.38301993e-01  1.42228000e-03  3.00000000e+00 
 1.42328000e-03  9.27185958e-01  1.42328000e-03  3.00000000e+00 
 1.42428000e-03  9.16033318e-01  1.42428000e-03  3.00000000e+00 
 1.42528000e-03  9.04844515e-01  1.42528000e-03  3.00000000e+00 
 1.42628000e-03  8.93619990e-01  1.42628000e-03  3.00000000e+00 
 1.42728000e-03  8.82360187e-01  1.42728000e-03  3.00000000e+00 
 1.42828000e-03  8.71065549e-01  1.42828000e-03  3.00000000e+00 
 1.42928000e-03  8.59736524e-01  1.42928000e-03  3.00000000e+00 
 1.43028000e-03  8.48373557e-01  1.43028000e-03  3.00000000e+00 
 1.43128000e-03  8.36977098e-01  1.43128000e-03  3.00000000e+00 
 1.43228000e-03  8.25547597e-01  1.43228000e-03  3.00000000e+00 
 1.43328000e-03  8.14085505e-01  1.43328000e-03  3.00000000e+00 
 1.43428000e-03  8.02591273e-01  1.43428000e-03  3.00000000e+00 
 1.43528000e-03  7.91065357e-01  1.43528000e-03  3.00000000e+00 
 1.43628000e-03  7.79508211e-01  1.43628000e-03  3.00000000e+00 
 1.43728000e-03  7.67920291e-01  1.43728000e-03  3.00000000e+00 
 1.43828000e-03  7.56302056e-01  1.43828000e-03  3.00000000e+00 
 1.43928000e-03  7.44653962e-01  1.43928000e-03  3.00000000e+00 
 1.44028000e-03  7.32976471e-01  1.44028000e-03  3.00000000e+00 
 1.44128000e-03  7.21270044e-01  1.44128000e-03  3.00000000e+00 
 1.44228000e-03  7.09535141e-01  1.44228000e-03  3.00000000e+00 
 1.44328000e-03  6.97772228e-01  1.44328000e-03  3.00000000e+00 
 1.44428000e-03  6.85981768e-01  1.44428000e-03  3.00000000e+00 
 1.44528000e-03  6.74164226e-01  1.44528000e-03  3.00000000e+00 
 1.44628000e-03  6.62320069e-01  1.44628000e-03  3.00000000e+00 
 1.44728000e-03  6.50449766e-01  1.44728000e-03  3.00000000e+00 
 1.44828000e-03  6.38553783e-01  1.44828000e-03  3.00000000e+00 
 1.44928000e-03  6.26632592e-01  1.44928000e-03  3.00000000e+00 
 1.45028000e-03  6.14686662e-01  1.45028000e-03  3.00000000e+00 
 1.45128000e-03  6.02716465e-01  1.45128000e-03  3.00000000e+00 
 1.45228000e-03  5.90722475e-01  1.45228000e-03  3.00000000e+00 
 1.45328000e-03  5.78705163e-01  1.45328000e-03  3.00000000e+00 
 1.45428000e-03  5.66665005e-01  1.45428000e-03  3.00000000e+00 
 1.45528000e-03  5.54602477e-01  1.45528000e-03  3.00000000e+00 
 1.45628000e-03  5.42518053e-01  1.45628000e-03  3.00000000e+00 
 1.45728000e-03  5.30412212e-01  1.45728000e-03  3.00000000e+00 
 1.45828000e-03  5.18285431e-01  1.45828000e-03  3.00000000e+00 
 1.45928000e-03  5.06138189e-01  1.45928000e-03  3.00000000e+00 
 1.46028000e-03  4.93970965e-01  1.46028000e-03  3.00000000e+00 
 1.46128000e-03  4.81784241e-01  1.46128000e-03  3.00000000e+00 
 1.46228000e-03  4.69578496e-01  1.46228000e-03  3.00000000e+00 
 1.46328000e-03  4.57354213e-01  1.46328000e-03  3.00000000e+00 
 1.46428000e-03  4.45111875e-01  1.46428000e-03  3.00000000e+00 
 1.46528000e-03  4.32851965e-01  1.46528000e-03  3.00000000e+00 
 1.46628000e-03  4.20574966e-01  1.46628000e-03  3.00000000e+00 
 1.46728000e-03  4.08281363e-01  1.46728000e-03  3.00000000e+00 
 1.46828000e-03  3.95971643e-01  1.46828000e-03  3.00000000e+00 
 1.46928000e-03  3.83646290e-01  1.46928000e-03  3.00000000e+00 
 1.47028000e-03  3.71305791e-01  1.47028000e-03  3.00000000e+00 
 1.47128000e-03  3.58950634e-01  1.47128000e-03  3.00000000e+00 
 1.47228000e-03  3.46581306e-01  1.47228000e-03  3.00000000e+00 
 1.47328000e-03  3.34198296e-01  1.47328000e-03  3.00000000e+00 
 1.47428000e-03  3.21802092e-01  1.47428000e-03  3.00000000e+00 
 1.47528000e-03  3.09393184e-01  1.47528000e-03  3.00000000e+00 
 1.47628000e-03  2.96972061e-01  1.47628000e-03  3.00000000e+00 
 1.47728000e-03  2.84539215e-01  1.47728000e-03  3.00000000e+00 
 1.47828000e-03  2.72095135e-01  1.47828000e-03  3.00000000e+00 
 1.47928000e-03  2.59640314e-01  1.47928000e-03  3.00000000e+00 
 1.48028000e-03  2.47175242e-01  1.48028000e-03  3.00000000e+00 
 1.48128000e-03  2.34700413e-01  1.48128000e-03  3.00000000e+00 
 1.48228000e-03  2.22216318e-01  1.48228000e-03  3.00000000e+00 
 1.48328000e-03  2.09723450e-01  1.48328000e-03  3.00000000e+00 
 1.48428000e-03  1.97222302e-01  1.48428000e-03  3.00000000e+00 
 1.48528000e-03  1.84713369e-01  1.48528000e-03  3.00000000e+00 
 1.48628000e-03  1.72197143e-01  1.48628000e-03  3.00000000e+00 
 1.48728000e-03  1.59674120e-01  1.48728000e-03  3.00000000e+00 
 1.48828000e-03  1.47144793e-01  1.48828000e-03  3.00000000e+00 
 1.48928000e-03  1.34609656e-01  1.48928000e-03  3.00000000e+00 
 1.49028000e-03  1.22069206e-01  1.49028000e-03  3.00000000e+00 
 1.49128000e-03  1.09523936e-01  1.49128000e-03  3.00000000e+00 
 1.49228000e-03  9.69743430e-02  1.49228000e-03  3.00000000e+00 
 1.49328000e-03  8.44209213e-02  1.49328000e-03  3.00000000e+00 
 1.49428000e-03  7.18641668e-02  1.49428000e-03  3.00000000e+00 
 1.49528000e-03  5.93045752e-02  1.49528000e-03  3.00000000e+00 
 1.49628000e-03  4.67426424e-02  1.49628000e-03  3.00000000e+00 
 1.49728000e-03  3.41788642e-02  1.49728000e-03  3.00000000e+00 
 1.49828000e-03  2.16137367e-02  1.49828000e-03  3.00000000e+00 
 1.49928000e-03  9.04775598e-03  1.49928000e-03  3.00000000e+00 
 1.50028000e-03 -3.51858196e-03  1.50028000e-03  4.00000000e+00 
 1.50128000e-03 -1.60847810e-02  1.50128000e-03  4.00000000e+00 
 1.50228000e-03 -2.86503450e-02  1.50228000e-03  4.00000000e+00 
 1.50328000e-03 -4.12147780e-02  1.50328000e-03  4.00000000e+00 
 1.50428000e-03 -5.37775839e-02  1.50428000e-03  4.00000000e+00 
 1.50528000e-03 -6.63382667e-02  1.50528000e-03  4.00000000e+00 
 1.50628000e-03 -7.88963306e-02  1.50628000e-03  4.00000000e+00 
 1.50728000e-03 -9.14512798e-02  1.50728000e-03  4.00000000e+00 
 1.50828000e-03 -1.04002619e-01  1.50828000e-03  4.00000000e+00 
 1.50928000e-03 -1.16549852e-01  1.50928000e-03  4.00000000e+00 
 1.51028000e-03 -1.29092484e-01  1.51028000e-03  4.00000000e+00 
 1.51128000e-03 -1.41630019e-01  1.51128000e-03  4.00000000e+00 
 1.51228000e-03 -1.54161963e-01  1.51228000e-03  4.00000000e+00 
 1.51328000e-03 -1.66687821e-01  1.51328000e-03  4.00000000e+00 
 1.51428000e-03 -1.79207099e-01  1.51428000e-03  4.00000000e+00 
 1.51528000e-03 -1.91719302e-01  1.51528000e-03  4.00000000e+00 
 1.51628000e-03 -2.04223936e-01  1.51628000e-03  4.00000000e+00 
 1.51728000e-03 -2.16720507e-01  1.51728000e-03  4.00000000e+00 
 1.51828000e-03 -2.29208523e-01  1.51828000e-03  4.00000000e+00 
 1.51928000e-03 -2.41687490e-01  1.51928000e-03  4.00000000e+00 
 1.52028000e-03 -2.54156916e-01  1.52028000e-03  4.00000000e+00 
 1.52128000e-03 -2.66616308e-01  1.52128000e-03  4.00000000e+00 
 1.52228000e-03 -2.79065175e-01  1.52228000e-03  4.00000000e+00 
 1.52328000e-03 -2.91503024e-01  1.52328000e-03  4.00000000e+00 
 1.52428000e-03 -3.03929365e-01  1.52428000e-03  4.00000000e+00 
 1.52528000e-03 -3.16343708e-01  1.52528000e-03  4.00000000e+00 
 1.52628000e-03 -3.28745562e-01  1.52628000e-03  4.00000000e+00 
 1.52728000e-03 -3.41134438e-01  1.52728000e-03  4.00000000e+00 
 1.52828000e-03 -3.53509847e-01  1.52828000e-03  4.00000000e+00 
 1.52928000e-03 -3.65871299e-01  1.52928000e-03  4.00000000e+00 
 1.53028000e-03 -3.78218307e-01  1.53028000e-03  4.00000000e+00 
 1.53128000e-03 -3.90550384e-01  1.53128000e-03  4.00000000e+00 
 1.53228000e-03 -4.02867043e-01  1.53228000e-03  4.00000000e+00 
 1.53328000e-03 -4.15167797e-01  1.53328000e-03  4.00000000e+00 
 1.53428000e-03 -4.27452162e-01  1.53428000e-03  4.00000000e+00 
 1.53528000e-03 -4.39719651e-01  1.53528000e-03  4.00000000e+00 
 1.53628000e-03 -4.51969780e-01  1.53628000e-03  4.00000000e+00 
 1.53728000e-03 -4.64202067e-01  1.53728000e-03  4.00000000e+00 
 1.53828000e-03 -4.76416028e-01  1.53828000e-03  4.00000000e+00 
 1.53928000e-03 -4.88611181e-01  1.53928000e-03  4.00000000e+00 
 1.54028000e-03 -5.00787044e-01  1.54028000e-03  4.00000000e+00 
 1.54128000e-03 -5.12943137e-01  1.54128000e-03  4.00000000e+00 
 1.54228000e-03 -5.25078980e-01  1.54228000e-03  4.00000000e+00 
 1.54328000e-03 -5.37194093e-01  1.54328000e-03  4.00000000e+00 
 1.54428000e-03 -5.49287999e-01  1.54428000e-03  4.00000000e+00 
 1.54528000e-03 -5.61360221e-01  1.54528000e-03  4.00000000e+00 
 1.54628000e-03 -5.73410280e-01  1.54628000e-03  4.00000000e+00 
 1.54728000e-03 -5.85437703e-01  1.54728000e-03  4.00000000e+00 
 1.54828000e-03 -5.97442013e-01  1.54828000e-03  4.00000000e+00 
 1.54928000e-03 -6.09422737e-01  1.54928000e-03  4.00000000e+00 
 1.55028000e-03 -6.21379403e-01  1.55028000e-03  4.00000000e+00 
 1.55128000e-03 -6.33311537e-01  1.55128000e-03  4.00000000e+00 
 1.55228000e-03 -6.45218669e-01  1.55228000e-03  4.00000000e+00 
 1.55328000e-03 -6.57100329e-01  1.55328000e-03  4.00000000e+00 
 1.55428000e-03 -6.68956048e-01  1.55428000e-03  4.00000000e+00 
 1.55528000e-03 -6.80785358e-01  1.55528000e-03  4.00000000e+00 
 1.55628000e-03 -6.92587792e-01  1.55628000e-03  4.00000000e+00 
 1.55728000e-03 -7.04362883e-01  1.55728000e-03  4.00000000e+00 
 1.55828000e-03 -7.16110167e-01  1.55828000e-03  4.00000000e+00 
 1.55928000e-03 -7.27829181e-01  1.55928000e-03  4.00000000e+00 
 1.56028000e-03 -7.39519461e-01  1.56028000e-03  4.00000000e+00 
 1.56128000e-03 -7.51180546e-01  1.56128000e-03  4.00000000e+00 
 1.56228000e-03 -7.62811976e-01  1.56228000e-03  4.00000000e+00 
 1.56328000e-03 -7.74413291e-01  1.56328000e-03  4.00000000e+00 
 1.56428000e-03 -7.85984034e-01  1.56428000e-03  4.00000000e+00 
 1.56528000e-03 -7.97523747e-01  1.56528000e-03  4.00000000e+00 
 1.56628000e-03 -8.09031975e-01  1.56628000e-03  4.00000000e+00 
 1.56728000e-03 -8.20508265e-01  1.56728000e-03  4.00000000e+00 
 1.56828000e-03 -8.31952162e-01  1.56828000e-03  4.00000000e+00 
 1.56928000e-03 -8.43363215e-01  1.56928000e-03  4.00000000e+00 
 1.57028000e-03 -8.54740973e-01  1.57028000e-03  4.00000000e+00 
 1.57128000e-03 -8.66084988e-01  1.57128000e-03  4.00000000e+00 
 1.57228000e-03 -8.77394811e-01  1.57228000e-03  4.00000000e+00 
 1.57328000e-03 -8.88669997e-01  1.57328000e-03  4.00000000e+00 
 1.57428000e-03 -8.99910099e-01  1.57428000e-03  4.00000000e+00 
 1.57528000e-03 -9.11114674e-01  1.57528000e-03  4.00000000e+00 
 1.57628000e-03 -9.22283280e-01  1.57628000e-03  4.00000000e+00 
 1.57728000e-03 -9.33415475e-01  1.57728000e-03  4.00000000e+00 
 1.57828000e-03 -9.44510821e-01  1.57828000e-03  4.00000000e+00 
 1.57928000e-03 -9.55568880e-01  1.57928000e-03  4.00000000e+00 
 1.58028000e-03 -9.66589214e-01  1.58028000e-03  4.00000000e+00 
 1.58128000e-03 -9.77571389e-01  1.58128000e-03  4.00000000e+00 
 1.58228000e-03 -9.88514971e-01  1.58228000e-03  4.00000000e+00 
 1.58328000e-03 -9.99419528e-01  1.58328000e-03  4.00000000e+00 
 1.58428000e-03 -1.01028463e+00  1.58428000e-03  4.00000000e+00 
 1.58528000e-03 -1.02110985e+00  1.58528000e-03  4.00000000e+00 
 1.58628000e-03 -1.03189475e+00  1.58628000e-03  4.00000000e+00 
 1.58728000e-03 -1.04263892e+00  1.58728000e-03  4.00000000e+00 
 1.58828000e-03 -1.05334193e+00  1.58828000e-03  4.00000000e+00 
 1.58928000e-03 -1.06400335e+00  1.58928000e-03  4.00000000e+00 
 1.59028000e-03 -1.07462277e+00  1.59028000e-03  4.00000000e+00 
 1.59128000e-03 -1.08519976e+00  1.59128000e-03  4.00000000e+00 
 1.59228000e-03 -1.09573391e+00  1.59228000e-03  4.00000000e+00 
 1.59328000e-03 -1.10622481e+00  1.59328000e-03  4.00000000e+00 
 1.59428000e-03 -1.11667203e+00  1.59428000e-03  4.00000000e+00 
 1.59528000e-03 -1.12707517e+00  1.59528000e-03  4.00000000e+00 
 1.59628000e-03 -1.13743381e+00  1.59628000e-03  4.00000000e+00 
 1.59728000e-03 -1.14774755e+00  1.59728000e-03  4.00000000e+00 
 1.59828000e-03 -1.15801598e+00  1.59828000e-03  4.00000000e+00 
 1.59928000e-03 -1.16823869e+00  1.59928000e-03  4.00000000e+00 
 1.60028000e-03 -1.17841528e+00  1.60028000e-03  4.00000000e+00 
 1.60128000e-03 -1.18854535e+00  1.60128000e-03  4.00000000e+00 
 1.60228000e-03 -1.19862849e+00  1.60228000e-03  4.00000000e+00 
 1.60328000e-03 -1.20866432e+00  1.60328000e-03  4.00000000e+00 
 1.60428000e-03 -1.21865243e+00  1.60428000e-03  4.00000000e+00 
 1.60528000e-03 -1.22859244e+00  1.60528000e-03  4.00000000e+00 
 1.60628000e-03 -1.23848393e+00  1.60628000e-03  4.00000000e+00 
 1.60728000e-03 -1.24832654e+00  1.60728000e-03  4.00000000e+00 
 1.60828000e-03 -1.25811986e+00  1.60828000e-03  4.00000000e+00 
 1.60928000e-03 -1.26786352e+00  1.60928000e-03  4.00000000e+00 
 1.61028000e-03 -1.27755712e+00  1.61028000e-03  4.00000000e+00 
 1.61128000e-03 -1.28720029e+00  1.61128000e-03  4.00000000e+00 
 1.61228000e-03 -1.29679264e+00  1.61228000e-03  4.00000000e+00 
 1.61328000e-03 -1.30633379e+00  1.61328000e-03  4.00000000e+00 
 1.61428000e-03 -1.31582337e+00  1.61428000e-03  4.00000000e+00 
 1.61528000e-03 -1.32526101e+00  1.61528000e-03  4.00000000e+00 
 1.61628000e-03 -1.33464633e+00  1.61628000e-03  4.00000000e+00 
 1.61728000e-03 -1.34397896e+00  1.61728000e-03  4.00000000e+00 
 1.61828000e-03 -1.35325853e+00  1.61828000e-03  4.00000000e+00 
 1.61928000e-03 -1.36248467e+00  1.61928000e-03  4.00000000e+00 
 1.62028000e-03 -1.37165703e+00  1.62028000e-03  4.00000000e+00 
 1.62128000e-03 -1.38077524e+00  1.62128000e-03  4.00000000e+00 
 1.62228000e-03 -1.38983893e+00  1.62228000e-03  4.00000000e+00 
 1.62328000e-03 -1.39884776e+00  1.62328000e-03  4.00000000e+00 
 1.62428000e-03 -1.40780136e+00  1.62428000e-03  4.00000000e+00 
 1.62528000e-03 -1.41669939e+00  1.62528000e-03  4.00000000e+00 
 1.62628000e-03 -1.42554148e+00  1.62628000e-03  4.00000000e+00 
 1.62728000e-03 -1.43432730e+00  1.62728000e-03  4.00000000e+00 
 1.62828000e-03 -1.44305650e+00  1.62828000e-03  4.00000000e+00 
 1.62928000e-03 -1.45172872e+00  1.62928000e-03  4.00000000e+00 
 1.63028000e-03 -1.46034363e+00  1.63028000e-03  4.00000000e+00 
 1.63128000e-03 -1.46890089e+00  1.63128000e-03  4.00000000e+00 
 1.63228000e-03 -1.47740017e+00  1.63228000e-03  4.00000000e+00 
 1.63328000e-03 -1.48584111e+00  1.63328000e-03  4.00000000e+00 
 1.63428000e-03 -1.49422340e+00  1.63428000e-03  4.00000000e+00 
 1.63528000e-03 -1.50254670e+00  1.63528000e-03  4.00000000e+00 
 1.63628000e-03 -1.51081068e+00  1.63628000e-03  4.00000000e+00 
 1.63728000e-03 -1.51901501e+00  1.63728000e-03  4.00000000e+00 
 1.63828000e-03 -1.52715938e+00  1.63828000e-03  4.00000000e+00 
 1.63928000e-03 -1.53524346e+00  1.63928000e-03  4.00000000e+00 
 1.64028000e-03 -1.54326693e+00  1.64028000e-03  4.00000000e+00 
 1.64128000e-03 -1.55122947e+00  1.64128000e-03  4.00000000e+00 
 1.64228000e-03 -1.55913078e+00  1.64228000e-03  4.00000000e+00 
 1.64328000e-03 -1.56697053e+00  1.64328000e-03  4.00000000e+00 
 1.64428000e-03 -1.57474842e+00  1.64428000e-03  4.00000000e+00 
 1.64528000e-03 -1.58246414e+00  1.64528000e-03  4.00000000e+00 
 1.64628000e-03 -1.59011739e+00  1.64628000e-03  4.00000000e+00 
 1.64728000e-03 -1.59770787e+00  1.64728000e-03  4.00000000e+00 
 1.64828000e-03 -1.60523527e+00  1.64828000e-03  4.00000000e+00 
 1.64928000e-03 -1.61269929e+00  1.64928000e-03  4.00000000e+00 
 1.65028000e-03 -1.62009966e+00  1.65028000e-03  4.00000000e+00 
 1.65128000e-03 -1.62743606e+00  1.65128000e-03  4.00000000e+00 
 1.65228000e-03 -1.63470821e+00  1.65228000e-03  4.00000000e+00 
 1.65328000e-03 -1.64191583e+00  1.65328000e-03  4.00000000e+00 
 1.65428000e-03 -1.64905863e+00  1.65428000e-03  4.00000000e+00 
 1.65528000e-03 -1.65613633e+00  1.65528000e-03  4.00000000e+00 
 1.65628000e-03 -1.66314864e+00  1.65628000e-03  4.00000000e+00 
 1.65728000e-03 -1.67009530e+00  1.65728000e-03  4.00000000e+00 
 1.65828000e-03 -1.67697602e+00  1.65828000e-03  4.00000000e+00 
 1.65928000e-03 -1.68379054e+00  1.65928000e-03  4.00000000e+00 
 1.66028000e-03 -1.69053859e+00  1.66028000e-03  4.00000000e+00 
 1.66128000e-03 -1.69721990e+00  1.66128000e-03  4.00000000e+00 
 1.66228000e-03 -1.70383420e+00  1.66228000e-03  4.00000000e+00 
 1.66328000e-03 -1.71038124e+00  1.66328000e-03  4.00000000e+00 
 1.66428000e-03 -1.71686076e+00  1.66428000e-03  4.00000000e+00 
 1.66528000e-03 -1.72327249e+00  1.66528000e-03  4.00000000e+00 
 1.66628000e-03 -1.72961620e+00  1.66628000e-03  4.00000000e+00 
 1.66728000e-03 -1.73589162e+00  1.66728000e-03  4.00000000e+00 
 1.66828000e-03 -1.74209852e+00  1.66828000e-03  4.00000000e+00 
 1.66928000e-03 -1.74823664e+00  1.66928000e-03  4.00000000e+00 
 1.67028000e-03 -1.75430574e+00  1.67028000e-03  4.00000000e+00 
 1.67128000e-03 -1.76030558e+00  1.67128000e-03  4.00000000e+00 
 1.67228000e-03 -1.76623593e+00  1.67228000e-03  4.00000000e+00 
 1.67328000e-03 -1.77209655e+00  1.67328000e-03  4.00000000e+00 
 1.67428000e-03 -1.77788722e+00  1.67428000e-03  4.00000000e+00 
 1.67528000e-03 -1.78360769e+00  1.67528000e-03  4.00000000e+00 
 1.67628000e-03 -1.78925775e+00  1.67628000e-03  4.00000000e+00 
 1.67728000e-03 -1.79483718e+00  1.67728000e-03  4.00000000e+00 
 1.67828000e-03 -1.80034575e+00  1.67828000e-03  4.00000000e+00 
 1.67928000e-03 -1.80578324e+00  1.67928000e-03  4.00000000e+00 
 1.68028000e-03 -1.81114944e+00  1.68028000e-03  4.00000000e+00 
 1.68128000e-03 -1.81644415e+00  1.68128000e-03  4.00000000e+00 
 1.68228000e-03 -1.82166714e+00  1.68228000e-03  4.00000000e+00 
 1.68328000e-03 -1.82681822e+00  1.68328000e-03  4.00000000e+00 
 1.68428000e-03 -1.83189717e+00  1.68428000e-03  4.00000000e+00 
 1.68528000e-03 -1.83690381e+00  1.68528000e-03  4.00000000e+00 
 1.68628000e-03 -1.84183793e+00  1.68628000e-03  4.00000000e+00 
 1.68728000e-03 -1.84669933e+00  1.68728000e-03  4.00000000e+00 
 1.68828000e-03 -1.85148783e+00  1.68828000e-03  4.00000000e+00 
 1.68928000e-03 -1.85620324e+00  1.68928000e-03  4.00000000e+00 
 1.69028000e-03 -1.86084537e+00  1.69028000e-03  4.00000000e+00 
 1.69128000e-03 -1.86541404e+00  1.69128000e-03  4.00000000e+00 
 1.69228000e-03 -1.86990906e+00  1.69228000e-03  4.00000000e+00 
 1.69328000e-03 -1.87433026e+00  1.69328000e-03  4.00000000e+00 
 1.69428000e-03 -1.87867746e+00  1.69428000e-03  4.00000000e+00 
 1.69528000e-03 -1.88295050e+00  1.69528000e-03  4.00000000e+00 
 1.69628000e-03 -1.88714921e+00  1.69628000e-03  4.00000000e+00 
 1.69728000e-03 -1.89127341e+00  1.69728000e-03  4.00000000e+00 
 1.69828000e-03 -1.89532295e+00  1.69828000e-03  4.00000000e+00 
 1.69928000e-03 -1.89929766e+00  1.69928000e-03  4.00000000e+00 
 1.70028000e-03 -1.90319739e+00  1.70028000e-03  4.00000000e+00 
 1.70128000e-03 -1.90702199e+00  1.70128000e-03  4.00000000e+00 
 1.70228000e-03 -1.91077130e+00  1.70228000e-03  4.00000000e+00 
 1.70328000e-03 -1.91444518e+00  1.70328000e-03  4.00000000e+00 
 1.70428000e-03 -1.91804347e+00  1.70428000e-03  4.00000000e+00 
 1.70528000e-03 -1.92156605e+00  1.70528000e-03  4.00000000e+00 
 1.70628000e-03 -1.92501277e+00  1.70628000e-03  4.00000000e+00 
 1.70728000e-03 -1.92838349e+00  1.70728000e-03  4.00000000e+00 
 1.70828000e-03 -1.93167808e+00  1.70828000e-03  4.00000000e+00 
 1.70928000e-03 -1.93489641e+00  1.70928000e-03  4.00000000e+00 
 1.71028000e-03 -1.93803836e+00  1.71028000e-03  4.00000000e+00 
 1.71128000e-03 -1.94110380e+00  1.71128000e-03  4.00000000e+00 
 1.71228000e-03 -1.94409260e+00  1.71228000e-03  4.00000000e+00 
 1.71328000e-03 -1.94700465e+00  1.71328000e-03  4.00000000e+00 
 1.71428000e-03 -1.94983984e+00  1.71428000e-03  4.00000000e+00 
 1.71528000e-03 -1.95259806e+00  1.71528000e-03  4.00000000e+00 
 1.71628000e-03 -1.95527919e+00  1.71628000e-03  4.00000000e+00 
 1.71728000e-03 -1.95788312e+00  1.71728000e-03  4.00000000e+00 
 1.71828000e-03 -1.96040977e+00  1.71828000e-03  4.00000000e+00 
 1.71928000e-03 -1.96285902e+00  1.71928000e-03  4.00000000e+00 
 1.72028000e-03 -1.96523078e+00  1.72028000e-03  4.00000000e+00 
 1.72128000e-03 -1.96752495e+00  1.72128000e-03  4.00000000e+00 
 1.72228000e-03 -1.96974145e+00  1.72228000e-03  4.00000000e+00 
 1.72328000e-03 -1.97188019e+00  1.72328000e-03  4.00000000e+00 
 1.72428000e-03 -1.97394109e+00  1.72428000e-03  4.00000000e+00 
 1.72528000e-03 -1.97592405e+00  1.72528000e-03  4.00000000e+00 
 1.72628000e-03 -1.97782901e+00  1.72628000e-03  4.00000000e+00 
 1.72728000e-03 -1.97965589e+00  1.72728000e-03  4.00000000e+00 
 1.72828000e-03 -1.98140461e+00  1.72828000e-03  4.00000000e+00 
 1.72928000e-03 -1.98307511e+00  1.72928000e-03  4.00000000e+00 
 1.73028000e-03 -1.98466733e+00  1.73028000e-03  4.00000000e+00 
 1.73128000e-03 -1.98618119e+00  1.73128000e-03  4.00000000e+00 
 1.73228000e-03 -1.98761664e+00  1.73228000e-03  4.00000000e+00 
 1.73328000e-03 -1.98897362e+00  1.73328000e-03  4.00000000e+00 
 1.73428000e-03 -1.99025209e+00  1.73428000e-03  4.00000000e+00 
 1.73528000e-03 -1.99145198e+00  1.73528000e-03  4.00000000e+00 
 1.73628000e-03 -1.99257325e+00  1.73628000e-03  4.00000000e+00 
 1.73728000e-03 -1.99361585e+00  1.73728000e-03  4.00000000e+00 
 1.73828000e-03 -1.99457976e+00  1.73828000e-03  4.00000000e+00 
 1.73928000e-03 -1.99546492e+00  1.73928000e-03  4.00000000e+00 
 1.74028000e-03 -1.99627130e+00  1.74028000e-03  4.00000000e+00 
 1.74128000e-03 -1.99699888e+00  1.74128000e-03  4.00000000e+00 
 1.74228000e-03 -1.99764761e+00  1.74228000e-03  4.00000000e+00 
 1.74328000e-03 -1.99821748e+00  1.74328000e-03  4.00000000e+00 
 1.74428000e-03 -1.99870847e+00  1.74428000e-03  4.00000000e+00 
 1.74528000e-03 -1.99912055e+00  1.74528000e-03  4.00000000e+00 
 1.74628000e-03 -1.99945371e+00  1.74628000e-03  4.00000000e+00 
 1.74728000e-03 -1.99970793e+00  1.74728000e-03  4.00000000e+00 
 1.74828000e-03 -1.99988321e+00  1.74828000e-03  4.00000000e+00 
 1.74928000e-03 -1.99997953e+00  1.74928000e-03  4.00000000e+00 
 1.75028000e-03 -1.99999690e+00  1.75028000e-03  4.00000000e+00 
 1.75128000e-03 -1.99993532e+00  1.75128000e-03  4.00000000e+00 
 1.75228000e-03 -1.99979478e+00  1.75228000e-03  4.00000000e+00 
 1.75328000e-03 -1.99957529e+00  1.75328000e-03  4.00000000e+00 
 1.75428000e-03 -1.99927686e+00  1.75428000e-03  4.00000000e+00 
 1.75528000e-03 -1.99889951e+00  1.75528000e-03  4.00000000e+00 
 1.75628000e-03 -1.99844324e+00  1.75628000e-03  4.00000000e+00 
 1.75728000e-03 -1.99790807e+00  1.75728000e-03  4.00000000e+00 
 1.75828000e-03 -1.99729403e+00  1.75828000e-03  4.00000000e+00 
 1.75928000e-03 -1.99660114e+00  1.75928000e-03  4.00000000e+00 
 1.76028000e-03 -1.99582943e+00  1.76028000e-03  4.00000000e+00 
 1.76128000e-03 -1.99497893e+00  1.76128000e-03  4.00000000e+00 
 1.76228000e-03 -1.99404967e+00  1.76228000e-03  4.00000000e+00 
 1.76328000e-03 -1.99304169e+00  1.76328000e-03  4.00000000e+00 
 1.76428000e-03 -1.99195502e+00  1.76428000e-03  4.00000000e+00 
 1.76528000e-03 -1.99078972e+00  1.76528000e-03  4.00000000e+00 
 1.76628000e-03 -1.98954582e+00  1.76628000e-03  4.00000000e+00 
 1.76728000e-03 -1.98822338e+00  1.76728000e-03  4.00000000e+00 
 1.76828000e-03 -1.98682245e+00  1.76828000e-03  4.00000000e+00 
 1.76928000e-03 -1.98534308e+00  1.76928000e-03  4.00000000e+00 
 1.77028000e-03 -1.98378534e+00  1.77028000e-03  4.00000000e+00 
 1.77128000e-03 -1.98214927e+00  1.77128000e-03  4.00000000e+00 
 1.77228000e-03 -1.98043496e+00  1.77228000e-03  4.00000000e+00 
 1.77328000e-03 -1.97864246e+00  1.77328000e-03  4.00000000e+00 
 1.77428000e-03 -1.97677185e+00  1.77428000e-03  4.00000000e+00 
 1.77528000e-03 -1.97482320e+00  1.77528000e-03  4.00000000e+00 
 1.77628000e-03 -1.97279658e+00  1.77628000e-03  4.00000000e+00 
 1.77728000e-03 -1.97069209e+00  1.77728000e-03  4.00000000e+00 
 1.77828000e-03 -1.96850979e+00  1.77828000e-03  4.00000000e+00 
 1.77928000e-03 -1.96624978e+00  1.77928000e-03  4.00000000e+00 
 1.78028000e-03 -1.96391214e+00  1.78028000e-03  4.00000000e+00 
 1.78128000e-03 -1.96149698e+00  1.78128000e-03  4.00000000e+00 
 1.78228000e-03 -1.95900438e+00  1.78228000e-03  4.00000000e+00 
 1.78328000e-03 -1.95643444e+00  1.78328000e-03  4.00000000e+00 
 1.78428000e-03 -1.95378726e+00  1.78428000e-03  4.00000000e+00 
 1.78528000e-03 -1.95106295e+00  1.78528000e-03  4.00000000e+00 
 1.78628000e-03 -1.94826161e+00  1.78628000e-03  4.00000000e+00 
 1.78728000e-03 -1.94538337e+00  1.78728000e-03  4.00000000e+00 
 1.78828000e-03 -1.94242832e+00  1.78828000e-03  4.00000000e+00 
 1.78928000e-03 -1.93939659e+00  1.78928000e-03  4.00000000e+00 
 1.79028000e-03 -1.93628829e+00  1.79028000e-03  4.00000000e+00 
 1.79128000e-03 -1.93310355e+00  1.79128000e-03  4.00000000e+00 
 1.79228000e-03 -1.92984250e+00  1.79228000e-03  4.00000000e+00 
 1.79328000e-03 -1.92650526e+00  1.79328000e-03  4.00000000e+00 
 1.79428000e-03 -1.92309196e+00  1.79428000e-03  4.00000000e+00 
 1.79528000e-03 -1.91960275e+00  1.79528000e-03  4.00000000e+00 
 1.79628000e-03 -1.91603775e+00  1.79628000e-03  4.00000000e+00 
 1.79728000e-03 -1.91239711e+00  1.79728000e-03  4.00000000e+00 
 1.79828000e-03 -1.90868097e+00  1.79828000e-03  4.00000000e+00 
 1.79928000e-03 -1.90488948e+00  1.79928000e-03  4.00000000e+00 
 1.80028000e-03 -1.90102279e+00  1.80028000e-03  4.00000000e+00 
 1.80128000e-03 -1.89708105e+00  1.80128000e-03  4.00000000e+00 
 1.80228000e-03 -1.89306441e+00  1.80228000e-03  4.00000000e+00 
 1.80328000e-03 -1.88897304e+00  1.80328000e-03  4.00000000e+00 
 1.80428000e-03 -1.88480710e+00  1.80428000e-03  4.00000000e+00 
 1.80528000e-03 -1.88056675e+00  1.80528000e-03  4.00000000e+00 
 1.80628000e-03 -1.87625216e+00  1.80628000e-03  4.00000000e+00 
 1.80728000e-03 -1.87186349e+00  1.80728000e-03  4.00000000e+00 
 1.80828000e-03 -1.86740093e+00  1.80828000e-03  4.00000000e+00 
 1.80928000e-03 -1.86286464e+00  1.80928000e-03  4.00000000e+00 
 1.81028000e-03 -1.85825482e+00  1.81028000e-03  4.00000000e+00 
 1.81128000e-03 -1.85357163e+00  1.81128000e-03  4.00000000e+00 
 1.81228000e-03 -1.84881527e+00  1.81228000e-03  4.00000000e+00 
 1.81328000e-03 -1.84398592e+00  1.81328000e-03  4.00000000e+00 
 1.81428000e-03 -1.83908377e+00  1.81428000e-03  4.00000000e+00 
 1.81528000e-03 -1.83410901e+00  1.81528000e-03  4.00000000e+00 
 1.81628000e-03 -1.82906185e+00  1.81628000e-03  4.00000000e+00 
 1.81728000e-03 -1.82394248e+00  1.81728000e-03  4.00000000e+00 
 1.81828000e-03 -1.81875111e+00  1.81828000e-03  4.00000000e+00 
 1.81928000e-03 -1.81348793e+00  1.81928000e-03  4.00000000e+00 
 1.82028000e-03 -1.80815317e+00  1.82028000e-03  4.00000000e+00 
 1.82128000e-03 -1.80274701e+00  1.82128000e-03  4.00000000e+00 
 1.82228000e-03 -1.79726969e+00  1.82228000e-03  4.00000000e+00 
 1.82328000e-03 -1.79172142e+00  1.82328000e-03  4.00000000e+00 
 1.82428000e-03 -1.78610241e+00  1.82428000e-03  4.00000000e+00 
 1.82528000e-03 -1.78041289e+00  1.82528000e-03  4.00000000e+00 
 1.82628000e-03 -1.77465308e+00  1.82628000e-03  4.00000000e+00 
 1.82728000e-03 -1.76882321e+00  1.82728000e-03  4.00000000e+00 
 1.82828000e-03 -1.76292351e+00  1.82828000e-03  4.00000000e+00 
 1.82928000e-03 -1.75695422e+00  1.82928000e-03  4.00000000e+00 
 1.83028000e-03 -1.75091556e+00  1.83028000e-03  4.00000000e+00 
 1.83128000e-03 -1.74480778e+00  1.83128000e-03  4.00000000e+00 
 1.83228000e-03 -1.73863111e+00  1.83228000e-03  4.00000000e+00 
 1.83328000e-03 -1.73238581e+00  1.83328000e-03  4.00000000e+00 
 1.83428000e-03 -1.72607212e+00  1.83428000e-03  4.00000000e+00 
 1.83528000e-03 -1.71969029e+00  1.83528000e-03  4.00000000e+00 
 1.83628000e-03 -1.71324056e+00  1.83628000e-03  4.00000000e+00 
 1.83728000e-03 -1.70672320e+00  1.83728000e-03  4.00000000e+00 
 1.83828000e-03 -1.70013846e+00  1.83828000e-03  4.00000000e+00 
 1.83928000e-03 -1.69348660e+00  1.83928000e-03  4.00000000e+00 
 1.84028000e-03 -1.68676789e+00  1.84028000e-03  4.00000000e+00 
 1.84128000e-03 -1.67998258e+00  1.84128000e-03  4.00000000e+00 
 1.84228000e-03 -1.67313095e+00  1.84228000e-03  4.00000000e+00 
 1.84328000e-03 -1.66621327e+00  1.84328000e-03  4.00000000e+00 
 1.84428000e-03 -1.65922982e+00  1.84428000e-03  4.00000000e+00 
 1.84528000e-03 -1.65218085e+00  1.84528000e-03  4.00000000e+00 
 1.84628000e-03 -1.64506666e+00  1.84628000e-03  4.00000000e+00 
 1.84728000e-03 -1.63788753e+00  1.84728000e-03  4.00000000e+00 
 1.84828000e-03 -1.63064374e+00  1.84828000e-03  4.00000000e+00 
 1.84928000e-03 -1.62333557e+00  1.84928000e-03  4.00000000e+00 
 1.85028000e-03 -1.61596331e+00  1.85028000e-03  4.00000000e+00 
 1.85128000e-03 -1.60852726e+00  1.85128000e-03  4.00000000e+00 
 1.85228000e-03 -1.60102771e+00  1.85228000e-03  4.00000000e+00 
 1.85328000e-03 -1.59346495e+00  1.85328000e-03  4.00000000e+00 
 1.85428000e-03 -1.58583929e+00  1.85428000e-03  4.00000000e+00 
 1.85528000e-03 -1.57815102e+00  1.85528000e-03  4.00000000e+00 
 1.85628000e-03 -1.57040044e+00  1.85628000e-03  4.00000000e+00 
 1.85728000e-03 -1.56258787e+00  1.85728000e-03  4.00000000e+00 
 1.85828000e-03 -1.55471361e+00  1.85828000e-03  4.00000000e+00 
 1.85928000e-03 -1.54677797e+00  1.85928000e-03  4.00000000e+00 
 1.86028000e-03 -1.53878127e+00  1.86028000e-03  4.00000000e+00 
 1.86128000e-03 -1.53072382e+00  1.86128000e-03  4.00000000e+00 
 1.86228000e-03 -1.52260594e+00  1.86228000e-03  4.00000000e+00 
 1.86328000e-03 -1.51442795e+00  1.86328000e-03  4.00000000e+00 
 1.86428000e-03 -1.50619018e+00  1.86428000e-03  4.00000000e+00 
 1.86528000e-03 -1.49789294e+00  1.86528000e-03  4.00000000e+00 
 1.86628000e-03 -1.48953656e+00  1.86628000e-03  4.00000000e+00 
 1.86728000e-03 -1.48112139e+00  1.86728000e-03  4.00000000e+00 
 1.86828000e-03 -1.47264774e+00  1.86828000e-03  4.00000000e+00 
 1.86928000e-03 -1.46411595e+00  1.86928000e-03  4.00000000e+00 
 1.87028000e-03 -1.45552636e+00  1.87028000e-03  4.00000000e+00 
 1.87128000e-03 -1.44687931e+00  1.87128000e-03  4.00000000e+00 
 1.87228000e-03 -1.43817514e+00  1.87228000e-03  4.00000000e+00 
 1.87328000e-03 -1.42941420e+00  1.87328000e-03  4.00000000e+00 
 1.87428000e-03 -1.42059682e+00  1.87428000e-03  4.00000000e+00 
 1.87528000e-03 -1.41172336e+00  1.87528000e-03  4.00000000e+00 
 1.87628000e-03 -1.40279417e+00  1.87628000e-03  4.00000000e+00 
 1.87728000e-03 -1.39380960e+00  1.87728000e-03  4.00000000e+00 
 1.87828000e-03 -1.38477000e+00  1.87828000e-03  4.00000000e+00 
 1.87928000e-03 -1.37567573e+00  1.87928000e-03  4.00000000e+00 
 1.88028000e-03 -1.36652716e+00  1.88028000e-03  4.00000000e+00 
 1.88128000e-03 -1.35732463e+00  1.88128000e-03  4.00000000e+00 
 1.88228000e-03 -1.34806853e+00  1.88228000e-03  4.00000000e+00 
 1.88328000e-03 -1.33875920e+00  1.88328000e-03  4.00000000e+00 
 1.88428000e-03 -1.32939702e+00  1.88428000e-03  4.00000000e+00 
 1.88528000e-03 -1.31998236e+00  1.88528000e-03  4.00000000e+00 
 1.88628000e-03 -1.31051558e+00  1.88628000e-03  4.00000000e+00 
 1.88728000e-03 -1.30099707e+00  1.88728000e-03  4.00000000e+00 
 1.88828000e-03 -1.29142720e+00  1.88828000e-03  4.00000000e+00 
 1.88928000e-03 -1.28180635e+00  1.88928000e-03  4.00000000e+00 
 1.89028000e-03 -1.27213489e+00  1.89028000e-03  4.00000000e+00 
 1.89128000e-03 -1.26241321e+00  1.89128000e-03  4.00000000e+00 
 1.89228000e-03 -1.25264170e+00  1.89228000e-03  4.00000000e+00 
 1.89328000e-03 -1.24282073e+00  1.89328000e-03  4.00000000e+00 
 1.89428000e-03 -1.23295069e+00  1.89428000e-03  4.00000000e+00 
 1.89528000e-03 -1.22303199e+00  1.89528000e-03  4.00000000e+00 
 1.89628000e-03 -1.21306499e+00  1.89628000e-03  4.00000000e+00 
 1.89728000e-03 -1.20305011e+00  1.89728000e-03  4.00000000e+00 
 1.89828000e-03 -1.19298774e+00  1.89828000e-03  4.00000000e+00 
 1.89928000e-03 -1.18287826e+00  1.89928000e-03  4.00000000e+00 
 1.90028000e-03 -1.17272209e+00  1.90028000e-03  4.00000000e+00 
 1.90128000e-03 -1.16251962e+00  1.90128000e-03  4.00000000e+00 
 1.90228000e-03 -1.15227126e+00  1.90228000e-03  4.00000000e+00 
 1.90328000e-03 -1.14197741e+00  1.90328000e-03  4.00000000e+00 
 1.90428000e-03 -1.13163848e+00  1.90428000e-03  4.00000000e+00 
 1.90528000e-03 -1.12125487e+00  1.90528000e-03  4.00000000e+00 
 1.90628000e-03 -1.11082699e+00  1.90628000e-03  4.00000000e+00 
 1.90728000e-03 -1.10035526e+00  1.90728000e-03  4.00000000e+00 
 1.90828000e-03 -1.08984009e+00  1.90828000e-03  4.00000000e+00 
 1.90928000e-03 -1.07928190e+00  1.90928000e-03  4.00000000e+00 
 1.91028000e-03 -1.06868109e+00  1.91028000e-03  4.00000000e+00 
 1.91128000e-03 -1.05803810e+00  1.91128000e-03  4.00000000e+00 
 1.91228000e-03 -1.04735334e+00  1.91228000e-03  4.00000000e+00 
 1.91328000e-03 -1.03662723e+00  1.91328000e-03  4.00000000e+00 
 1.91428000e-03 -1.02586020e+00  1.91428000e-03  4.00000000e+00 
 1.91528000e-03 -1.01505266e+00  1.91528000e-03  4.00000000e+00 
 1.91628000e-03 -1.00420506e+00  1.91628000e-03  4.00000000e+00 
 1.91728000e-03 -9.93317809e-01  1.91728000e-03  4.00000000e+00 
 1.91828000e-03 -9.82391345e-01  1.91828000e-03  4.00000000e+00 
 1.91928000e-03 -9.71426098e-01  1.91928000e-03  4.00000000e+00 
 1.92028000e-03 -9.60422500e-01  1.92028000e-03  4.00000000e+00 
 1.92128000e-03 -9.49380987e-01  1.92128000e-03  4.00000000e+00 
 1.92228000e-03 -9.38301993e-01  1.92228000e-03  4.00000000e+00 
 1.92328000e-03 -9.27185958e-01  1.92328000e-03  4.00000000e+00 
 1.92428000e-03 -9.16033318e-01  1.92428000e-03  4.00000000e+00 
 1.92528000e-03 -9.04844515e-01  1.92528000e-03  4.00000000e+00 
 1.92628000e-03 -8.93619990e-01  1.92628000e-03  4.00000000e+00 
 1.92728000e-03 -8.82360187e-01  1.92728000e-03  4.00000000e+00 
 1.92828000e-03 -8.71065549e-01  1.92828000e-03  4.00000000e+00 
 1.92928000e-03 -8.59736524e-01  1.92928000e-03  4.00000000e+00 
 1.93028000e-03 -8.48373557e-01  1.93028000e-03  4.00000000e+00 
 1.93128000e-03 -8.36977098e-01  1.93128000e-03  4.00000000e+00 
 1.93228000e-03 -8.25547597e-01  1.93228000e-03  4.00000000e+00 
 1.93328000e-03 -8.14085505e-01  1.93328000e-03  4.00000000e+00 
 1.93428000e-03 -8.02591273e-01  1.93428000e-03  4.00000000e+00 
 1.93528000e-03 -7.91065357e-01  1.93528000e-03  4.00000000e+00 
 1.93628000e-03 -7.79508211e-01  1.93628000e-03  4.00000000e+00 
 1.93728000e-03 -7.67920291e-01  1.93728000e-03  4.00000000e+00 
 1.93828000e-03 -7.56302056e-01  1.93828000e-03  4.00000000e+00 
 1.93928000e-03 -7.44653962e-01  1.93928000e-03  4.00000000e+00 
 1.94028000e-03 -7.32976471e-01  1.94028000e-03  4.00000000e+00 
 1.94128000e-03 -7.21270044e-01  1.94128000e-03  4.00000000e+00 
 1.94228000e-03 -7.09535141e-01  1.94228000e-03  4.00000000e+00 
 1.94328000e-03 -6.97772228e-01  1.94328000e-03  4.00000000e+00 
 1.94428000e-03 -6.85981768e-01  1.94428000e-03  4.00000000e+00 
 1.94528000e-03 -6.74164226e-01  1.94528000e-03  4.00000000e+00 
 1.94628000e-03 -6.62320069e-01  1.94628000e-03  4.00000000e+00 
 1.94728000e-03 -6.50449766e-01  1.94728000e-03  4.00000000e+00 
 1.94828000e-03 -6.38553783e-01  1.94828000e-03  4.00000000e+00 
 1.94928000e-03 -6.26632592e-01  1.94928000e-03  4.00000000e+00 
 1.95028000e-03 -6.14686662e-01  1.95028000e-03  4.00000000e+00 
 1.95128000e-03 -6.02716465e-01  1.95128000e-03  4.00000000e+00 
 1.95228000e-03 -5.90722475e-01  1.95228000e-03  4.00000000e+00 
 1.95328000e-03 -5.78705163e-01  1.95328000e-03  4.00000000e+00 
 1.95428000e-03 -5.66665005e-01  1.95428000e-03  4.00000000e+00 
 1.95528000e-03 -5.54602477e-01  1.95528000e-03  4.00000000e+00 
 1.95628000e-03 -5.42518053e-01  1.95628000e-03  4.00000000e+00 
 1.95728000e-03 -5.30412212e-01  1.95728000e-03  4.00000000e+00 
 1.95828000e-03 -5.18285431e-01  1.95828000e-03  4.00000000e+00 
 1.95928000e-03 -5.06138189e-01  1.95928000e-03  4.00000000e+00 
 1.96028000e-03 -4.93970965e-01  1.96028000e-03  4.00000000e+00 
 1.96128000e-03 -4.81784241e-01  1.96128000e-03  4.00000000e+00 
 1.96228000e-03 -4.69578496e-01  1.96228000e-03  4.00000000e+00 
 1.96328000e-03 -4.57354213e-01  1.96328000e-03  4.00000000e+00 
 1.96428000e-03 -4.45111875e-01  1.96428000e-03  4.00000000e+00 
 1.96528000e-03 -4.32851965e-01  1.96528000e-03  4.00000000e+00 
 1.96628000e-03 -4.20574966e-01  1.96628000e-03  4.00000000e+00 
 1.96728000e-03 -4.08281363e-01  1.96728000e-03  4.00000000e+00 
 1.96828000e-03 -3.95971643e-01  1.96828000e-03  4.00000000e+00 
 1.96928000e-03 -3.83646290e-01  1.96928000e-03  4.00000000e+00 
 1.97028000e-03 -3.71305791e-01  1.97028000e-03  4.00000000e+00 
 1.97128000e-03 -3.58950634e-01  1.97128000e-03  4.00000000e+00 
 1.97228000e-03 -3.46581306e-01  1.97228000e-03  4.00000000e+00 
 1.97328000e-03 -3.34198296e-01  1.97328000e-03  4.00000000e+00 
 1.97428000e-03 -3.21802092e-01  1.97428000e-03  4.00000000e+00 
 1.97528000e-03 -3.09393184e-01  1.97528000e-03  4.00000000e+00 
 1.97628000e-03 -2.96972061e-01  1.97628000e-03  4.00000000e+00 
 1.97728000e-03 -2.84539215e-01  1.97728000e-03  4.00000000e+00 
 1.97828000e-03 -2.72095135e-01  1.97828000e-03  4.00000000e+00 
 1.97928000e-03 -2.59640314e-01  1.97928000e-03  4.00000000e+00 
 1.98028000e-03 -2.47175242e-01  1.98028000e-03  4.00000000e+00 
 1.98128000e-03 -2.34700413e-01  1.98128000e-03  4.00000000e+00 
 1.98228000e-03 -2.22216318e-01  1.98228000e-03  4.00000000e+00 
 1.98328000e-03 -2.09723450e-01  1.98328000e-03  4.00000000e+00 
 1.98428000e-03 -1.97222302e-01  1.98428000e-03  4.00000000e+00 
 1.98528000e-03 -1.84713369e-01  1.98528000e-03  4.00000000e+00 
 1.98628000e-03 -1.72197143e-01  1.98628000e-03  4.00000000e+00 
 1.98728000e-03 -1.59674120e-01  1.98728000e-03  4.00000000e+00 
 1.98828000e-03 -1.47144793e-01  1.98828000e-03  4.00000000e+00 
 1.98928000e-03 -1.34609656e-01  1.98928000e-03  4.00000000e+00 
 1.99028000e-03 -1.22069206e-01  1.99028000e-03  4.00000000e+00 
 1.99128000e-03 -1.09523936e-01  1.99128000e-03  4.00000000e+00 
 1.99228000e-03 -9.69743430e-02  1.99228000e-03  4.00000000e+00 
 1.99328000e-03 -8.44209213e-02  1.99328000e-03  4.00000000e+00 
 1.99428000e-03 -7.18641668e-02  1.99428000e-03  4.00000000e+00 
 1.99528000e-03 -5.93045752e-02  1.99528000e-03  4.00000000e+00 
 1.99628000e-03 -4.67426424e-02  1.99628000e-03  4.00000000e+00 
 1.99728000e-03 -3.41788642e-02  1.99728000e-03  4.00000000e+00 
 1.99828000e-03 -2.16137367e-02  1.99828000e-03  4.00000000e+00 
 1.99928000e-03 -9.04775598e-03  1.99928000e-03  4.00000000e+00 
 2.00028000e-03  3.51858196e-03  2.00028000e-03  5.00000000e+00 
 2.00128000e-03  1.60847810e-02  2.00128000e-03  5.00000000e+00 
 2.00228000e-03  2.86503450e-02  2.00228000e-03  5.00000000e+00 
 2.00328000e-03  4.12147780e-02  2.00328000e-03  5.00000000e+00 
 2.00428000e-03  5.37775839e-02  2.00428000e-03  5.00000000e+00 
 2.00528000e-03  6.63382667e-02  2.00528000e-03  5.00000000e+00 
 2.00628000e-03  7.88963306e-02  2.00628000e-03  5.00000000e+00 
 2.00728000e-03  9.14512798e-02  2.00728000e-03  5.00000000e+00 
 2.00828000e-03  1.04002619e-01  2.00828000e-03  5.00000000e+00 
 2.00928000e-03  1.16549852e-01  2.00928000e-03  5.00000000e+00 
 2.01028000e-03  1.29092484e-01  2.01028000e-03  5.00000000e+00 
 2.01128000e-03  1.41630019e-01  2.01128000e-03  5.00000000e+00 
 2.01228000e-03  1.54161963e-01  2.01228000e-03  5.00000000e+00 
 2.01328000e-03  1.66687821e-01  2.01328000e-03  5.00000000e+00 
 2.01428000e-03  1.79207099e-01  2.01428000e-03  5.00000000e+00 
 2.01528000e-03  1.91719302e-01  2.01528000e-03  5.00000000e+00 
 2.01628000e-03  2.04223936e-01  2.01628000e-03  5.00000000e+00 
 2.01728000e-03  2.16720507e-01  2.01728000e-03  5.00000000e+00 
 2.01828000e-03  2.29208523e-01  2.01828000e-03  5.00000000e+00 
 2.01928000e-03  2.41687490e-01  2.01928000e-03  5.00000000e+00 
 2.02028000e-03  2.54156916e-01  2.02028000e-03  5.00000000e+00 
 2.02128000e-03  2.66616308e-01  2.02128000e-03  5.00000000e+00 
 2.02228000e-03  2.79065175e-01  2.02228000e-03  5.00000000e+00 
 2.02328000e-03  2.91503024e-01  2.02328000e-03  5.00000000e+00 
 2.02428000e-03  3.03929365e-01  2.02428000e-03  5.00000000e+00 
 2.02528000e-03  3.16343708e-01  2.02528000e-03  5.00000000e+00 
 2.02628000e-03  3.28745562e-01  2.02628000e-03  5.00000000e+00 
 2.02728000e-03  3.41134438e-01  2.02728000e-03  5.00000000e+00 
 2.02828000e-03  3.53509847e-01  2.02828000e-03  5.00000000e+00 
 2.02928000e-03  3.65871299e-01  2.02928000e-03  5.00000000e+00 
 2.03028000e-03  3.78218307e-01  2.03028000e-03  5.00000000e+00 
 2.03128000e-03  3.90550384e-01  2.03128000e-03  5.00000000e+00 
 2.03228000e-03  4.02867043e-01  2.03228000e-03  5.00000000e+00 
 2.03328000e-03  4.15167797e-01  2.03328000e-03  5.00000000e+00 
 2.03428000e-03  4.27452162e-01  2.03428000e-03  5.00000000e+00 
 2.03528000e-03  4.39719651e-01  2.03528000e-03  5.00000000e+00 
 2.03628000e-03  4.51969780e-01  2.03628000e-03  5.00000000e+00 
 2.03728000e-03  4.64202067e-01  2.03728000e-03  5.00000000e+00 
 2.03828000e-03  4.76416028e-01  2.03828000e-03  5.00000000e+00 
 2.03928000e-03  4.88611181e-01  2.03928000e-03  5.00000000e+00 
 2.04028000e-03  5.00787044e-01  2.04028000e-03  5.00000000e+00 
 2.04128000e-03  5.12943137e-01  2.04128000e-03  5.00000000e+00 
 2.04228000e-03  5.25078980e-01  2.04228000e-03  5.00000000e+00 
 2.04328000e-03  5.37194093e-01  2.04328000e-03  5.00000000e+00 
 2.04428000e-03  5.49287999e-01  2.04428000e-03  5.00000000e+00 
 2.04528000e-03  5.61360221e-01  2.04528000e-03  5.00000000e+00 
 2.04628000e-03  5.73410280e-01  2.04628000e-03  5.00000000e+00 
 2.04728000e-03  5.85437703e-01  2.04728000e-03  5.00000000e+00 
 2.04828000e-03  5.97442013e-01  2.04828000e-03  5.00000000e+00 
 2.04928000e-03  6.09422737e-01  2.04928000e-03  5.00000000e+00 
 2.05028000e-03  6.21379403e-01  2.05028000e-03  5.00000000e+00 
 2.05128000e-03  6.33311537e-01  2.05128000e-03  5.00000000e+00 
 2.05228000e-03  6.45218669e-01  2.05228000e-03  5.00000000e+00 
 2.05328000e-03  6.57100329e-01  2.05328000e-03  5.00000000e+00 
 2.05428000e-03  6.68956048e-01  2.05428000e-03  5.00000000e+00 
 2.05528000e-03  6.80785358e-01  2.05528000e-03  5.00000000e+00 
 2.05628000e-03  6.92587792e-01  2.05628000e-03  5.00000000e+00 
 2.05728000e-03  7.04362883e-01  2.05728000e-03  5.00000000e+00 
 2.05828000e-03  7.16110167e-01  2.05828000e-03  5.00000000e+00 
 2.05928000e-03  7.27829181e-01  2.05928000e-03  5.00000000e+00 
 2.06028000e-03  7.39519461e-01  2.06028000e-03  5.00000000e+00 
 2.06128000e-03  7.51180546e-01  2.06128000e-03  5.00000000e+00 
 2.06228000e-03  7.62811976e-01  2.06228000e-03  5.00000000e+00 
 2.06328000e-03  7.74413291e-01  2.06328000e-03  5.00000000e+00 
 2.06428000e-03  7.85984034e-01  2.06428000e-03  5.00000000e+00 
 2.06528000e-03  7.97523747e-01  2.06528000e-03  5.00000000e+00 
 2.06628000e-03  8.09031975e-01  2.06628000e-03  5.00000000e+00 
 2.06728000e-03  8.20508265e-01  2.06728000e-03  5.00000000e+00 
 2.06828000e-03  8.31952162e-01  2.06828000e-03  5.00000000e+00 
 2.06928000e-03  8.43363215e-01  2.06928000e-03  5.00000000e+00 
 2.07028000e-03  8.54740973e-01  2.07028000e-03  5.00000000e+00 
 2.07128000e-03  8.66084988e-01  2.07128000e-03  5.00000000e+00 
 2.07228000e-03  8.77394811e-01  2.07228000e-03  5.00000000e+00 
 2.07328000e-03  8.88669997e-01  2.07328000e-03  5.00000000e+00 
 2.07428000e-03  8.99910099e-01  2.07428000e-03  5.00000000e+00 
 2.07528000e-03  9.11114674e-01  2.07528000e-03  5.00000000e+00 
 2.07628000e-03  9.22283280e-01  2.07628000e-03  5.00000000e+00 
 2.07728000e-03  9.33415475e-01  2.07728000e-03  5.00000000e+00 
 2.07828000e-03  9.44510821e-01  2.07828000e-03  5.00000000e+00 
 2.07928000e-03  9.55568880e-01  2.07928000e-03  5.00000000e+00 
 2.08028000e-03  9.66589214e-01  2.08028000e-03  5.00000000e+00 
 2.08128000e-03  9.77571389e-01  2.08128000e-03  5.00000000e+00 
 2.08228000e-03  9.88514971e-01  2.08228000e-03  5.00000000e+00 
 2.08328000e-03  9.99419528e-01  2.08328000e-03  5.00000000e+00 
 2.08428000e-03  1.01028463e+00  2.08428000e-03  5.00000000e+00 
 2.08528000e-03  1.02110985e+00  2.08528000e-03  5.00000000e+00 
 2.08628000e-03  1.03189475e+00  2.08628000e-03  5.00000000e+00 
 2.08728000e-03  1.04263892e+00  2.08728000e-03  5.00000000e+00 
 2.08828000e-03  1.05334193e+00  2.08828000e-03  5.00000000e+00 
 2.08928000e-03  1.06400335e+00  2.08928000e-03  5.00000000e+00 
 2.09028000e-03  1.07462277e+00  2.09028000e-03  5.00000000e+00 
 2.09128000e-03  1.08519976e+00  2.09128000e-03  5.00000000e+00 
 2.09228000e-03  1.09573391e+00  2.09228000e-03  5.00000000e+00 
 2.09328000e-03  1.10622481e+00  2.09328000e-03  5.00000000e+00 
 2.09428000e-03  1.11667203e+00  2.09428000e-03  5.00000000e+00 
 2.09528000e-03  1.12707517e+00  2.09528000e-03  5.00000000e+00 
 2.09628000e-03  1.13743381e+00  2.09628000e-03  5.00000000e+00 
 2.09728000e-03  1.14774755e+00  2.09728000e-03  5.00000000e+00 
 2.09828000e-03  1.15801598e+00  2.09828000e-03  5.00000000e+00 
 2.09928000e-03  1.16823869e+00  2.09928000e-03  5.00000000e+00 
 2.10028000e-03  1.17841528e+00  2.10028000e-03  5.00000000e+00 
 2.10128000e-03  1.18854535e+00  2.10128000e-03  5.00000000e+00 
 2.10228000e-03  1.19862849e+00  2.10228000e-03  5.00000000e+00 
 2.10328000e-03  1.20866432e+00  2.10328000e-03  5.00000000e+00 
 2.10428000e-03  1.21865243e+00  2.10428000e-03  5.00000000e+00 
 2.10528000e-03  1.22859244e+00  2.10528000e-03  5.00000000e+00 
 2.10628000e-03  1.23848393e+00  2.10628000e-03  5.00000000e+00 
 2.10728000e-03  1.24832654e+00  2.10728000e-03  5.00000000e+00 
 2.10828000e-03  1.25811986e+00  2.10828000e-03  5.00000000e+00 
 2.10928000e-03  1.26786352e+00  2.10928000e-03  5.00000000e+00 
 2.11028000e-03  1.27755712e+00  2.11028000e-03  5.00000000e+00 
 2.11128000e-03  1.28720029e+00  2.11128000e-03  5.00000000e+00 
 2.11228000e-03  1.29679264e+00  2.11228000e-03  5.00000000e+00 
 2.11328000e-03  1.30633379e+00  2.11328000e-03  5.00000000e+00 
 2.11428000e-03  1.31582337e+00  2.11428000e-03  5.00000000e+00 
 2.11528000e-03  1.32526101e+00  2.11528000e-03  5.00000000e+00 
 2.11628000e-03  1.33464633e+00  2.11628000e-03  5.00000000e+00 
 2.11728000e-03  1.34397896e+00  2.11728000e-03  5.00000000e+00 
 2.11828000e-03  1.35325853e+00  2.11828000e-03  5.00000000e+00 
 2.11928000e-03  1.36248467e+00  2.11928000e-03  5.00000000e+00 
 2.12028000e-03  1.37165703e+00  2.12028000e-03  5.00000000e+00 
 2.12128000e-03  1.38077524e+00  2.12128000e-03  5.00000000e+00 
 2.12228000e-03  1.38983893e+00  2.12228000e-03  5.00000000e+00 
 2.12328000e-03  1.39884776e+00  2.12328000e-03  5.00000000e+00 
 2.12428000e-03  1.40780136e+00  2.12428000e-03  5.00000000e+00 
 2.12528000e-03  1.41669939e+00  2.12528000e-03  5.00000000e+00 
 2.12628000e-03  1.42554148e+00  2.12628000e-03  5.00000000e+00 
 2.12728000e-03  1.43432730e+00  2.12728000e-03  5.00000000e+00 
 2.12828000e-03  1.44305650e+00  2.12828000e-03  5.00000000e+00 
 2.12928000e-03  1.45172872e+00  2.12928000e-03  5.00000000e+00 
 2.13028000e-03  1.46034363e+00  2.13028000e-03  5.00000000e+00 
 2.13128000e-03  1.46890089e+00  2.13128000e-03  5.00000000e+00 
 2.13228000e-03  1.47740017e+00  2.13228000e-03  5.00000000e+00 
 2.13328000e-03  1.48584111e+00  2.13328000e-03  5.00000000e+00 
 2.13428000e-03  1.49422340e+00  2.13428000e-03  5.00000000e+00 
 2.13528000e-03  1.50254670e+00  2.13528000e-03  5.00000000e+00 
 2.13628000e-03  1.51081068e+00  2.13628000e-03  5.00000000e+00 
 2.13728000e-03  1.51901501e+00  2.13728000e-03  5.00000000e+00 
 2.13828000e-03  1.52715938e+00  2.13828000e-03  5.00000000e+00 
 2.13928000e-03  1.53524346e+00  2.13928000e-03  5.00000000e+00 
 2.14028000e-03  1.54326693e+00  2.14028000e-03  5.00000000e+00 
 2.14128000e-03  1.55122947e+00  2.14128000e-03  5.00000000e+00 
 2.14228000e-03  1.55913078e+00  2.14228000e-03  5.00000000e+00 
 2.14328000e-03  1.56697053e+00  2.14328000e-03  5.00000000e+00 
 2.14428000e-03  1.57474842e+00  2.14428000e-03  5.00000000e+00 
 2.14528000e-03  1.58246414e+00  2.14528000e-03  5.00000000e+00 
 2.14628000e-03  1.59011739e+00  2.14628000e-03  5.00000000e+00 
 2.14728000e-03  1.59770787e+00  2.14728000e-03  5.00000000e+00 
 2.14828000e-03  1.60523527e+00  2.14828000e-03  5.00000000e+00 
 2.14928000e-03  1.61269929e+00  2.14928000e-03  5.00000000e+00 
 2.15028000e-03  1.62009966e+00  2.15028000e-03  5.00000000e+00 
 2.15128000e-03  1.62743606e+00  2.15128000e-03  5.00000000e+00 
 2.15228000e-03  1.63470821e+00  2.15228000e-03  5.00000000e+00 
 2.15328000e-03  1.64191583e+00  2.15328000e-03  5.00000000e+00 
 2.15428000e-03  1.64905863e+00  2.15428000e-03  5.00000000e+00 
 2.15528000e-03  1.65613633e+00  2.15528000e-03  5.00000000e+00 
 2.15628000e-03  1.66314864e+00  2.15628000e-03  5.00000000e+00 
 2.15728000e-03  1.67009530e+00  2.15728000e-03  5.00000000e+00 
 2.15828000e-03  1.67697602e+00  2.15828000e-03  5.00000000e+00 
 2.15928000e-03  1.68379054e+00  2.15928000e-03  5.00000000e+00 
 2.16028000e-03  1.69053859e+00  2.16028000e-03  5.00000000e+00 
 2.16128000e-03  1.69721990e+00  2.16128000e-03  5.00000000e+00 
 2.16228000e-03  1.70383420e+00  2.16228000e-03  5.00000000e+00 
 2.16328000e-03  1.71038124e+00  2.16328000e-03  5.00000000e+00 
 2.16428000e-03  1.71686076e+00  2.16428000e-03  5.00000000e+00 
 2.16528000e-03  1.72327249e+00  2.16528000e-03  5.00000000e+00 
 2.16628000e-03  1.72961620e+00  2.16628000e-03  5.00000000e+00 
 2.16728000e-03  1.73589162e+00  2.16728000e-03  5.00000000e+00 
 2.16828000e-03  1.74209852e+00  2.16828000e-03  5.00000000e+00 
 2.16928000e-03  1.74823664e+00  2.16928000e-03  5.00000000e+00 
 2.17028000e-03  1.75430574e+00  2.17028000e-03  5.00000000e+00 
 2.17128000e-03  1.76030558e+00  2.17128000e-03  5.00000000e+00 
 2.17228000e-03  1.76623593e+00  2.17228000e-03  5.00000000e+00 
 2.17328000e-03  1.77209655e+00  2.17328000e-03  5.00000000e+00 
 2.17428000e-03  1.77788722e+00  2.17428000e-03  5.00000000e+00 
 2.17528000e-03  1.78360769e+00  2.17528000e-03  5.00000000e+00 
 2.17628000e-03  1.78925775e+00  2.17628000e-03  5.00000000e+00 
 2.17728000e-03  1.79483718e+00  2.17728000e-03  5.00000000e+00 
 2.17828000e-03  1.80034575e+00  2.17828000e-03  5.00000000e+00 
 2.17928000e-03  1.80578324e+00  2.17928000e-03  5.00000000e+00 
 2.18028000e-03  1.81114944e+00  2.18028000e-03  5.00000000e+00 
 2.18128000e-03  1.81644415e+00  2.18128000e-03  5.00000000e+00 
 2.18228000e-03  1.82166714e+00  2.18228000e-03  5.00000000e+00 
 2.18328000e-03  1.82681822e+00  2.18328000e-03  5.00000000e+00 
 2.18428000e-03  1.83189717e+00  2.18428000e-03  5.00000000e+00 
 2.18528000e-03  1.83690381e+00  2.18528000e-03  5.00000000e+00 
 2.18628000e-03  1.84183793e+00  2.18628000e-03  5.00000000e+00 
 2.18728000e-03  1.84669933e+00  2.18728000e-03  5.00000000e+00 
 2.18828000e-03  1.85148783e+00  2.18828000e-03  5.00000000e+00 
 2.18928000e-03  1.85620324e+00  2.18928000e-03  5.00000000e+00 
 2.19028000e-03  1.86084537e+00  2.19028000e-03  5.00000000e+00 
 2.19128000e-03  1.86541404e+00  2.19128000e-03  5.00000000e+00 
 2.19228000e-03  1.86990906e+00  2.19228000e-03  5.00000000e+00 
 2.19328000e-03  1.87433026e+00  2.19328000e-03  5.00000000e+00 
 2.19428000e-03  1.87867746e+00  2.19428000e-03  5.00000000e+00 
 2.19528000e-03  1.88295050e+00  2.19528000e-03  5.00000000e+00 
 2.19628000e-03  1.88714921e+00  2.19628000e-03  5.00000000e+00 
 2.19728000e-03  1.89127341e+00  2.19728000e-03  5.00000000e+00 
 2.19828000e-03  1.89532295e+00  2.19828000e-03  5.00000000e+00 
 2.19928000e-03  1.89929766e+00  2.19928000e-03  5.00000000e+00 
 2.20028000e-03  1.90319739e+00  2.20028000e-03  5.00000000e+00 
 2.20128000e-03  1.90702199e+00  2.20128000e-03  5.00000000e+00 
 2.20228000e-03  1.91077130e+00  2.20228000e-03  5.00000000e+00 
 2.20328000e-03  1.91444518e+00  2.20328000e-03  5.00000000e+00 
 2.20428000e-03  1.91804347e+00  2.20428000e-03  5.00000000e+00 
 2.20528000e-03  1.92156605e+00  2.20528000e-03  5.00000000e+00 
 2.20628000e-03  1.92501277e+00  2.20628000e-03  5.00000000e+00 
 2.20728000e-03  1.92838349e+00  2.20728000e-03  5.00000000e+00 
 2.20828000e-03  1.93167808e+00  2.20828000e-03  5.00000000e+00 
 2.20928000e-03  1.93489641e+00  2.20928000e-03  5.00000000e+00 
 2.21028000e-03  1.93803836e+00  2.21028000e-03  5.00000000e+00 
 2.21128000e-03  1.94110380e+00  2.21128000e-03  5.00000000e+00 
 2.21228000e-03  1.94409260e+00  2.21228000e-03  5.00000000e+00 
 2.21328000e-03  1.94700465e+00  2.21328000e-03  5.00000000e+00 
 2.21428000e-03  1.94983984e+00  2.21428000e-03  5.00000000e+00 
 2.21528000e-03  1.95259806e+00  2.21528000e-03  5.00000000e+00 
 2.21628000e-03  1.95527919e+00  2.21628000e-03  5.00000000e+00 
 2.21728000e-03  1.95788312e+00  2.21728000e-03  5.00000000e+00 
 2.21828000e-03  1.96040977e+00  2.21828000e-03  5.00000000e+00 
 2.21928000e-03  1.96285902e+00  2.21928000e-03  5.00000000e+00 
 2.22028000e-03  1.96523078e+00  2.22028000e-03  5.00000000e+00 
 2.22128000e-03  1.96752495e+00  2.22128000e-03  5.00000000e+00 
 2.22228000e-03  1.96974145e+00  2.22228000e-03  5.00000000e+00 
 2.22328000e-03  1.97188019e+00  2.22328000e-03  5.00000000e+00 
 2.22428000e-03  1.97394109e+00  2.22428000e-03  5.00000000e+00 
 2.22528000e-03  1.97592405e+00  2.22528000e-03  5.00000000e+00 
 2.22628000e-03  1.97782901e+00  2.22628000e-03  5.00000000e+00 
 2.22728000e-03  1.97965589e+00  2.22728000e-03  5.00000000e+00 
 2.22828000e-03  1.98140461e+00  2.22828000e-03  5.00000000e+00 
 2.22928000e-03  1.98307511e+00  2.22928000e-03  5.00000000e+00 
 2.23028000e-03  1.98466733e+00  2.23028000e-03  5.00000000e+00 
 2.23128000e-03  1.98618119e+00  2.23128000e-03  5.00000000e+00 
 2.23228000e-03  1.98761664e+00  2.23228000e-03  5.00000000e+00 
 2.23328000e-03  1.98897362e+00  2.23328000e-03  5.00000000e+00 
 2.23428000e-03  1.99025209e+00  2.23428000e-03  5.00000000e+00 
 2.23528000e-03  1.99145198e+00  2.23528000e-03  5.00000000e+00 
 2.23628000e-03  1.99257325e+00  2.23628000e-03  5.00000000e+00 
 2.23728000e-03  1.99361585e+00  2.23728000e-03  5.00000000e+00 
 2.23828000e-03  1.99457976e+00  2.23828000e-03  5.00000000e+00 
 2.23928000e-03  1.99546492e+00  2.23928000e-03  5.00000000e+00 
 2.24028000e-03  1.99627130e+00  2.24028000e-03  5.00000000e+00 
 2.24128000e-03  1.99699888e+00  2.24128000e-03  5.00000000e+00 
 2.24228000e-03  1.99764761e+00  2.24228000e-03  5.00000000e+00 
 2.24328000e-03  1.99821748e+00  2.24328000e-03  5.00000000e+00 
 2.24428000e-03  1.99870847e+00  2.24428000e-03  5.00000000e+00 
 2.24528000e-03  1.99912055e+00  2.24528000e-03  5.00000000e+00 
 2.24628000e-03  1.99945371e+00  2.24628000e-03  5.00000000e+00 
 2.24728000e-03  1.99970793e+00  2.24728000e-03  5.00000000e+00 
 2.24828000e-03  1.99988321e+00  2.24828000e-03  5.00000000e+00 
 2.24928000e-03  1.99997953e+00  2.24928000e-03  5.00000000e+00 
 2.25028000e-03  1.99999690e+00  2.25028000e-03  5.00000000e+00 
 2.25128000e-03  1.99993532e+00  2.25128000e-03  5.00000000e+00 
 2.25228000e-03  1.99979478e+00  2.25228000e-03  5.00000000e+00 
 2.25328000e-03  1.99957529e+00  2.25328000e-03  5.00000000e+00 
 2.25428000e-03  1.99927686e+00  2.25428000e-03  5.00000000e+00 
 2.25528000e-03  1.99889951e+00  2.25528000e-03  5.00000000e+00 
 2.25628000e-03  1.99844324e+00  2.25628000e-03  5.00000000e+00 
 2.25728000e-03  1.99790807e+00  2.25728000e-03  5.00000000e+00 
 2.25828000e-03  1.99729403e+00  2.25828000e-03  5.00000000e+00 
 2.25928000e-03  1.99660114e+00  2.25928000e-03  5.00000000e+00 
 2.26028000e-03  1.99582943e+00  2.26028000e-03  5.00000000e+00 
 2.26128000e-03  1.99497893e+00  2.26128000e-03  5.00000000e+00 
 2.26228000e-03  1.99404967e+00  2.26228000e-03  5.00000000e+00 
 2.26328000e-03  1.99304169e+00  2.26328000e-03  5.00000000e+00 
 2.26428000e-03  1.99195502e+00  2.26428000e-03  5.00000000e+00 
 2.26528000e-03  1.99078972e+00  2.26528000e-03  5.00000000e+00 
 2.26628000e-03  1.98954582e+00  2.26628000e-03  5.00000000e+00 
 2.26728000e-03  1.98822338e+00  2.26728000e-03  5.00000000e+00 
 2.26828000e-03  1.98682245e+00  2.26828000e-03  5.00000000e+00 
 2.26928000e-03  1.98534308e+00  2.26928000e-03  5.00000000e+00 
 2.27028000e-03  1.98378534e+00  2.27028000e-03  5.00000000e+00 
 2.27128000e-03  1.98214927e+00  2.27128000e-03  5.00000000e+00 
 2.27228000e-03  1.98043496e+00  2.27228000e-03  5.00000000e+00 
 2.27328000e-03  1.97864246e+00  2.27328000e-03  5.00000000e+00 
 2.27428000e-03  1.97677185e+00  2.27428000e-03  5.00000000e+00 
 2.27528000e-03  1.97482320e+00  2.27528000e-03  5.00000000e+00 
 2.27628000e-03  1.97279658e+00  2.27628000e-03  5.00000000e+00 
 2.27728000e-03  1.97069209e+00  2.27728000e-03  5.00000000e+00 
 2.27828000e-03  1.96850979e+00  2.27828000e-03  5.00000000e+00 
 2.27928000e-03  1.96624978e+00  2.27928000e-03  5.00000000e+00 
 2.28028000e-03  1.96391214e+00  2.28028000e-03  5.00000000e+00 
 2.28128000e-03  1.96149698e+00  2.28128000e-03  5.00000000e+00 
 2.28228000e-03  1.95900438e+00  2.28228000e-03  5.00000000e+00 
 2.28328000e-03  1.95643444e+00  2.28328000e-03  5.00000000e+00 
 2.28428000e-03  1.95378726e+00  2.28428000e-03  5.00000000e+00 
 2.28528000e-03  1.95106295e+00  2.28528000e-03  5.00000000e+00 
 2.28628000e-03  1.94826161e+00  2.28628000e-03  5.00000000e+00 
 2.28728000e-03  1.94538337e+00  2.28728000e-03  5.00000000e+00 
 2.28828000e-03  1.94242832e+00  2.28828000e-03  5.00000000e+00 
 2.28928000e-03  1.93939659e+00  2.28928000e-03  5.00000000e+00 
 2.29028000e-03  1.93628829e+00  2.29028000e-03  5.00000000e+00 
 2.29128000e-03  1.93310355e+00  2.29128000e-03  5.00000000e+00 
 2.29228000e-03  1.92984250e+00  2.29228000e-03  5.00000000e+00 
 2.29328000e-03  1.92650526e+00  2.29328000e-03  5.00000000e+00 
 2.29428000e-03  1.92309196e+00  2.29428000e-03  5.00000000e+00 
 2.29528000e-03  1.91960275e+00  2.29528000e-03  5.00000000e+00 
 2.29628000e-03  1.91603775e+00  2.29628000e-03  5.00000000e+00 
 2.29728000e-03  1.91239711e+00  2.29728000e-03  5.00000000e+00 
 2.29828000e-03  1.90868097e+00  2.29828000e-03  5.00000000e+00 
 2.29928000e-03  1.90488948e+00  2.29928000e-03  5.00000000e+00 
 2.30028000e-03  1.90102279e+00  2.30028000e-03  5.00000000e+00 
 2.30128000e-03  1.89708105e+00  2.30128000e-03  5.00000000e+00 
 2.30228000e-03  1.89306441e+00  2.30228000e-03  5.00000000e+00 
 2.30328000e-03  1.88897304e+00  2.30328000e-03  5.00000000e+00 
 2.30428000e-03  1.88480710e+00  2.30428000e-03  5.00000000e+00 
 2.30528000e-03  1.88056675e+00  2.30528000e-03  5.00000000e+00 
 2.30628000e-03  1.87625216e+00  2.30628000e-03  5.00000000e+00 
 2.30728000e-03  1.87186349e+00  2.30728000e-03  5.00000000e+00 
 2.30828000e-03  1.86740093e+00  2.30828000e-03  5.00000000e+00 
 2.30928000e-03  1.86286464e+00  2.30928000e-03  5.00000000e+00 
 2.31028000e-03  1.85825482e+00  2.31028000e-03  5.00000000e+00 
 2.31128000e-03  1.85357163e+00  2.31128000e-03  5.00000000e+00 
 2.31228000e-03  1.84881527e+00  2.31228000e-03  5.00000000e+00 
 2.31328000e-03  1.84398592e+00  2.31328000e-03  5.00000000e+00 
 2.31428000e-03  1.83908377e+00  2.31428000e-03  5.00000000e+00 
 2.31528000e-03  1.83410901e+00  2.31528000e-03  5.00000000e+00 
 2.31628000e-03  1.82906185e+00  2.31628000e-03  5.00000000e+00 
 2.31728000e-03  1.82394248e+00  2.31728000e-03  5.00000000e+00 
 2.31828000e-03  1.81875111e+00  2.31828000e-03  5.00000000e+00 
 2.31928000e-03  1.81348793e+00  2.31928000e-03  5.00000000e+00 
 2.32028000e-03  1.80815317e+00  2.32028000e-03  5.00000000e+00 
 2.32128000e-03  1.80274701e+00  2.32128000e-03  5.00000000e+00 
 2.32228000e-03  1.79726969e+00  2.32228000e-03  5.00000000e+00 
 2.32328000e-03  1.79172142e+00  2.32328000e-03  5.00000000e+00 
 2.32428000e-03  1.78610241e+00  2.32428000e-03  5.00000000e+00 
 2.32528000e-03  1.78041289e+00  2.32528000e-03  5.00000000e+00 
 2.32628000e-03  1.77465308e+00  2.32628000e-03  5.00000000e+00 
 2.32728000e-03  1.76882321e+00  2.32728000e-03  5.00000000e+00 
 2.32828000e-03  1.76292351e+00  2.32828000e-03  5.00000000e+00 
 2.32928000e-03  1.75695422e+00  2.32928000e-03  5.00000000e+00 
 2.33028000e-03  1.75091556e+00  2.33028000e-03  5.00000000e+00 
 2.33128000e-03  1.74480778e+00  2.33128000e-03  5.00000000e+00 
 2.33228000e-03  1.73863111e+00  2.33228000e-03  5.00000000e+00 
 2.33328000e-03  1.73238581e+00  2.33328000e-03  5.00000000e+00 
 2.33428000e-03  1.72607212e+00  2.33428000e-03  5.00000000e+00 
 2.33528000e-03  1.71969029e+00  2.33528000e-03  5.00000000e+00 
 2.33628000e-03  1.71324056e+00  2.33628000e-03  5.00000000e+00 
 2.33728000e-03  1.70672320e+00  2.33728000e-03  5.00000000e+00 
 2.33828000e-03  1.70013846e+00  2.33828000e-03  5.00000000e+00 
 2.33928000e-03  1.69348660e+00  2.33928000e-03  5.00000000e+00 
 2.34028000e-03  1.68676789e+00  2.34028000e-03  5.00000000e+00 
 2.34128000e-03  1.67998258e+00  2.34128000e-03  5.00000000e+00 
 2.34228000e-03  1.67313095e+00  2.34228000e-03  5.00000000e+00 
 2.34328000e-03  1.66621327e+00  2.34328000e-03  5.00000000e+00 
 2.34428000e-03  1.65922982e+00  2.34428000e-03  5.00000000e+00 
 2.34528000e-03  1.65218085e+00  2.34528000e-03  5.00000000e+00 
 2.34628000e-03  1.64506666e+00  2.34628000e-03  5.00000000e+00 
 2.34728000e-03  1.63788753e+00  2.34728000e-03  5.00000000e+00 
 2.34828000e-03  1.63064374e+00  2.34828000e-03  5.00000000e+00 
 2.34928000e-03  1.62333557e+00  2.34928000e-03  5.00000000e+00 
 2.35028000e-03  1.61596331e+00  2.35028000e-03  5.00000000e+00 
 2.35128000e-03  1.60852726e+00  2.35128000e-03  5.00000000e+00 
 2.35228000e-03  1.60102771e+00  2.35228000e-03  5.00000000e+00 
 2.35328000e-03  1.59346495e+00  2.35328000e-03  5.00000000e+00 
 2.35428000e-03  1.58583929e+00  2.35428000e-03  5.00000000e+00 
 2.35528000e-03  1.57815102e+00  2.35528000e-03  5.00000000e+00 
 2.35628000e-03  1.57040044e+00  2.35628000e-03  5.00000000e+00 
 2.35728000e-03  1.56258787e+00  2.35728000e-03  5.00000000e+00 
 2.35828000e-03  1.55471361e+00  2.35828000e-03  5.00000000e+00 
 2.35928000e-03  1.54677797e+00  2.35928000e-03  5.00000000e+00 
 2.36028000e-03  1.53878127e+00  2.36028000e-03  5.00000000e+00 
 2.36128000e-03  1.53072382e+00  2.36128000e-03  5.00000000e+00 
 2.36228000e-03  1.52260594e+00  2.36228000e-03  5.00000000e+00 
 2.36328000e-03  1.51442795e+00  2.36328000e-03  5.00000000e+00 
 2.36428000e-03  1.50619018e+00  2.36428000e-03  5.00000000e+00 
 2.36528000e-03  1.49789294e+00  2.36528000e-03  5.00000000e+00 
 2.36628000e-03  1.48953656e+00  2.36628000e-03  5.00000000e+00 
 2.36728000e-03  1.48112139e+00  2.36728000e-03  5.00000000e+00 
 2.36828000e-03  1.47264774e+00  2.36828000e-03  5.00000000e+00 
 2.36928000e-03  1.46411595e+00  2.36928000e-03  5.00000000e+00 
 2.37028000e-03  1.45552636e+00  2.37028000e-03  5.00000000e+00 
 2.37128000e-03  1.44687931e+00  2.37128000e-03  5.00000000e+00 
 2.37228000e-03  1.43817514e+00  2.37228000e-03  5.00000000e+00 
 2.37328000e-03  1.42941420e+00  2.37328000e-03  5.00000000e+00 
 2.37428000e-03  1.42059682e+00  2.37428000e-03  5.00000000e+00 
 2.37528000e-03  1.41172336e+00  2.37528000e-03  5.00000000e+00 
 2.37628000e-03  1.40279417e+00  2.37628000e-03  5.00000000e+00 
 2.37728000e-03  1.39380960e+00  2.37728000e-03  5.00000000e+00 
 2.37828000e-03  1.38477000e+00  2.37828000e-03  5.00000000e+00 
 2.37928000e-03  1.37567573e+00  2.37928000e-03  5.00000000e+00 
 2.38028000e-03  1.36652716e+00  2.38028000e-03  5.00000000e+00 
 2.38128000e-03  1.35732463e+00  2.38128000e-03  5.00000000e+00 
 2.38228000e-03  1.34806853e+00  2.38228000e-03  5.00000000e+00 
 2.38328000e-03  1.33875920e+00  2.38328000e-03  5.00000000e+00 
 2.38428000e-03  1.32939702e+00  2.38428000e-03  5.00000000e+00 
 2.38528000e-03  1.31998236e+00  2.38528000e-03  5.00000000e+00 
 2.38628000e-03  1.31051558e+00  2.38628000e-03  5.00000000e+00 
 2.38728000e-03  1.30099707e+00  2.38728000e-03  5.00000000e+00 
 2.38828000e-03  1.29142720e+00  2.38828000e-03  5.00000000e+00 
 2.38928000e-03  1.28180635e+00  2.38928000e-03  5.00000000e+00 
 2.39028000e-03  1.27213489e+00  2.39028000e-03  5.00000000e+00 
 2.39128000e-03  1.26241321e+00  2.39128000e-03  5.00000000e+00 
 2.39228000e-03  1.25264170e+00  2.39228000e-03  5.00000000e+00 
 2.39328000e-03  1.24282073e+00  2.39328000e-03  5.00000000e+00 
 2.39428000e-03  1.23295069e+00  2.39428000e-03  5.00000000e+00 
 2.39528000e-03  1.22303199e+00  2.39528000e-03  5.00000000e+00 
 2.39628000e-03  1.21306499e+00  2.39628000e-03  5.00000000e+00 
 2.39728000e-03  1.20305011e+00  2.39728000e-03  5.00000000e+00 
 2.39828000e-03  1.19298774e+00  2.39828000e-03  5.00000000e+00 
 2.39928000e-03  1.18287826e+00  2.39928000e-03  5.00000000e+00 
 2.40028000e-03  1.17272209e+00  2.40028000e-03  5.00000000e+00 
 2.40128000e-03  1.16251962e+00  2.40128000e-03  5.00000000e+00 
 2.40228000e-03  1.15227126e+00  2.40228000e-03  5.00000000e+00 
 2.40328000e-03  1.14197741e+00  2.40328000e-03  5.00000000e+00 
 2.40428000e-03  1.13163848e+00  2.40428000e-03  5.00000000e+00 
 2.40528000e-03  1.12125487e+00  2.40528000e-03  5.00000000e+00 
 2.40628000e-03  1.11082699e+00  2.40628000e-03  5.00000000e+00 
 2.40728000e-03  1.10035526e+00  2.40728000e-03  5.00000000e+00 
 2.40828000e-03  1.08984009e+00  2.40828000e-03  5.00000000e+00 
 2.40928000e-03  1.07928190e+00  2.40928000e-03  5.00000000e+00 
 2.41028000e-03  1.06868109e+00  2.41028000e-03  5.00000000e+00 
 2.41128000e-03  1.05803810e+00  2.41128000e-03  5.00000000e+00 
 2.41228000e-03  1.04735334e+00  2.41228000e-03  5.00000000e+00 
 2.41328000e-03  1.03662723e+00  2.41328000e-03  5.00000000e+00 
 2.41428000e-03  1.02586020e+00  2.41428000e-03  5.00000000e+00 
 2.41528000e-03  1.01505266e+00  2.41528000e-03  5.00000000e+00 
 2.41628000e-03  1.00420506e+00  2.41628000e-03  5.00000000e+00 
 2.41728000e-03  9.93317809e-01  2.41728000e-03  5.00000000e+00 
 2.41828000e-03  9.82391345e-01  2.41828000e-03  5.00000000e+00 
 2.41928000e-03  9.71426098e-01  2.41928000e-03  5.00000000e+00 
 2.42028000e-03  9.60422500e-01  2.42028000e-03  5.00000000e+00 
 2.42128000e-03  9.49380987e-01  2.42128000e-03  5.00000000e+00 
 2.42228000e-03  9.38301993e-01  2.42228000e-03  5.00000000e+00 
 2.42328000e-03  9.27185958e-01  2.42328000e-03  5.00000000e+00 
 2.42428000e-03  9.16033318e-01  2.42428000e-03  5.00000000e+00 
 2.42528000e-03  9.04844515e-01  2.42528000e-03  5.00000000e+00 
 2.42628000e-03  8.93619990e-01  2.42628000e-03  5.00000000e+00 
 2.42728000e-03  8.82360187e-01  2.42728000e-03  5.00000000e+00 
 2.42828000e-03  8.71065549e-01  2.42828000e-03  5.00000000e+00 
 2.42928000e-03  8.59736524e-01  2.42928000e-03  5.00000000e+00 
 2.43028000e-03  8.48373557e-01  2.43028000e-03  5.00000000e+00 
 2.43128000e-03  8.36977098e-01  2.43128000e-03  5.00000000e+00 
 2.43228000e-03  8.25547597e-01  2.43228000e-03  5.00000000e+00 
 2.43328000e-03  8.14085505e-01  2.43328000e-03  5.00000000e+00 
 2.43428000e-03  8.02591273e-01  2.43428000e-03  5.00000000e+00 
 2.43528000e-03  7.91065357e-01  2.43528000e-03  5.00000000e+00 
 2.43628000e-03  7.79508211e-01  2.43628000e-03  5.00000000e+00 
 2.43728000e-03  7.67920291e-01  2.43728000e-03  5.00000000e+00 
 2.43828000e-03  7.56302056e-01  2.43828000e-03  5.00000000e+00 
 2.43928000e-03  7.44653962e-01  2.43928000e-03  5.00000000e+00 
 2.44028000e-03  7.32976471e-01  2.44028000e-03  5.00000000e+00 
 2.44128000e-03  7.21270044e-01  2.44128000e-03  5.00000000e+00 
 2.44228000e-03  7.09535141e-01  2.44228000e-03  5.00000000e+00 
 2.44328000e-03  6.97772228e-01  2.44328000e-03  5.00000000e+00 
 2.44428000e-03  6.85981768e-01  2.44428000e-03  5.00000000e+00 
 2.44528000e-03  6.74164226e-01  2.44528000e-03  5.00000000e+00 
 2.44628000e-03  6.62320069e-01  2.44628000e-03  5.00000000e+00 
 2.44728000e-03  6.50449766e-01  2.44728000e-03  5.00000000e+00 
 2.44828000e-03  6.38553783e-01  2.44828000e-03  5.00000000e+00 
 2.44928000e-03  6.26632592e-01  2.44928000e-03  5.00000000e+00 
 2.45028000e-03  6.14686662e-01  2.45028000e-03  5.00000000e+00 
 2.45128000e-03  6.02716465e-01  2.45128000e-03  5.00000000e+00 
 2.45228000e-03  5.90722475e-01  2.45228000e-03  5.00000000e+00 
 2.45328000e-03  5.78705163e-01  2.45328000e-03  5.00000000e+00 
 2.45428000e-03  5.66665005e-01  2.45428000e-03  5.00000000e+00 
 2.45528000e-03  5.54602477e-01  2.45528000e-03  5.00000000e+00 
 2.45628000e-03  5.42518053e-01  2.45628000e-03  5.00000000e+00 
 2.45728000e-03  5.30412212e-01  2.45728000e-03  5.00000000e+00 
 2.45828000e-03  5.18285431e-01  2.45828000e-03  5.00000000e+00 
 2.45928000e-03  5.06138189e-01  2.45928000e-03  5.00000000e+00 
 2.46028000e-03  4.93970965e-01  2.46028000e-03  5.00000000e+00 
 2.46128000e-03  4.81784241e-01  2.46128000e-03  5.00000000e+00 
 2.46228000e-03  4.69578496e-01  2.46228000e-03  5.00000000e+00 
 2.46328000e-03  4.57354213e-01  2.46328000e-03  5.00000000e+00 
 2.46428000e-03  4.45111875e-01  2.46428000e-03  5.00000000e+00 
 2.46528000e-03  4.32851965e-01  2.46528000e-03  5.00000000e+00 
 2.46628000e-03  4.20574966e-01  2.46628000e-03  5.00000000e+00 
 2.46728000e-03  4.08281363e-01  2.46728000e-03  5.00000000e+00 
 2.46828000e-03  3.95971643e-01  2.46828000e-03  5.00000000e+00 
 2.46928000e-03  3.83646290e-01  2.46928000e-03  5.00000000e+00 
 2.47028000e-03  3.71305791e-01  2.47028000e-03  5.00000000e+00 
 2.47128000e-03  3.58950634e-01  2.47128000e-03  5.00000000e+00 
 2.47228000e-03  3.46581306e-01  2.47228000e-03  5.00000000e+00 
 2.47328000e-03  3.34198296e-01  2.47328000e-03  5.00000000e+00 
 2.47428000e-03  3.21802092e-01  2.47428000e-03  5.00000000e+00 
 2.47528000e-03  3.09393184e-01  2.47528000e-03  5.00000000e+00 
 2.47628000e-03  2.96972061e-01  2.47628000e-03  5.00000000e+00 
 2.47728000e-03  2.84539215e-01  2.47728000e-03  5.00000000e+00 
 2.47828000e-03  2.72095135e-01  2.47828000e-03  5.00000000e+00 
 2.47928000e-03  2.59640314e-01  2.47928000e-03  5.00000000e+00 
 2.48028000e-03  2.47175242e-01  2.48028000e-03  5.00000000e+00 
 2.48128000e-03  2.34700413e-01  2.48128000e-03  5.00000000e+00 
 2.48228000e-03  2.22216318e-01  2.48228000e-03  5.00000000e+00 
 2.48328000e-03  2.09723450e-01  2.48328000e-03  5.00000000e+00 
 2.48428000e-03  1.97222302e-01  2.48428000e-03  5.00000000e+00 
 2.48528000e-03  1.84713369e-01  2.48528000e-03  5.00000000e+00 
 2.48628000e-03  1.72197143e-01  2.48628000e-03  5.00000000e+00 
 2.48728000e-03  1.59674120e-01  2.48728000e-03  5.00000000e+00 
 2.48828000e-03  1.47144793e-01  2.48828000e-03  5.00000000e+00 
 2.48928000e-03  1.34609656e-01  2.48928000e-03  5.00000000e+00 
 2.49028000e-03  1.22069206e-01  2.49028000e-03  5.00000000e+00 
 2.49128000e-03  1.09523936e-01  2.49128000e-03  5.00000000e+00 
 2.49228000e-03  9.69743430e-02  2.49228000e-03  5.00000000e+00 
 2.49328000e-03  8.44209213e-02  2.49328000e-03  5.00000000e+00 
 2.49428000e-03  7.18641668e-02  2.49428000e-03  5.00000000e+00 
 2.49528000e-03  5.93045752e-02  2.49528000e-03  5.00000000e+00 
 2.49628000e-03  4.67426424e-02  2.49628000e-03  5.00000000e+00 
 2.49728000e-03  3.41788642e-02  2.49728000e-03  5.00000000e+00 
 2.49828000e-03  2.16137367e-02  2.49828000e-03  5.00000000e+00 
 2.49928000e-03  9.04775598e-03  2.49928000e-03  5.00000000e+00 
 2.50028000e-03 -3.51858196e-03  2.50028000e-03  6.00000000e+00 
 2.50128000e-03 -1.60847810e-02  2.50128000e-03  6.00000000e+00 
 2.50228000e-03 -2.86503450e-02  2.50228000e-03  6.00000000e+00 
 2.50328000e-03 -4.12147780e-02  2.50328000e-03  6.00000000e+00 
 2.50428000e-03 -5.37775839e-02  2.50428000e-03  6.00000000e+00 
 2.50528000e-03 -6.63382667e-02  2.50528000e-03  6.00000000e+00 
 2.50628000e-03 -7.88963306e-02  2.50628000e-03  6.00000000e+00 
 2.50728000e-03 -9.14512798e-02  2.50728000e-03  6.00000000e+00 
 2.50828000e-03 -1.04002619e-01  2.50828000e-03  6.00000000e+00 
 2.50928000e-03 -1.16549852e-01  2.50928000e-03  6.00000000e+00 
 2.51028000e-03 -1.29092484e-01  2.51028000e-03  6.00000000e+00 
 2.51128000e-03 -1.41630019e-01  2.51128000e-03  6.00000000e+00 
 2.51228000e-03 -1.54161963e-01  2.51228000e-03  6.00000000e+00 
 2.51328000e-03 -1.66687821e-01  2.51328000e-03  6.00000000e+00 
 2.51428000e-03 -1.79207099e-01  2.51428000e-03  6.00000000e+00 
 2.51528000e-03 -1.91719302e-01  2.51528000e-03  6.00000000e+00 
 2.51628000e-03 -2.04223936e-01  2.51628000e-03  6.00000000e+00 
 2.51728000e-03 -2.16720507e-01  2.51728000e-03  6.00000000e+00 
 2.51828000e-03 -2.29208523e-01  2.51828000e-03  6.00000000e+00 
 2.51928000e-03 -2.41687490e-01  2.51928000e-03  6.00000000e+00 
 2.52028000e-03 -2.54156916e-01  2.52028000e-03  6.00000000e+00 
 2.52128000e-03 -2.66616308e-01  2.52128000e-03  6.00000000e+00 
 2.52228000e-03 -2.79065175e-01  2.52228000e-03  6.00000000e+00 
 2.52328000e-03 -2.91503024e-01  2.52328000e-03  6.00000000e+00 
 2.52428000e-03 -3.03929365e-01  2.52428000e-03  6.00000000e+00 
 2.52528000e-03 -3.16343708e-01  2.52528000e-03  6.00000000e+00 
 2.52628000e-03 -3.28745562e-01  2.52628000e-03  6.00000000e+00 
 2.52728000e-03 -3.41134438e-01  2.52728000e-03  6.00000000e+00 
 2.52828000e-03 -3.53509847e-01  2.52828000e-03  6.00000000e+00 
 2.52928000e-03 -3.65871299e-01  2.52928000e-03  6.00000000e+00 
 2.53028000e-03 -3.78218307e-01  2.53028000e-03  6.00000000e+00 
 2.53128000e-03 -3.90550384e-01  2.53128000e-03  6.00000000e+00 
 2.53228000e-03 -4.02867043e-01  2.53228000e-03  6.00000000e+00 
 2.53328000e-03 -4.15167797e-01  2.53328000e-03  6.00000000e+00 
 2.53428000e-03 -4.27452162e-01  2.53428000e-03  6.00000000e+00 
 2.53528000e-03 -4.39719651e-01  2.53528000e-03  6.00000000e+00 
 2.53628000e-03 -4.51969780e-01  2.53628000e-03  6.00000000e+00 
 2.53728000e-03 -4.64202067e-01  2.53728000e-03  6.00000000e+00 
 2.53828000e-03 -4.76416028e-01  2.53828000e-03  6.00000000e+00 
 2.53928000e-03 -4.88611181e-01  2.53928000e-03  6.00000000e+00 
 2.54028000e-03 -5.00787044e-01  2.54028000e-03  6.00000000e+00 
 2.54128000e-03 -5.12943137e-01  2.54128000e-03  6.00000000e+00 
 2.54228000e-03 -5.25078980e-01  2.54228000e-03  6.00000000e+00 
 2.54328000e-03 -5.37194093e-01  2.54328000e-03  6.00000000e+00 
 2.54428000e-03 -5.49287999e-01  2.54428000e-03  6.00000000e+00 
 2.54528000e-03 -5.61360221e-01  2.54528000e-03  6.00000000e+00 
 2.54628000e-03 -5.73410280e-01  2.54628000e-03  6.00000000e+00 
 2.54728000e-03 -5.85437703e-01  2.54728000e-03  6.00000000e+00 
 2.54828000e-03 -5.97442013e-01  2.54828000e-03  6.00000000e+00 
 2.54928000e-03 -6.09422737e-01  2.54928000e-03  6.00000000e+00 
 2.55028000e-03 -6.21379403e-01  2.55028000e-03  6.00000000e+00 
 2.55128000e-03 -6.33311537e-01  2.55128000e-03  6.00000000e+00 
 2.55228000e-03 -6.45218669e-01  2.55228000e-03  6.00000000e+00 
 2.55328000e-03 -6.57100329e-01  2.55328000e-03  6.00000000e+00 
 2.55428000e-03 -6.68956048e-01  2.55428000e-03  6.00000000e+00 
 2.55528000e-03 -6.80785358e-01  2.55528000e-03  6.00000000e+00 
 2.55628000e-03 -6.92587792e-01  2.55628000e-03  6.00000000e+00 
 2.55728000e-03 -7.04362883e-01  2.55728000e-03  6.00000000e+00 
 2.55828000e-03 -7.16110167e-01  2.55828000e-03  6.00000000e+00 
 2.55928000e-03 -7.27829181e-01  2.55928000e-03  6.00000000e+00 
 2.56028000e-03 -7.39519461e-01  2.56028000e-03  6.00000000e+00 
 2.56128000e-03 -7.51180546e-01  2.56128000e-03  6.00000000e+00 
 2.56228000e-03 -7.62811976e-01  2.56228000e-03  6.00000000e+00 
 2.56328000e-03 -7.74413291e-01  2.56328000e-03  6.00000000e+00 
 2.56428000e-03 -7.85984034e-01  2.56428000e-03  6.00000000e+00 
 2.56528000e-03 -7.97523747e-01  2.56528000e-03  6.00000000e+00 
 2.56628000e-03 -8.09031975e-01  2.56628000e-03  6.00000000e+00 
 2.56728000e-03 -8.20508265e-01  2.56728000e-03  6.00000000e+00 
 2.56828000e-03 -8.31952162e-01  2.56828000e-03  6.00000000e+00 
 2.56928000e-03 -8.43363215e-01  2.56928000e-03  6.00000000e+00 
 2.57028000e-03 -8.54740973e-01  2.57028000e-03  6.00000000e+00 
 2.57128000e-03 -8.66084988e-01  2.57128000e-03  6.00000000e+00 
 2.57228000e-03 -8.77394811e-01  2.57228000e-03  6.00000000e+00 
 2.57328000e-03 -8.88669997e-01  2.57328000e-03  6.00000000e+00 
 2.57428000e-03 -8.99910099e-01  2.57428000e-03  6.00000000e+00 
 2.57528000e-03 -9.11114674e-01  2.57528000e-03  6.00000000e+00 
 2.57628000e-03 -9.22283280e-01  2.57628000e-03  6.00000000e+00 
 2.57728000e-03 -9.33415475e-01  2.57728000e-03  6.00000000e+00 
 2.57828000e-03 -9.44510821e-01  2.57828000e-03  6.00000000e+00 
 2.57928000e-03 -9.55568880e-01  2.57928000e-03  6.00000000e+00 
 2.58028000e-03 -9.66589214e-01  2.58028000e-03  6.00000000e+00 
 2.58128000e-03 -9.77571389e-01  2.58128000e-03  6.00000000e+00 
 2.58228000e-03 -9.88514971e-01  2.58228000e-03  6.00000000e+00 
 2.58328000e-03 -9.99419528e-01  2.58328000e-03  6.00000000e+00 
 2.58428000e-03 -1.01028463e+00  2.58428000e-03  6.00000000e+00 
 2.58528000e-03 -1.02110985e+00  2.58528000e-03  6.00000000e+00 
 2.58628000e-03 -1.03189475e+00  2.58628000e-03  6.00000000e+00 
 2.58728000e-03 -1.04263892e+00  2.58728000e-03  6.00000000e+00 
 2.58828000e-03 -1.05334193e+00  2.58828000e-03  6.00000000e+00 
 2.58928000e-03 -1.06400335e+00  2.58928000e-03  6.00000000e+00 
 2.59028000e-03 -1.07462277e+00  2.59028000e-03  6.00000000e+00 
 2.59128000e-03 -1.08519976e+00  2.59128000e-03  6.00000000e+00 
 2.59228000e-03 -1.09573391e+00  2.59228000e-03  6.00000000e+00 
 2.59328000e-03 -1.10622481e+00  2.59328000e-03  6.00000000e+00 
 2.59428000e-03 -1.11667203e+00  2.59428000e-03  6.00000000e+00 
 2.59528000e-03 -1.12707517e+00  2.59528000e-03  6.00000000e+00 
 2.59628000e-03 -1.13743381e+00  2.59628000e-03  6.00000000e+00 
 2.59728000e-03 -1.14774755e+00  2.59728000e-03  6.00000000e+00 
 2.59828000e-03 -1.15801598e+00  2.59828000e-03  6.00000000e+00 
 2.59928000e-03 -1.16823869e+00  2.59928000e-03  6.00000000e+00 
 2.60028000e-03 -1.17841528e+00  2.60028000e-03  6.00000000e+00 
 2.60128000e-03 -1.18854535e+00  2.60128000e-03  6.00000000e+00 
 2.60228000e-03 -1.19862849e+00  2.60228000e-03  6.00000000e+00 
 2.60328000e-03 -1.20866432e+00  2.60328000e-03  6.00000000e+00 
 2.60428000e-03 -1.21865243e+00  2.60428000e-03  6.00000000e+00 
 2.60528000e-03 -1.22859244e+00  2.60528000e-03  6.00000000e+00 
 2.60628000e-03 -1.23848393e+00  2.60628000e-03  6.00000000e+00 
 2.60728000e-03 -1.24832654e+00  2.60728000e-03  6.00000000e+00 
 2.60828000e-03 -1.25811986e+00  2.60828000e-03  6.00000000e+00 
 2.60928000e-03 -1.26786352e+00  2.60928000e-03  6.00000000e+00 
 2.61028000e-03 -1.27755712e+00  2.61028000e-03  6.00000000e+00 
 2.61128000e-03 -1.28720029e+00  2.61128000e-03  6.00000000e+00 
 2.61228000e-03 -1.29679264e+00  2.61228000e-03  6.00000000e+00 
 2.61328000e-03 -1.30633379e+00  2.61328000e-03  6.00000000e+00 
 2.61428000e-03 -1.31582337e+00  2.61428000e-03  6.00000000e+00 
 2.61528000e-03 -1.32526101e+00  2.61528000e-03  6.00000000e+00 
 2.61628000e-03 -1.33464633e+00  2.61628000e-03  6.00000000e+00 
 2.61728000e-03 -1.34397896e+00  2.61728000e-03  6.00000000e+00 
 2.61828000e-03 -1.35325853e+00  2.61828000e-03  6.00000000e+00 
 2.61928000e-03 -1.36248467e+00  2.61928000e-03  6.00000000e+00 
 2.62028000e-03 -1.37165703e+00  2.62028000e-03  6.00000000e+00 
 2.62128000e-03 -1.38077524e+00  2.62128000e-03  6.00000000e+00 
 2.62228000e-03 -1.38983893e+00  2.62228000e-03  6.00000000e+00 
 2.62328000e-03 -1.39884776e+00  2.62328000e-03  6.00000000e+00 
 2.62428000e-03 -1.40780136e+00  2.62428000e-03  6.00000000e+00 
 2.62528000e-03 -1.41669939e+00  2.62528000e-03  6.00000000e+00 
 2.62628000e-03 -1.42554148e+00  2.62628000e-03  6.00000000e+00 
 2.62728000e-03 -1.43432730e+00  2.62728000e-03  6.00000000e+00 
 2.62828000e-03 -1.44305650e+00  2.62828000e-03  6.00000000e+00 
 2.62928000e-03 -1.45172872e+00  2.62928000e-03  6.00000000e+00 
 2.63028000e-03 -1.46034363e+00  2.63028000e-03  6.00000000e+00 
 2.63128000e-03 -1.46890089e+00  2.63128000e-03  6.00000000e+00 
 2.63228000e-03 -1.47740017e+00  2.63228000e-03  6.00000000e+00 
 2.63328000e-03 -1.48584111e+00  2.63328000e-03  6.00000000e+00 
 2.63428000e-03 -1.49422340e+00  2.63428000e-03  6.00000000e+00 
 2.63528000e-03 -1.50254670e+00  2.63528000e-03  6.00000000e+00 
 2.63628000e-03 -1.51081068e+00  2.63628000e-03  6.00000000e+00 
 2.63728000e-03 -1.51901501e+00  2.63728000e-03  6.00000000e+00 
 2.63828000e-03 -1.52715938e+00  2.63828000e-03  6.00000000e+00 
 2.63928000e-03 -1.53524346e+00  2.63928000e-03  6.00000000e+00 
 2.64028000e-03 -1.54326693e+00  2.64028000e-03  6.00000000e+00 
 2.64128000e-03 -1.55122947e+00  2.64128000e-03  6.00000000e+00 
 2.64228000e-03 -1.55913078e+00  2.64228000e-03  6.00000000e+00 
 2.64328000e-03 -1.56697053e+00  2.64328000e-03  6.00000000e+00 
 2.64428000e-03 -1.57474842e+00  2.64428000e-03  6.00000000e+00 
 2.64528000e-03 -1.58246414e+00  2.64528000e-03  6.00000000e+00 
 2.64628000e-03 -1.59011739e+00  2.64628000e-03  6.00000000e+00 
 2.64728000e-03 -1.59770787e+00  2.64728000e-03  6.00000000e+00 
 2.64828000e-03 -1.60523527e+00  2.64828000e-03  6.00000000e+00 
 2.64928000e-03 -1.61269929e+00  2.64928000e-03  6.00000000e+00 
 2.65028000e-03 -1.62009966e+00  2.65028000e-03  6.00000000e+00 
 2.65128000e-03 -1.62743606e+00  2.65128000e-03  6.00000000e+00 
 2.65228000e-03 -1.63470821e+00  2.65228000e-03  6.00000000e+00 
 2.65328000e-03 -1.64191583e+00  2.65328000e-03  6.00000000e+00 
 2.65428000e-03 -1.64905863e+00  2.65428000e-03  6.00000000e+00 
 2.65528000e-03 -1.65613633e+00  2.65528000e-03  6.00000000e+00 
 2.65628000e-03 -1.66314864e+00  2.65628000e-03  6.00000000e+00 
 2.65728000e-03 -1.67009530e+00  2.65728000e-03  6.00000000e+00 
 2.65828000e-03 -1.67697602e+00  2.65828000e-03  6.00000000e+00 
 2.65928000e-03 -1.68379054e+00  2.65928000e-03  6.00000000e+00 
 2.66028000e-03 -1.69053859e+00  2.66028000e-03  6.00000000e+00 
 2.66128000e-03 -1.69721990e+00  2.66128000e-03  6.00000000e+00 
 2.66228000e-03 -1.70383420e+00  2.66228000e-03  6.00000000e+00 
 2.66328000e-03 -1.71038124e+00  2.66328000e-03  6.00000000e+00 
 2.66428000e-03 -1.71686076e+00  2.66428000e-03  6.00000000e+00 
 2.66528000e-03 -1.72327249e+00  2.66528000e-03  6.00000000e+00 
 2.66628000e-03 -1.72961620e+00  2.66628000e-03  6.00000000e+00 
 2.66728000e-03 -1.73589162e+00  2.66728000e-03  6.00000000e+00 
 2.66828000e-03 -1.74209852e+00  2.66828000e-03  6.00000000e+00 
 2.66928000e-03 -1.74823664e+00  2.66928000e-03  6.00000000e+00 
 2.67028000e-03 -1.75430574e+00  2.67028000e-03  6.00000000e+00 
 2.67128000e-03 -1.76030558e+00  2.67128000e-03  6.00000000e+00 
 2.67228000e-03 -1.76623593e+00  2.67228000e-03  6.00000000e+00 
 2.67328000e-03 -1.77209655e+00  2.67328000e-03  6.00000000e+00 
 2.67428000e-03 -1.77788722e+00  2.67428000e-03  6.00000000e+00 
 2.67528000e-03 -1.78360769e+00  2.67528000e-03  6.00000000e+00 
 2.67628000e-03 -1.78925775e+00  2.67628000e-03  6.00000000e+00 
 2.67728000e-03 -1.79483718e+00  2.67728000e-03  6.00000000e+00 
 2.67828000e-03 -1.80034575e+00  2.67828000e-03  6.00000000e+00 
 2.67928000e-03 -1.80578324e+00  2.67928000e-03  6.00000000e+00 
 2.68028000e-03 -1.81114944e+00  2.68028000e-03  6.00000000e+00 
 2.68128000e-03 -1.81644415e+00  2.68128000e-03  6.00000000e+00 
 2.68228000e-03 -1.82166714e+00  2.68228000e-03  6.00000000e+00 
 2.68328000e-03 -1.82681822e+00  2.68328000e-03  6.00000000e+00 
 2.68428000e-03 -1.83189717e+00  2.68428000e-03  6.00000000e+00 
 2.68528000e-03 -1.83690381e+00  2.68528000e-03  6.00000000e+00 
 2.68628000e-03 -1.84183793e+00  2.68628000e-03  6.00000000e+00 
 2.68728000e-03 -1.84669933e+00  2.68728000e-03  6.00000000e+00 
 2.68828000e-03 -1.85148783e+00  2.68828000e-03  6.00000000e+00 
 2.68928000e-03 -1.85620324e+00  2.68928000e-03  6.00000000e+00 
 2.69028000e-03 -1.86084537e+00  2.69028000e-03  6.00000000e+00 
 2.69128000e-03 -1.86541404e+00  2.69128000e-03  6.00000000e+00 
 2.69228000e-03 -1.86990906e+00  2.69228000e-03  6.00000000e+00 
 2.69328000e-03 -1.87433026e+00  2.69328000e-03  6.00000000e+00 
 2.69428000e-03 -1.87867746e+00  2.69428000e-03  6.00000000e+00 
 2.69528000e-03 -1.88295050e+00  2.69528000e-03  6.00000000e+00 
 2.69628000e-03 -1.88714921e+00  2.69628000e-03  6.00000000e+00 
 2.69728000e-03 -1.89127341e+00  2.69728000e-03  6.00000000e+00 
 2.69828000e-03 -1.89532295e+00  2.69828000e-03  6.00000000e+00 
 2.69928000e-03 -1.89929766e+00  2.69928000e-03  6.00000000e+00 
 2.70028000e-03 -1.90319739e+00  2.70028000e-03  6.00000000e+00 
 2.70128000e-03 -1.90702199e+00  2.70128000e-03  6.00000000e+00 
 2.70228000e-03 -1.91077130e+00  2.70228000e-03  6.00000000e+00 
 2.70328000e-03 -1.91444518e+00  2.70328000e-03  6.00000000e+00 
 2.70428000e-03 -1.91804347e+00  2.70428000e-03  6.00000000e+00 
 2.70528000e-03 -1.92156605e+00  2.70528000e-03  6.00000000e+00 
 2.70628000e-03 -1.92501277e+00  2.70628000e-03  6.00000000e+00 
 2.70728000e-03 -1.92838349e+00  2.70728000e-03  6.00000000e+00 
 2.70828000e-03 -1.93167808e+00  2.70828000e-03  6.00000000e+00 
 2.70928000e-03 -1.93489641e+00  2.70928000e-03  6.00000000e+00 
 2.71028000e-03 -1.93803836e+00  2.71028000e-03  6.00000000e+00 
 2.71128000e-03 -1.94110380e+00  2.71128000e-03  6.00000000e+00 
 2.71228000e-03 -1.94409260e+00  2.71228000e-03  6.00000000e+00 
 2.71328000e-03 -1.94700465e+00  2.71328000e-03  6.00000000e+00 
 2.71428000e-03 -1.94983984e+00  2.71428000e-03  6.00000000e+00 
 2.71528000e-03 -1.95259806e+00  2.71528000e-03  6.00000000e+00 
 2.71628000e-03 -1.95527919e+00  2.71628000e-03  6.00000000e+00 
 2.71728000e-03 -1.95788312e+00  2.71728000e-03  6.00000000e+00 
 2.71828000e-03 -1.96040977e+00  2.71828000e-03  6.00000000e+00 
 2.71928000e-03 -1.96285902e+00  2.71928000e-03  6.00000000e+00 
 2.72028000e-03 -1.96523078e+00  2.72028000e-03  6.00000000e+00 
 2.72128000e-03 -1.96752495e+00  2.72128000e-03  6.00000000e+00 
 2.72228000e-03 -1.96974145e+00  2.72228000e-03  6.00000000e+00 
 2.72328000e-03 -1.97188019e+00  2.72328000e-03  6.00000000e+00 
 2.72428000e-03 -1.97394109e+00  2.72428000e-03  6.00000000e+00 
 2.72528000e-03 -1.97592405e+00  2.72528000e-03  6.00000000e+00 
 2.72628000e-03 -1.97782901e+00  2.72628000e-03  6.00000000e+00 
 2.72728000e-03 -1.97965589e+00  2.72728000e-03  6.00000000e+00 
 2.72828000e-03 -1.98140461e+00  2.72828000e-03  6.00000000e+00 
 2.72928000e-03 -1.98307511e+00  2.72928000e-03  6.00000000e+00 
 2.73028000e-03 -1.98466733e+00  2.73028000e-03  6.00000000e+00 
 2.73128000e-03 -1.98618119e+00  2.73128000e-03  6.00000000e+00 
 2.73228000e-03 -1.98761664e+00  2.73228000e-03  6.00000000e+00 
 2.73328000e-03 -1.98897362e+00  2.73328000e-03  6.00000000e+00 
 2.73428000e-03 -1.99025209e+00  2.73428000e-03  6.00000000e+00 
 2.73528000e-03 -1.99145198e+00  2.73528000e-03  6.00000000e+00 
 2.73628000e-03 -1.99257325e+00  2.73628000e-03  6.00000000e+00 
 2.73728000e-03 -1.99361585e+00  2.73728000e-03  6.00000000e+00 
 2.73828000e-03 -1.99457976e+00  2.73828000e-03  6.00000000e+00 
 2.73928000e-03 -1.99546492e+00  2.73928000e-03  6.00000000e+00 
 2.74028000e-03 -1.99627130e+00  2.74028000e-03  6.00000000e+00 
 2.74128000e-03 -1.99699888e+00  2.74128000e-03  6.00000000e+00 
 2.74228000e-03 -1.99764761e+00  2.74228000e-03  6.00000000e+00 
 2.74328000e-03 -1.99821748e+00  2.74328000e-03  6.00000000e+00 
 2.74428000e-03 -1.99870847e+00  2.74428000e-03  6.00000000e+00 
 2.74528000e-03 -1.99912055e+00  2.74528000e-03  6.00000000e+00 
 2.74628000e-03 -1.99945371e+00  2.74628000e-03  6.00000000e+00 
 2.74728000e-03 -1.99970793e+00  2.74728000e-03  6.00000000e+00 
 2.74828000e-03 -1.99988321e+00  2.74828000e-03  6.00000000e+00 
 2.74928000e-03 -1.99997953e+00  2.74928000e-03  6.00000000e+00 
 2.75028000e-03 -1.99999690e+00  2.75028000e-03  6.00000000e+00 
 2.75128000e-03 -1.99993532e+00  2.75128000e-03  6.00000000e+00 
 2.75228000e-03 -1.99979478e+00  2.75228000e-03  6.00000000e+00 
 2.75328000e-03 -1.99957529e+00  2.75328000e-03  6.00000000e+00 
 2.75428000e-03 -1.99927686e+00  2.75428000e-03  6.00000000e+00 
 2.75528000e-03 -1.99889951e+00  2.75528000e-03  6.00000000e+00 
 2.75628000e-03 -1.99844324e+00  2.75628000e-03  6.00000000e+00 
 2.75728000e-03 -1.99790807e+00  2.75728000e-03  6.00000000e+00 
 2.75828000e-03 -1.99729403e+00  2.75828000e-03  6.00000000e+00 
 2.75928000e-03 -1.99660114e+00  2.75928000e-03  6.00000000e+00 
 2.76028000e-03 -1.99582943e+00  2.76028000e-03  6.00000000e+00 
 2.76128000e-03 -1.99497893e+00  2.76128000e-03  6.00000000e+00 
 2.76228000e-03 -1.99404967e+00  2.76228000e-03  6.00000000e+00 
 2.76328000e-03 -1.99304169e+00  2.76328000e-03  6.00000000e+00 
 2.76428000e-03 -1.99195502e+00  2.76428000e-03  6.00000000e+00 
 2.76528000e-03 -1.99078972e+00  2.76528000e-03  6.00000000e+00 
 2.76628000e-03 -1.98954582e+00  2.76628000e-03  6.00000000e+00 
 2.76728000e-03 -1.98822338e+00  2.76728000e-03  6.00000000e+00 
 2.76828000e-03 -1.98682245e+00  2.76828000e-03  6.00000000e+00 
 2.76928000e-03 -1.98534308e+00  2.76928000e-03  6.00000000e+00 
 2.77028000e-03 -1.98378534e+00  2.77028000e-03  6.00000000e+00 
 2.77128000e-03 -1.98214927e+00  2.77128000e-03  6.00000000e+00 
 2.77228000e-03 -1.98043496e+00  2.77228000e-03  6.00000000e+00 
 2.77328000e-03 -1.97864246e+00  2.77328000e-03  6.00000000e+00 
 2.77428000e-03 -1.97677185e+00  2.77428000e-03  6.00000000e+00 
 2.77528000e-03 -1.97482320e+00  2.77528000e-03  6.00000000e+00 
 2.77628000e-03 -1.97279658e+00  2.77628000e-03  6.00000000e+00 
 2.77728000e-03 -1.97069209e+00  2.77728000e-03  6.00000000e+00 
 2.77828000e-03 -1.96850979e+00  2.77828000e-03  6.00000000e+00 
 2.77928000e-03 -1.96624978e+00  2.77928000e-03  6.00000000e+00 
 2.78028000e-03 -1.96391214e+00  2.78028000e-03  6.00000000e+00 
 2.78128000e-03 -1.96149698e+00  2.78128000e-03  6.00000000e+00 
 2.78228000e-03 -1.95900438e+00  2.78228000e-03  6.00000000e+00 
 2.78328000e-03 -1.95643444e+00  2.78328000e-03  6.00000000e+00 
 2.78428000e-03 -1.95378726e+00  2.78428000e-03  6.00000000e+00 
 2.78528000e-03 -1.95106295e+00  2.78528000e-03  6.00000000e+00 
 2.78628000e-03 -1.94826161e+00  2.78628000e-03  6.00000000e+00 
 2.78728000e-03 -1.94538337e+00  2.78728000e-03  6.00000000e+00 
 2.78828000e-03 -1.94242832e+00  2.78828000e-03  6.00000000e+00 
 2.78928000e-03 -1.93939659e+00  2.78928000e-03  6.00000000e+00 
 2.79028000e-03 -1.93628829e+00  2.79028000e-03  6.00000000e+00 
 2.79128000e-03 -1.93310355e+00  2.79128000e-03  6.00000000e+00 
 2.79228000e-03 -1.92984250e+00  2.79228000e-03  6.00000000e+00 
 2.79328000e-03 -1.92650526e+00  2.79328000e-03  6.00000000e+00 
 2.79428000e-03 -1.92309196e+00  2.79428000e-03  6.00000000e+00 
 2.79528000e-03 -1.91960275e+00  2.79528000e-03  6.00000000e+00 
 2.79628000e-03 -1.91603775e+00  2.79628000e-03  6.00000000e+00 
 2.79728000e-03 -1.91239711e+00  2.79728000e-03  6.00000000e+00 
 2.79828000e-03 -1.90868097e+00  2.79828000e-03  6.00000000e+00 
 2.79928000e-03 -1.90488948e+00  2.79928000e-03  6.00000000e+00 
 2.80028000e-03 -1.90102279e+00  2.80028000e-03  6.00000000e+00 
 2.80128000e-03 -1.89708105e+00  2.80128000e-03  6.00000000e+00 
 2.80228000e-03 -1.89306441e+00  2.80228000e-03  6.00000000e+00 
 2.80328000e-03 -1.88897304e+00  2.80328000e-03  6.00000000e+00 
 2.80428000e-03 -1.88480710e+00  2.80428000e-03  6.00000000e+00 
 2.80528000e-03 -1.88056675e+00  2.80528000e-03  6.00000000e+00 
 2.80628000e-03 -1.87625216e+00  2.80628000e-03  6.00000000e+00 
 2.80728000e-03 -1.87186349e+00  2.80728000e-03  6.00000000e+00 
 2.80828000e-03 -1.86740093e+00  2.80828000e-03  6.00000000e+00 
 2.80928000e-03 -1.86286464e+00  2.80928000e-03  6.00000000e+00 
 2.81028000e-03 -1.85825482e+00  2.81028000e-03  6.00000000e+00 
 2.81128000e-03 -1.85357163e+00  2.81128000e-03  6.00000000e+00 
 2.81228000e-03 -1.84881527e+00  2.81228000e-03  6.00000000e+00 
 2.81328000e-03 -1.84398592e+00  2.81328000e-03  6.00000000e+00 
 2.81428000e-03 -1.83908377e+00  2.81428000e-03  6.00000000e+00 
 2.81528000e-03 -1.83410901e+00  2.81528000e-03  6.00000000e+00 
 2.81628000e-03 -1.82906185e+00  2.81628000e-03  6.00000000e+00 
 2.81728000e-03 -1.82394248e+00  2.81728000e-03  6.00000000e+00 
 2.81828000e-03 -1.81875111e+00  2.81828000e-03  6.00000000e+00 
 2.81928000e-03 -1.81348793e+00  2.81928000e-03  6.00000000e+00 
 2.82028000e-03 -1.80815317e+00  2.82028000e-03  6.00000000e+00 
 2.82128000e-03 -1.80274701e+00  2.82128000e-03  6.00000000e+00 
 2.82228000e-03 -1.79726969e+00  2.82228000e-03  6.00000000e+00 
 2.82328000e-03 -1.79172142e+00  2.82328000e-03  6.00000000e+00 
 2.82428000e-03 -1.78610241e+00  2.82428000e-03  6.00000000e+00 
 2.82528000e-03 -1.78041289e+00  2.82528000e-03  6.00000000e+00 
 2.82628000e-03 -1.77465308e+00  2.82628000e-03  6.00000000e+00 
 2.82728000e-03 -1.76882321e+00  2.82728000e-03  6.00000000e+00 
 2.82828000e-03 -1.76292351e+00  2.82828000e-03  6.00000000e+00 
 2.82928000e-03 -1.75695422e+00  2.82928000e-03  6.00000000e+00 
 2.83028000e-03 -1.75091556e+00  2.83028000e-03  6.00000000e+00 
 2.83128000e-03 -1.74480778e+00  2.83128000e-03  6.00000000e+00 
 2.83228000e-03 -1.73863111e+00  2.83228000e-03  6.00000000e+00 
 2.83328000e-03 -1.73238581e+00  2.83328000e-03  6.00000000e+00 
 2.83428000e-03 -1.72607212e+00  2.83428000e-03  6.00000000e+00 
 2.83528000e-03 -1.71969029e+00  2.83528000e-03  6.00000000e+00 
 2.83628000e-03 -1.71324056e+00  2.83628000e-03  6.00000000e+00 
 2.83728000e-03 -1.70672320e+00  2.83728000e-03  6.00000000e+00 
 2.83828000e-03 -1.70013846e+00  2.83828000e-03  6.00000000e+00 
 2.83928000e-03 -1.69348660e+00  2.83928000e-03  6.00000000e+00 
 2.84028000e-03 -1.68676789e+00  2.84028000e-03  6.00000000e+00 
 2.84128000e-03 -1.67998258e+00  2.84128000e-03  6.00000000e+00 
 2.84228000e-03 -1.67313095e+00  2.84228000e-03  6.00000000e+00 
 2.84328000e-03 -1.66621327e+00  2.84328000e-03  6.00000000e+00 
 2.84428000e-03 -1.65922982e+00  2.84428000e-03  6.00000000e+00 
 2.84528000e-03 -1.65218085e+00  2.84528000e-03  6.00000000e+00 
 2.84628000e-03 -1.64506666e+00  2.84628000e-03  6.00000000e+00 
 2.84728000e-03 -1.63788753e+00  2.84728000e-03  6.00000000e+00 
 2.84828000e-03 -1.63064374e+00  2.84828000e-03  6.00000000e+00 
 2.84928000e-03 -1.62333557e+00  2.84928000e-03  6.00000000e+00 
 2.85028000e-03 -1.61596331e+00  2.85028000e-03  6.00000000e+00 
 2.85128000e-03 -1.60852726e+00  2.85128000e-03  6.00000000e+00 
 2.85228000e-03 -1.60102771e+00  2.85228000e-03  6.00000000e+00 
 2.85328000e-03 -1.59346495e+00  2.85328000e-03  6.00000000e+00 
 2.85428000e-03 -1.58583929e+00  2.85428000e-03  6.00000000e+00 
 2.85528000e-03 -1.57815102e+00  2.85528000e-03  6.00000000e+00 
 2.85628000e-03 -1.57040044e+00  2.85628000e-03  6.00000000e+00 
 2.85728000e-03 -1.56258787e+00  2.85728000e-03  6.00000000e+00 
 2.85828000e-03 -1.55471361e+00  2.85828000e-03  6.00000000e+00 
 2.85928000e-03 -1.54677797e+00  2.85928000e-03  6.00000000e+00 
 2.86028000e-03 -1.53878127e+00  2.86028000e-03  6.00000000e+00 
 2.86128000e-03 -1.53072382e+00  2.86128000e-03  6.00000000e+00 
 2.86228000e-03 -1.52260594e+00  2.86228000e-03  6.00000000e+00 
 2.86328000e-03 -1.51442795e+00  2.86328000e-03  6.00000000e+00 
 2.86428000e-03 -1.50619018e+00  2.86428000e-03  6.00000000e+00 
 2.86528000e-03 -1.49789294e+00  2.86528000e-03  6.00000000e+00 
 2.86628000e-03 -1.48953656e+00  2.86628000e-03  6.00000000e+00 
 2.86728000e-03 -1.48112139e+00  2.86728000e-03  6.00000000e+00 
 2.86828000e-03 -1.47264774e+00  2.86828000e-03  6.00000000e+00 
 2.86928000e-03 -1.46411595e+00  2.86928000e-03  6.00000000e+00 
 2.87028000e-03 -1.45552636e+00  2.87028000e-03  6.00000000e+00 
 2.87128000e-03 -1.44687931e+00  2.87128000e-03  6.00000000e+00 
 2.87228000e-03 -1.43817514e+00  2.87228000e-03  6.00000000e+00 
 2.87328000e-03 -1.42941420e+00  2.87328000e-03  6.00000000e+00 
 2.87428000e-03 -1.42059682e+00  2.87428000e-03  6.00000000e+00 
 2.87528000e-03 -1.41172336e+00  2.87528000e-03  6.00000000e+00 
 2.87628000e-03 -1.40279417e+00  2.87628000e-03  6.00000000e+00 
 2.87728000e-03 -1.39380960e+00  2.87728000e-03  6.00000000e+00 
 2.87828000e-03 -1.38477000e+00  2.87828000e-03  6.00000000e+00 
 2.87928000e-03 -1.37567573e+00  2.87928000e-03  6.00000000e+00 
 2.88028000e-03 -1.36652716e+00  2.88028000e-03  6.00000000e+00 
 2.88128000e-03 -1.35732463e+00  2.88128000e-03  6.00000000e+00 
 2.88228000e-03 -1.34806853e+00  2.88228000e-03  6.00000000e+00 
 2.88328000e-03 -1.33875920e+00  2.88328000e-03  6.00000000e+00 
 2.88428000e-03 -1.32939702e+00  2.88428000e-03  6.00000000e+00 
 2.88528000e-03 -1.31998236e+00  2.88528000e-03  6.00000000e+00 
 2.88628000e-03 -1.31051558e+00  2.88628000e-03  6.00000000e+00 
 2.88728000e-03 -1.30099707e+00  2.88728000e-03  6.00000000e+00 
 2.88828000e-03 -1.29142720e+00  2.88828000e-03  6.00000000e+00 
 2.88928000e-03 -1.28180635e+00  2.88928000e-03  6.00000000e+00 
 2.89028000e-03 -1.27213489e+00  2.89028000e-03  6.00000000e+00 
 2.89128000e-03 -1.26241321e+00  2.89128000e-03  6.00000000e+00 
 2.89228000e-03 -1.25264170e+00  2.89228000e-03  6.00000000e+00 
 2.89328000e-03 -1.24282073e+00  2.89328000e-03  6.00000000e+00 
 2.89428000e-03 -1.23295069e+00  2.89428000e-03  6.00000000e+00 
 2.89528000e-03 -1.22303199e+00  2.89528000e-03  6.00000000e+00 
 2.89628000e-03 -1.21306499e+00  2.89628000e-03  6.00000000e+00 
 2.89728000e-03 -1.20305011e+00  2.89728000e-03  6.00000000e+00 
 2.89828000e-03 -1.19298774e+00  2.89828000e-03  6.00000000e+00 
 2.89928000e-03 -1.18287826e+00  2.89928000e-03  6.00000000e+00 
 2.90028000e-03 -1.17272209e+00  2.90028000e-03  6.00000000e+00 
 2.90128000e-03 -1.16251962e+00  2.90128000e-03  6.00000000e+00 
 2.90228000e-03 -1.15227126e+00  2.90228000e-03  6.00000000e+00 
 2.90328000e-03 -1.14197741e+00  2.90328000e-03  6.00000000e+00 
 2.90428000e-03 -1.13163848e+00  2.90428000e-03  6.00000000e+00 
 2.90528000e-03 -1.12125487e+00  2.90528000e-03  6.00000000e+00 
 2.90628000e-03 -1.11082699e+00  2.90628000e-03  6.00000000e+00 
 2.90728000e-03 -1.10035526e+00  2.90728000e-03  6.00000000e+00 
 2.90828000e-03 -1.08984009e+00  2.90828000e-03  6.00000000e+00 
 2.90928000e-03 -1.07928190e+00  2.90928000e-03  6.00000000e+00 
 2.91028000e-03 -1.06868109e+00  2.91028000e-03  6.00000000e+00 
 2.91128000e-03 -1.05803810e+00  2.91128000e-03  6.00000000e+00 
 2.91228000e-03 -1.04735334e+00  2.91228000e-03  6.00000000e+00 
 2.91328000e-03 -1.03662723e+00  2.91328000e-03  6.00000000e+00 
 2.91428000e-03 -1.02586020e+00  2.91428000e-03  6.00000000e+00 
 2.91528000e-03 -1.01505266e+00  2.91528000e-03  6.00000000e+00 
 2.91628000e-03 -1.00420506e+00  2.91628000e-03  6.00000000e+00 
 2.91728000e-03 -9.93317809e-01  2.91728000e-03  6.00000000e+00 
 2.91828000e-03 -9.82391345e-01  2.91828000e-03  6.00000000e+00 
 2.91928000e-03 -9.71426098e-01  2.91928000e-03  6.00000000e+00 
 2.92028000e-03 -9.60422500e-01  2.92028000e-03  6.00000000e+00 
 2.92128000e-03 -9.49380987e-01  2.92128000e-03  6.00000000e+00 
 2.92228000e-03 -9.38301993e-01  2.92228000e-03  6.00000000e+00 
 2.92328000e-03 -9.27185958e-01  2.92328000e-03  6.00000000e+00 
 2.92428000e-03 -9.16033318e-01  2.92428000e-03  6.00000000e+00 
 2.92528000e-03 -9.04844515e-01  2.92528000e-03  6.00000000e+00 
 2.92628000e-03 -8.93619990e-01  2.92628000e-03  6.00000000e+00 
 2.92728000e-03 -8.82360187e-01  2.92728000e-03  6.00000000e+00 
 2.92828000e-03 -8.71065549e-01  2.92828000e-03  6.00000000e+00 
 2.92928000e-03 -8.59736524e-01  2.92928000e-03  6.00000000e+00 
 2.93028000e-03 -8.48373557e-01  2.93028000e-03  6.00000000e+00 
 2.93128000e-03 -8.36977098e-01  2.93128000e-03  6.00000000e+00 
 2.93228000e-03 -8.25547597e-01  2.93228000e-03  6.00000000e+00 
 2.93328000e-03 -8.14085505e-01  2.93328000e-03  6.00000000e+00 
 2.93428000e-03 -8.02591273e-01  2.93428000e-03  6.00000000e+00 
 2.93528000e-03 -7.91065357e-01  2.93528000e-03  6.00000000e+00 
 2.93628000e-03 -7.79508211e-01  2.93628000e-03  6.00000000e+00 
 2.93728000e-03 -7.67920291e-01  2.93728000e-03  6.00000000e+00 
 2.93828000e-03 -7.56302056e-01  2.93828000e-03  6.00000000e+00 
 2.93928000e-03 -7.44653962e-01  2.93928000e-03  6.00000000e+00 
 2.94028000e-03 -7.32976471e-01  2.94028000e-03  6.00000000e+00 
 2.94128000e-03 -7.21270044e-01  2.94128000e-03  6.00000000e+00 
 2.94228000e-03 -7.09535141e-01  2.94228000e-03  6.00000000e+00 
 2.94328000e-03 -6.97772228e-01  2.94328000e-03  6.00000000e+00 
 2.94428000e-03 -6.85981768e-01  2.94428000e-03  6.00000000e+00 
 2.94528000e-03 -6.74164226e-01  2.94528000e-03  6.00000000e+00 
 2.94628000e-03 -6.62320069e-01  2.94628000e-03  6.00000000e+00 
 2.94728000e-03 -6.50449766e-01  2.94728000e-03  6.00000000e+00 
 2.94828000e-03 -6.38553783e-01  2.94828000e-03  6.00000000e+00 
 2.94928000e-03 -6.26632592e-01  2.94928000e-03  6.00000000e+00 
 2.95028000e-03 -6.14686662e-01  2.95028000e-03  6.00000000e+00 
 2.95128000e-03 -6.02716465e-01  2.95128000e-03  6.00000000e+00 
 2.95228000e-03 -5.90722475e-01  2.95228000e-03  6.00000000e+00 
 2.95328000e-03 -5.78705163e-01  2.95328000e-03  6.00000000e+00 
 2.95428000e-03 -5.66665005e-01  2.95428000e-03  6.00000000e+00 
 2.95528000e-03 -5.54602477e-01  2.95528000e-03  6.00000000e+00 
 2.95628000e-03 -5.42518053e-01  2.95628000e-03  6.00000000e+00 
 2.95728000e-03 -5.30412212e-01  2.95728000e-03  6.00000000e+00 
 2.95828000e-03 -5.18285431e-01  2.95828000e-03  6.00000000e+00 
 2.95928000e-03 -5.06138189e-01  2.95928000e-03  6.00000000e+00 
 2.96028000e-03 -4.93970965e-01  2.96028000e-03  6.00000000e+00 
 2.96128000e-03 -4.81784241e-01  2.96128000e-03  6.00000000e+00 
 2.96228000e-03 -4.69578496e-01  2.96228000e-03  6.00000000e+00 
 2.96328000e-03 -4.57354213e-01  2.96328000e-03  6.00000000e+00 
 2.96428000e-03 -4.45111875e-01  2.96428000e-03  6.00000000e+00 
 2.96528000e-03 -4.32851965e-01  2.96528000e-03  6.00000000e+00 
 2.96628000e-03 -4.20574966e-01  2.96628000e-03  6.00000000e+00 
 2.96728000e-03 -4.08281363e-01  2.96728000e-03  6.00000000e+00 
 2.96828000e-03 -3.95971643e-01  2.96828000e-03  6.00000000e+00 
 2.96928000e-03 -3.83646290e-01  2.96928000e-03  6.00000000e+00 
 2.97028000e-03 -3.71305791e-01  2.97028000e-03  6.00000000e+00 
 2.97128000e-03 -3.58950634e-01  2.97128000e-03  6.00000000e+00 
 2.97228000e-03 -3.46581306e-01  2.97228000e-03  6.00000000e+00 
 2.97328000e-03 -3.34198296e-01  2.97328000e-03  6.00000000e+00 
 2.97428000e-03 -3.21802092e-01  2.97428000e-03  6.00000000e+00 
 2.97528000e-03 -3.09393184e-01  2.97528000e-03  6.00000000e+00 
 2.97628000e-03 -2.96972061e-01  2.97628000e-03  6.00000000e+00 
 2.97728000e-03 -2.84539215e-01  2.97728000e-03  6.00000000e+00 
 2.97828000e-03 -2.72095135e-01  2.97828000e-03  6.00000000e+00 
 2.97928000e-03 -2.59640314e-01  2.97928000e-03  6.00000000e+00 
 2.98028000e-03 -2.47175242e-01  2.98028000e-03  6.00000000e+00 
 2.98128000e-03 -2.34700413e-01  2.98128000e-03  6.00000000e+00 
 2.98228000e-03 -2.22216318e-01  2.98228000e-03  6.00000000e+00 
 2.98328000e-03 -2.09723450e-01  2.98328000e-03  6.00000000e+00 
 2.98428000e-03 -1.97222302e-01  2.98428000e-03  6.00000000e+00 
 2.98528000e-03 -1.84713369e-01  2.98528000e-03  6.00000000e+00 
 2.98628000e-03 -1.72197143e-01  2.98628000e-03  6.00000000e+00 
 2.98728000e-03 -1.59674120e-01  2.98728000e-03  6.00000000e+00 
 2.98828000e-03 -1.47144793e-01  2.98828000e-03  6.00000000e+00 
 2.98928000e-03 -1.34609656e-01  2.98928000e-03  6.00000000e+00 
 2.99028000e-03 -1.22069206e-01  2.99028000e-03  6.00000000e+00 
 2.99128000e-03 -1.09523936e-01  2.99128000e-03  6.00000000e+00 
 2.99228000e-03 -9.69743430e-02  2.99228000e-03  6.00000000e+00 
 2.99328000e-03 -8.44209213e-02  2.99328000e-03  6.00000000e+00 
 2.99428000e-03 -7.18641668e-02  2.99428000e-03  6.00000000e+00 
 2.99528000e-03 -5.93045752e-02  2.99528000e-03  6.00000000e+00 
 2.99628000e-03 -4.67426424e-02  2.99628000e-03  6.00000000e+00 
 2.99728000e-03 -3.41788642e-02  2.99728000e-03  6.00000000e+00 
 2.99828000e-03 -2.16137367e-02  2.99828000e-03  6.00000000e+00 
 2.99914000e-03 -1.08070261e-02  2.99914000e-03  6.00000000e+00 
 3.00000000e-03 -1.46957616e-15  3.00000000e-03  6.00000000e+00 
