 1.00000000e+00 -2.39060860e-01  1.00000000e+00  5.87836217e-01  1.00000000e+00  1.27036374e+00  1.00000000e+00 -2.21920956e+00  1.00000000e+00  1.32162264e+00  1.00000000e+00 -4.58292031e-01  1.00000000e+00 -1.39192784e+00  1.00000000e+00  2.97627716e+00  1.00000000e+00 -9.86529472e-01  1.00000000e+00  8.19798017e-01  1.00000000e+00 -1.88694030e+00  1.00000000e+00 -1.63797132e+00  1.00000000e+00  1.72739582e+00  1.00000000e+00  3.91015704e-01  1.00000000e+00  5.79137181e-01  1.00000000e+00  1.54019202e+00  1.00000000e+00 -1.12590723e+00  1.00000000e+00  7.63436531e-01  1.00000000e+00 -1.06556085e+00  1.00000000e+00 -2.52716667e-01  1.00000000e+00  3.47636338e+00  1.00000000e+00 -1.24398406e+00  1.00000000e+00 -1.42188689e+00  1.00000000e+00 -1.15437145e+00  1.00000000e+00  1.50318184e-02  1.00000000e+00 -3.29598656e-01  1.00000000e+00  1.22870652e+00  1.00000000e+00 -4.76567251e-01  1.00000000e+00  2.35582132e-01  1.00000000e+00 -1.66786399e-01 
 1.03912230e+00 -2.39078022e-01  1.03912230e+00  5.87818134e-01  1.03912230e+00  1.27035513e+00  1.03912230e+00 -2.21923144e+00  1.03912230e+00  1.32160017e+00  1.03912230e+00 -4.58302723e-01  1.03912230e+00 -1.39193547e+00  1.03912230e+00  2.97626622e+00  1.03912230e+00 -9.86556308e-01  1.03912230e+00  8.19761303e-01  1.03912230e+00 -1.88694873e+00  1.03912230e+00 -1.63798958e+00  1.03912230e+00  1.72737538e+00  1.03912230e+00  3.91003468e-01  1.03912230e+00  5.79128724e-01  1.03912230e+00  1.54018155e+00  1.03912230e+00 -1.12591323e+00  1.03912230e+00  7.63428136e-01  1.03912230e+00 -1.06556883e+00  1.03912230e+00 -2.52726709e-01  1.03912230e+00  3.47634952e+00  1.03912230e+00 -1.24400171e+00  1.03912230e+00 -1.42190023e+00  1.03912230e+00 -1.15439134e+00  1.03912230e+00  1.50230161e-02  1.03912230e+00 -3.29612797e-01  1.03912230e+00  1.22869261e+00  1.03912230e+00 -4.76575305e-01  1.03912230e+00  2.35568030e-01  1.03912230e+00 -1.66806362e-01 
 1.07977516e+00 -2.39096553e-01  1.07977516e+00  5.87798607e-01  1.07977516e+00  1.27034583e+00  1.07977516e+00 -2.21925506e+00  1.07977516e+00  1.32157591e+00  1.07977516e+00 -4.58314268e-01  1.07977516e+00 -1.39194371e+00  1.07977516e+00  2.97625442e+00  1.07977516e+00 -9.86585285e-01  1.07977516e+00  8.19721662e-01  1.07977516e+00 -1.88695782e+00  1.07977516e+00 -1.63800930e+00  1.07977516e+00  1.72735332e+00  1.07977516e+00  3.90990256e-01  1.07977516e+00  5.79119591e-01  1.07977516e+00  1.54017024e+00  1.07977516e+00 -1.12591971e+00  1.07977516e+00  7.63419070e-01  1.07977516e+00 -1.06557745e+00  1.07977516e+00 -2.52737553e-01  1.07977516e+00  3.47633456e+00  1.07977516e+00 -1.24402078e+00  1.07977516e+00 -1.42191464e+00  1.07977516e+00 -1.15441281e+00  1.07977516e+00  1.50135116e-02  1.07977516e+00 -3.29628067e-01  1.07977516e+00  1.22867760e+00  1.07977516e+00 -4.76584002e-01  1.07977516e+00  2.35552802e-01  1.07977516e+00 -1.66827916e-01 
 1.12201845e+00 -2.39116562e-01  1.12201845e+00  5.87777524e-01  1.12201845e+00  1.27033579e+00  1.12201845e+00 -2.21928057e+00  1.12201845e+00  1.32154972e+00  1.12201845e+00 -4.58326733e-01  1.12201845e+00 -1.39195261e+00  1.12201845e+00  2.97624167e+00  1.12201845e+00 -9.86616573e-01  1.12201845e+00  8.19678858e-01  1.12201845e+00 -1.88696765e+00  1.12201845e+00 -1.63803059e+00  1.12201845e+00  1.72732950e+00  1.12201845e+00  3.90975990e-01  1.12201845e+00  5.79109730e-01  1.12201845e+00  1.54015804e+00  1.12201845e+00 -1.12592671e+00  1.12201845e+00  7.63409282e-01  1.12201845e+00 -1.06558675e+00  1.12201845e+00 -2.52749261e-01  1.12201845e+00  3.47631840e+00  1.12201845e+00 -1.24404136e+00  1.12201845e+00 -1.42193020e+00  1.12201845e+00 -1.15443599e+00  1.12201845e+00  1.50032488e-02  1.12201845e+00 -3.29644554e-01  1.12201845e+00  1.22866139e+00  1.12201845e+00 -4.76593392e-01  1.12201845e+00  2.35536360e-01  1.12201845e+00 -1.66851190e-01 
 1.16591440e+00 -2.39138167e-01  1.16591440e+00  5.87754758e-01  1.16591440e+00  1.27032495e+00  1.16591440e+00 -2.21930811e+00  1.16591440e+00  1.32152144e+00  1.16591440e+00 -4.58340193e-01  1.16591440e+00 -1.39196222e+00  1.16591440e+00  2.97622791e+00  1.16591440e+00 -9.86650358e-01  1.16591440e+00  8.19632640e-01  1.16591440e+00 -1.88697826e+00  1.16591440e+00 -1.63805359e+00  1.16591440e+00  1.72730377e+00  1.16591440e+00  3.90960586e-01  1.16591440e+00  5.79099082e-01  1.16591440e+00  1.54014485e+00  1.16591440e+00 -1.12593426e+00  1.16591440e+00  7.63398713e-01  1.16591440e+00 -1.06559680e+00  1.16591440e+00 -2.52761903e-01  1.16591440e+00  3.47630095e+00  1.16591440e+00 -1.24406359e+00  1.16591440e+00 -1.42194700e+00  1.16591440e+00 -1.15446103e+00  1.16591440e+00  1.49921674e-02  1.16591440e+00 -3.29662357e-01  1.16591440e+00  1.22864388e+00  1.16591440e+00 -4.76603532e-01  1.16591440e+00  2.35518606e-01  1.16591440e+00 -1.66876321e-01 
 1.21152766e+00 -2.39161495e-01  1.21152766e+00  5.87730176e-01  1.21152766e+00  1.27031325e+00  1.21152766e+00 -2.21933785e+00  1.21152766e+00  1.32149090e+00  1.21152766e+00 -4.58354727e-01  1.21152766e+00 -1.39197260e+00  1.21152766e+00  2.97621305e+00  1.21152766e+00 -9.86686836e-01  1.21152766e+00  8.19582735e-01  1.21152766e+00 -1.88698971e+00  1.21152766e+00 -1.63807841e+00  1.21152766e+00  1.72727599e+00  1.21152766e+00  3.90943953e-01  1.21152766e+00  5.79087585e-01  1.21152766e+00  1.54013062e+00  1.21152766e+00 -1.12594242e+00  1.21152766e+00  7.63387300e-01  1.21152766e+00 -1.06560765e+00  1.21152766e+00 -2.52775554e-01  1.21152766e+00  3.47628211e+00  1.21152766e+00 -1.24408759e+00  1.21152766e+00 -1.42196514e+00  1.21152766e+00 -1.15448806e+00  1.21152766e+00  1.49802020e-02  1.21152766e+00 -3.29681580e-01  1.21152766e+00  1.22862498e+00  1.21152766e+00 -4.76614480e-01  1.21152766e+00  2.35499436e-01  1.21152766e+00 -1.66903456e-01 
 1.25892541e+00 -2.39186685e-01  1.25892541e+00  5.87703634e-01  1.25892541e+00  1.27030061e+00  1.25892541e+00 -2.21936997e+00  1.25892541e+00  1.32145793e+00  1.25892541e+00 -4.58370420e-01  1.25892541e+00 -1.39198380e+00  1.25892541e+00  2.97619700e+00  1.25892541e+00 -9.86726225e-01  1.25892541e+00  8.19528850e-01  1.25892541e+00 -1.88700208e+00  1.25892541e+00 -1.63810522e+00  1.25892541e+00  1.72724600e+00  1.25892541e+00  3.90925994e-01  1.25892541e+00  5.79075171e-01  1.25892541e+00  1.54011525e+00  1.25892541e+00 -1.12595122e+00  1.25892541e+00  7.63374977e-01  1.25892541e+00 -1.06561937e+00  1.25892541e+00 -2.52790293e-01  1.25892541e+00  3.47626177e+00  1.25892541e+00 -1.24411350e+00  1.25892541e+00 -1.42198472e+00  1.25892541e+00 -1.15451725e+00  1.25892541e+00  1.49672821e-02  1.25892541e+00 -3.29702336e-01  1.25892541e+00  1.22860457e+00  1.25892541e+00 -4.76626302e-01  1.25892541e+00  2.35478737e-01  1.25892541e+00 -1.66932756e-01 
 1.30817747e+00 -2.39213884e-01  1.30817747e+00  5.87674974e-01  1.30817747e+00  1.27028697e+00  1.30817747e+00 -2.21940464e+00  1.30817747e+00  1.32142233e+00  1.30817747e+00 -4.58387365e-01  1.30817747e+00 -1.39199590e+00  1.30817747e+00  2.97617968e+00  1.30817747e+00 -9.86768756e-01  1.30817747e+00  8.19470667e-01  1.30817747e+00 -1.88701544e+00  1.30817747e+00 -1.63813417e+00  1.30817747e+00  1.72721362e+00  1.30817747e+00  3.90906601e-01  1.30817747e+00  5.79061766e-01  1.30817747e+00  1.54009866e+00  1.30817747e+00 -1.12596073e+00  1.30817747e+00  7.63361671e-01  1.30817747e+00 -1.06563202e+00  1.30817747e+00 -2.52806209e-01  1.30817747e+00  3.47623980e+00  1.30817747e+00 -1.24414149e+00  1.30817747e+00 -1.42200587e+00  1.30817747e+00 -1.15454877e+00  1.30817747e+00  1.49533316e-02  1.30817747e+00 -3.29724749e-01  1.30817747e+00  1.22858253e+00  1.30817747e+00 -4.76639066e-01  1.30817747e+00  2.35456387e-01  1.30817747e+00 -1.66964393e-01 
 1.35935639e+00 -2.39243252e-01  1.35935639e+00  5.87644028e-01  1.35935639e+00  1.27027223e+00  1.35935639e+00 -2.21944208e+00  1.35935639e+00  1.32138388e+00  1.35935639e+00 -4.58405662e-01  1.35935639e+00 -1.39200896e+00  1.35935639e+00  2.97616097e+00  1.35935639e+00 -9.86814679e-01  1.35935639e+00  8.19407844e-01  1.35935639e+00 -1.88702986e+00  1.35935639e+00 -1.63816542e+00  1.35935639e+00  1.72717865e+00  1.35935639e+00  3.90885662e-01  1.35935639e+00  5.79047292e-01  1.35935639e+00  1.54008074e+00  1.35935639e+00 -1.12597100e+00  1.35935639e+00  7.63347304e-01  1.35935639e+00 -1.06564568e+00  1.35935639e+00 -2.52823394e-01  1.35935639e+00  3.47621608e+00  1.35935639e+00 -1.24417170e+00  1.35935639e+00 -1.42202870e+00  1.35935639e+00 -1.15458280e+00  1.35935639e+00  1.49382682e-02  1.35935639e+00 -3.29748948e-01  1.35935639e+00  1.22855873e+00  1.35935639e+00 -4.76652849e-01  1.35935639e+00  2.35432254e-01  1.35935639e+00 -1.66998554e-01 
 1.41253754e+00 -2.39274963e-01  1.41253754e+00  5.87610613e-01  1.41253754e+00  1.27025632e+00  1.41253754e+00 -2.21948251e+00  1.41253754e+00  1.32134237e+00  1.41253754e+00 -4.58425418e-01  1.41253754e+00 -1.39202307e+00  1.41253754e+00  2.97614077e+00  1.41253754e+00 -9.86864265e-01  1.41253754e+00  8.19340010e-01  1.41253754e+00 -1.88704543e+00  1.41253754e+00 -1.63819917e+00  1.41253754e+00  1.72714089e+00  1.41253754e+00  3.90863052e-01  1.41253754e+00  5.79031663e-01  1.41253754e+00  1.54006140e+00  1.41253754e+00 -1.12598209e+00  1.41253754e+00  7.63331791e-01  1.41253754e+00 -1.06566043e+00  1.41253754e+00 -2.52841950e-01  1.41253754e+00  3.47619047e+00  1.41253754e+00 -1.24420432e+00  1.41253754e+00 -1.42205336e+00  1.41253754e+00 -1.15461954e+00  1.41253754e+00  1.49220031e-02  1.41253754e+00 -3.29775079e-01  1.41253754e+00  1.22853304e+00  1.41253754e+00 -4.76667731e-01  1.41253754e+00  2.35406195e-01  1.41253754e+00 -1.67035439e-01 
 1.46779927e+00 -2.39309203e-01  1.46779927e+00  5.87574533e-01  1.46779927e+00  1.27023914e+00  1.46779927e+00 -2.21952616e+00  1.46779927e+00  1.32129755e+00  1.46779927e+00 -4.58446750e-01  1.46779927e+00 -1.39203830e+00  1.46779927e+00  2.97611896e+00  1.46779927e+00 -9.86917806e-01  1.46779927e+00  8.19266765e-01  1.46779927e+00 -1.88706224e+00  1.46779927e+00 -1.63823561e+00  1.46779927e+00  1.72710012e+00  1.46779927e+00  3.90838639e-01  1.46779927e+00  5.79014788e-01  1.46779927e+00  1.54004051e+00  1.46779927e+00 -1.12599406e+00  1.46779927e+00  7.63315040e-01  1.46779927e+00 -1.06567635e+00  1.46779927e+00 -2.52861986e-01  1.46779927e+00  3.47616282e+00  1.46779927e+00 -1.24423955e+00  1.46779927e+00 -1.42207998e+00  1.46779927e+00 -1.15465922e+00  1.46779927e+00  1.49044406e-02  1.46779927e+00 -3.29803293e-01  1.46779927e+00  1.22850529e+00  1.46779927e+00 -4.76683801e-01  1.46779927e+00  2.35378058e-01  1.46779927e+00 -1.67075267e-01 
 1.52522296e+00 -2.39346175e-01  1.52522296e+00  5.87535576e-01  1.52522296e+00  1.27022059e+00  1.52522296e+00 -2.21957329e+00  1.52522296e+00  1.32124915e+00  1.52522296e+00 -4.58469784e-01  1.52522296e+00 -1.39205474e+00  1.52522296e+00  2.97609540e+00  1.52522296e+00 -9.86975617e-01  1.52522296e+00  8.19187679e-01  1.52522296e+00 -1.88708040e+00  1.52522296e+00 -1.63827495e+00  1.52522296e+00  1.72705610e+00  1.52522296e+00  3.90812279e-01  1.52522296e+00  5.78996567e-01  1.52522296e+00  1.54001795e+00  1.52522296e+00 -1.12600699e+00  1.52522296e+00  7.63296953e-01  1.52522296e+00 -1.06569355e+00  1.52522296e+00 -2.52883620e-01  1.52522296e+00  3.47613296e+00  1.52522296e+00 -1.24427758e+00  1.52522296e+00 -1.42210873e+00  1.52522296e+00 -1.15470206e+00  1.52522296e+00  1.48854771e-02  1.52522296e+00 -3.29833758e-01  1.52522296e+00  1.22847534e+00  1.52522296e+00 -4.76701152e-01  1.52522296e+00  2.35347677e-01  1.52522296e+00 -1.67118271e-01 
 1.58489319e+00 -2.39386096e-01  1.58489319e+00  5.87493511e-01  1.58489319e+00  1.27020056e+00  1.58489319e+00 -2.21962418e+00  1.58489319e+00  1.32119690e+00  1.58489319e+00 -4.58494655e-01  1.58489319e+00 -1.39207250e+00  1.58489319e+00  2.97606997e+00  1.58489319e+00 -9.87038040e-01  1.58489319e+00  8.19102285e-01  1.58489319e+00 -1.88710000e+00  1.58489319e+00 -1.63831744e+00  1.58489319e+00  1.72700857e+00  1.58489319e+00  3.90783815e-01  1.58489319e+00  5.78976892e-01  1.58489319e+00  1.53999359e+00  1.58489319e+00 -1.12602094e+00  1.58489319e+00  7.63277423e-01  1.58489319e+00 -1.06571212e+00  1.58489319e+00 -2.52906981e-01  1.58489319e+00  3.47610072e+00  1.58489319e+00 -1.24431865e+00  1.58489319e+00 -1.42213977e+00  1.58489319e+00 -1.15474832e+00  1.58489319e+00  1.48650009e-02  1.58489319e+00 -3.29866654e-01  1.58489319e+00  1.22844299e+00  1.58489319e+00 -4.76719888e-01  1.58489319e+00  2.35314872e-01  1.58489319e+00 -1.67164706e-01 
 1.64689787e+00 -2.39429201e-01  1.64689787e+00  5.87448090e-01  1.64689787e+00  1.27017894e+00  1.64689787e+00 -2.21967913e+00  1.64689787e+00  1.32114047e+00  1.64689787e+00 -4.58521510e-01  1.64689787e+00 -1.39209167e+00  1.64689787e+00  2.97604251e+00  1.64689787e+00 -9.87105441e-01  1.64689787e+00  8.19010080e-01  1.64689787e+00 -1.88712117e+00  1.64689787e+00 -1.63836331e+00  1.64689787e+00  1.72695725e+00  1.64689787e+00  3.90753081e-01  1.64689787e+00  5.78955647e-01  1.64689787e+00  1.53996730e+00  1.64689787e+00 -1.12603602e+00  1.64689787e+00  7.63256335e-01  1.64689787e+00 -1.06573217e+00  1.64689787e+00 -2.52932204e-01  1.64689787e+00  3.47606590e+00  1.64689787e+00 -1.24436300e+00  1.64689787e+00 -1.42217329e+00  1.64689787e+00 -1.15479826e+00  1.64689787e+00  1.48428913e-02  1.64689787e+00 -3.29902173e-01  1.64689787e+00  1.22840806e+00  1.64689787e+00 -4.76740118e-01  1.64689787e+00  2.35279451e-01  1.64689787e+00 -1.67214844e-01 
 1.71132830e+00 -2.39475744e-01  1.71132830e+00  5.87399047e-01  1.71132830e+00  1.27015558e+00  1.71132830e+00 -2.21973847e+00  1.71132830e+00  1.32107955e+00  1.71132830e+00 -4.58550507e-01  1.71132830e+00 -1.39211237e+00  1.71132830e+00  2.97601286e+00  1.71132830e+00 -9.87178218e-01  1.71132830e+00  8.18910523e-01  1.71132830e+00 -1.88714402e+00  1.71132830e+00 -1.63841284e+00  1.71132830e+00  1.72690183e+00  1.71132830e+00  3.90719896e-01  1.71132830e+00  5.78932708e-01  1.71132830e+00  1.53993890e+00  1.71132830e+00 -1.12605229e+00  1.71132830e+00  7.63233565e-01  1.71132830e+00 -1.06575381e+00  1.71132830e+00 -2.52959440e-01  1.71132830e+00  3.47602832e+00  1.71132830e+00 -1.24441088e+00  1.71132830e+00 -1.42220947e+00  1.71132830e+00 -1.15485219e+00  1.71132830e+00  1.48190181e-02  1.71132830e+00 -3.29940526e-01  1.71132830e+00  1.22837035e+00  1.71132830e+00 -4.76761962e-01  1.71132830e+00  2.35241204e-01  1.71132830e+00 -1.67268982e-01 
 1.77827941e+00 -2.39526000e-01  1.77827941e+00  5.87346091e-01  1.77827941e+00  1.27013037e+00  1.77827941e+00 -2.21980253e+00  1.77827941e+00  1.32101376e+00  1.77827941e+00 -4.58581818e-01  1.77827941e+00 -1.39213473e+00  1.77827941e+00  2.97598085e+00  1.77827941e+00 -9.87256799e-01  1.77827941e+00  8.18803025e-01  1.77827941e+00 -1.88716870e+00  1.77827941e+00 -1.63846633e+00  1.77827941e+00  1.72684200e+00  1.77827941e+00  3.90684064e-01  1.77827941e+00  5.78907939e-01  1.77827941e+00  1.53990824e+00  1.77827941e+00 -1.12606986e+00  1.77827941e+00  7.63208978e-01  1.77827941e+00 -1.06577719e+00  1.77827941e+00 -2.52988848e-01  1.77827941e+00  3.47598773e+00  1.77827941e+00 -1.24446258e+00  1.77827941e+00 -1.42224855e+00  1.77827941e+00 -1.15491043e+00  1.77827941e+00  1.47932405e-02  1.77827941e+00 -3.29981937e-01  1.77827941e+00  1.22832963e+00  1.77827941e+00 -4.76785548e-01  1.77827941e+00  2.35199906e-01  1.77827941e+00 -1.67327438e-01 
 1.84784980e+00 -2.39580265e-01  1.84784980e+00  5.87288912e-01  1.84784980e+00  1.27010314e+00  1.84784980e+00 -2.21987171e+00  1.84784980e+00  1.32094273e+00  1.84784980e+00 -4.58615626e-01  1.84784980e+00 -1.39215886e+00  1.84784980e+00  2.97594628e+00  1.84784980e+00 -9.87341648e-01  1.84784980e+00  8.18686955e-01  1.84784980e+00 -1.88719534e+00  1.84784980e+00 -1.63852407e+00  1.84784980e+00  1.72677739e+00  1.84784980e+00  3.90645373e-01  1.84784980e+00  5.78881194e-01  1.84784980e+00  1.53987513e+00  1.84784980e+00 -1.12608883e+00  1.84784980e+00  7.63182431e-01  1.84784980e+00 -1.06580243e+00  1.84784980e+00 -2.53020602e-01  1.84784980e+00  3.47594390e+00  1.84784980e+00 -1.24451841e+00  1.84784980e+00 -1.42229074e+00  1.84784980e+00 -1.15497331e+00  1.84784980e+00  1.47654066e-02  1.84784980e+00 -3.30026652e-01  1.84784980e+00  1.22828566e+00  1.84784980e+00 -4.76811016e-01  1.84784980e+00  2.35155314e-01  1.84784980e+00 -1.67390556e-01 
 1.92014194e+00 -2.39638857e-01  1.92014194e+00  5.87227173e-01  1.92014194e+00  1.27007374e+00  1.92014194e+00 -2.21994640e+00  1.92014194e+00  1.32086603e+00  1.92014194e+00 -4.58652130e-01  1.92014194e+00 -1.39218493e+00  1.92014194e+00  2.97590895e+00  1.92014194e+00 -9.87433264e-01  1.92014194e+00  8.18561629e-01  1.92014194e+00 -1.88722412e+00  1.92014194e+00 -1.63858643e+00  1.92014194e+00  1.72670763e+00  1.92014194e+00  3.90603596e-01  1.92014194e+00  5.78852316e-01  1.92014194e+00  1.53983938e+00  1.92014194e+00 -1.12610932e+00  1.92014194e+00  7.63153765e-01  1.92014194e+00 -1.06582968e+00  1.92014194e+00 -2.53054889e-01  1.92014194e+00  3.47589658e+00  1.92014194e+00 -1.24457869e+00  1.92014194e+00 -1.42233630e+00  1.92014194e+00 -1.15504120e+00  1.92014194e+00  1.47353526e-02  1.92014194e+00 -3.30074934e-01  1.92014194e+00  1.22823818e+00  1.92014194e+00 -4.76838516e-01  1.92014194e+00  2.35107166e-01  1.92014194e+00 -1.67458708e-01 
 1.99526231e+00 -2.39702123e-01  1.99526231e+00  5.87160509e-01  1.99526231e+00  1.27004200e+00  1.99526231e+00 -2.22002706e+00  1.99526231e+00  1.32078322e+00  1.99526231e+00 -4.58691547e-01  1.99526231e+00 -1.39221307e+00  1.99526231e+00  2.97586865e+00  1.99526231e+00 -9.87532186e-01  1.99526231e+00  8.18426310e-01  1.99526231e+00 -1.88725518e+00  1.99526231e+00 -1.63865376e+00  1.99526231e+00  1.72663230e+00  1.99526231e+00  3.90558487e-01  1.99526231e+00  5.78821135e-01  1.99526231e+00  1.53980078e+00  1.99526231e+00 -1.12613144e+00  1.99526231e+00  7.63122813e-01  1.99526231e+00 -1.06585911e+00  1.99526231e+00 -2.53091911e-01  1.99526231e+00  3.47584548e+00  1.99526231e+00 -1.24464377e+00  1.99526231e+00 -1.42238549e+00  1.99526231e+00 -1.15511451e+00  1.99526231e+00  1.47029011e-02  1.99526231e+00 -3.30127066e-01  1.99526231e+00  1.22818692e+00  1.99526231e+00 -4.76868209e-01  1.99526231e+00  2.35055176e-01  1.99526231e+00 -1.67532296e-01 
 2.07332157e+00 -2.39770435e-01  2.07332157e+00  5.87088528e-01  2.07332157e+00  1.27000772e+00  2.07332157e+00 -2.22011414e+00  2.07332157e+00  1.32069380e+00  2.07332157e+00 -4.58734107e-01  2.07332157e+00 -1.39224346e+00  2.07332157e+00  2.97582513e+00  2.07332157e+00 -9.87638997e-01  2.07332157e+00  8.18280199e-01  2.07332157e+00 -1.88728873e+00  2.07332157e+00 -1.63872646e+00  2.07332157e+00  1.72655097e+00  2.07332157e+00  3.90509780e-01  2.07332157e+00  5.78787466e-01  2.07332157e+00  1.53975911e+00  2.07332157e+00 -1.12615533e+00  2.07332157e+00  7.63089393e-01  2.07332157e+00 -1.06589088e+00  2.07332157e+00 -2.53131886e-01  2.07332157e+00  3.47579031e+00  2.07332157e+00 -1.24471405e+00  2.07332157e+00 -1.42243861e+00  2.07332157e+00 -1.15519366e+00  2.07332157e+00  1.46678612e-02  2.07332157e+00 -3.30183357e-01  2.07332157e+00  1.22813157e+00  2.07332157e+00 -4.76900270e-01  2.07332157e+00  2.34999041e-01  2.07332157e+00 -1.67611753e-01 
 2.15443469e+00 -2.39844195e-01  2.15443469e+00  5.87010806e-01  2.15443469e+00  1.26997072e+00  2.15443469e+00 -2.22020817e+00  2.15443469e+00  1.32059725e+00  2.15443469e+00 -4.58780062e-01  2.15443469e+00 -1.39227627e+00  2.15443469e+00  2.97577814e+00  2.15443469e+00 -9.87754327e-01  2.15443469e+00  8.18122439e-01  2.15443469e+00 -1.88732495e+00  2.15443469e+00 -1.63880495e+00  2.15443469e+00  1.72646314e+00  2.15443469e+00  3.90457188e-01  2.15443469e+00  5.78751111e-01  2.15443469e+00  1.53971410e+00  2.15443469e+00 -1.12618112e+00  2.15443469e+00  7.63053306e-01  2.15443469e+00 -1.06592519e+00  2.15443469e+00 -2.53175049e-01  2.15443469e+00  3.47573074e+00  2.15443469e+00 -1.24478993e+00  2.15443469e+00 -1.42249596e+00  2.15443469e+00 -1.15527913e+00  2.15443469e+00  1.46300262e-02  2.15443469e+00 -3.30244138e-01  2.15443469e+00  1.22807180e+00  2.15443469e+00 -4.76934889e-01  2.15443469e+00  2.34938427e-01  2.15443469e+00 -1.67697548e-01 
 2.23872114e+00 -2.39923838e-01  2.23872114e+00  5.86926885e-01  2.23872114e+00  1.26993075e+00  2.23872114e+00 -2.22030970e+00  2.23872114e+00  1.32049300e+00  2.23872114e+00 -4.58829683e-01  2.23872114e+00 -1.39231169e+00  2.23872114e+00  2.97572740e+00  2.23872114e+00 -9.87878853e-01  2.23872114e+00  8.17952099e-01  2.23872114e+00 -1.88736406e+00  2.23872114e+00 -1.63888971e+00  2.23872114e+00  1.72636832e+00  2.23872114e+00  3.90400401e-01  2.23872114e+00  5.78711857e-01  2.23872114e+00  1.53966551e+00  2.23872114e+00 -1.12620897e+00  2.23872114e+00  7.63014341e-01  2.23872114e+00 -1.06596224e+00  2.23872114e+00 -2.53221655e-01  2.23872114e+00  3.47566642e+00  2.23872114e+00 -1.24487187e+00  2.23872114e+00 -1.42255789e+00  2.23872114e+00 -1.15537141e+00  2.23872114e+00  1.45891733e-02  2.23872114e+00 -3.30309766e-01  2.23872114e+00  1.22800727e+00  2.23872114e+00 -4.76972269e-01  2.23872114e+00  2.34872979e-01  2.23872114e+00 -1.67790184e-01 
 2.32630507e+00 -2.40009833e-01  2.32630507e+00  5.86836272e-01  2.32630507e+00  1.26988761e+00  2.32630507e+00 -2.22041932e+00  2.32630507e+00  1.32038044e+00  2.32630507e+00 -4.58883262e-01  2.32630507e+00 -1.39234995e+00  2.32630507e+00  2.97567262e+00  2.32630507e+00 -9.88013309e-01  2.32630507e+00  8.17768178e-01  2.32630507e+00 -1.88740629e+00  2.32630507e+00 -1.63898123e+00  2.32630507e+00  1.72626593e+00  2.32630507e+00  3.90339085e-01  2.32630507e+00  5.78669471e-01  2.32630507e+00  1.53961304e+00  2.32630507e+00 -1.12623903e+00  2.32630507e+00  7.62972268e-01  2.32630507e+00 -1.06600224e+00  2.32630507e+00 -2.53271979e-01  2.32630507e+00  3.47559697e+00  2.32630507e+00 -1.24496034e+00  2.32630507e+00 -1.42262475e+00  2.32630507e+00 -1.15547106e+00  2.32630507e+00  1.45450618e-02  2.32630507e+00 -3.30380629e-01  2.32630507e+00  1.22793758e+00  2.32630507e+00 -4.77012631e-01  2.32630507e+00  2.34802312e-01  2.32630507e+00 -1.67890209e-01 
 2.41731548e+00 -2.40102686e-01  2.41731548e+00  5.86738432e-01  2.41731548e+00  1.26984101e+00  2.41731548e+00 -2.22053769e+00  2.41731548e+00  1.32025890e+00  2.41731548e+00 -4.58941114e-01  2.41731548e+00 -1.39239125e+00  2.41731548e+00  2.97561346e+00  2.41731548e+00 -9.88158487e-01  2.41731548e+00  8.17569593e-01  2.41731548e+00 -1.88745189e+00  2.41731548e+00 -1.63908004e+00  2.41731548e+00  1.72615538e+00  2.41731548e+00  3.90272878e-01  2.41731548e+00  5.78623705e-01  2.41731548e+00  1.53955639e+00  2.41731548e+00 -1.12627150e+00  2.41731548e+00  7.62926839e-01  2.41731548e+00 -1.06604543e+00  2.41731548e+00 -2.53326317e-01  2.41731548e+00  3.47552197e+00  2.41731548e+00 -1.24505586e+00  2.41731548e+00 -1.42269695e+00  2.41731548e+00 -1.15557865e+00  2.41731548e+00  1.44974318e-02  2.41731548e+00 -3.30457143e-01  2.41731548e+00  1.22786235e+00  2.41731548e+00 -4.77056213e-01  2.41731548e+00  2.34726008e-01  2.41731548e+00 -1.67998210e-01 
 2.51188643e+00 -2.40202945e-01  2.51188643e+00  5.86632789e-01  2.51188643e+00  1.26979071e+00  2.51188643e+00 -2.22066549e+00  2.51188643e+00  1.32012767e+00  2.51188643e+00 -4.59003581e-01  2.51188643e+00 -1.39243585e+00  2.51188643e+00  2.97554959e+00  2.51188643e+00 -9.88315241e-01  2.51188643e+00  8.17355177e-01  2.51188643e+00 -1.88750112e+00  2.51188643e+00 -1.63918674e+00  2.51188643e+00  1.72603601e+00  2.51188643e+00  3.90201391e-01  2.51188643e+00  5.78574288e-01  2.51188643e+00  1.53949522e+00  2.51188643e+00 -1.12630656e+00  2.51188643e+00  7.62877786e-01  2.51188643e+00 -1.06609207e+00  2.51188643e+00 -2.53384989e-01  2.51188643e+00  3.47544100e+00  2.51188643e+00 -1.24515900e+00  2.51188643e+00 -1.42277491e+00  2.51188643e+00 -1.15569482e+00  2.51188643e+00  1.44460026e-02  2.51188643e+00 -3.30539760e-01  2.51188643e+00  1.22778111e+00  2.51188643e+00 -4.77103270e-01  2.51188643e+00  2.34643618e-01  2.51188643e+00 -1.68114824e-01 
 2.61015722e+00 -2.40311199e-01  2.61015722e+00  5.86518721e-01  2.61015722e+00  1.26973639e+00  2.61015722e+00 -2.22080349e+00  2.61015722e+00  1.31998597e+00  2.61015722e+00 -4.59071029e-01  2.61015722e+00 -1.39248401e+00  2.61015722e+00  2.97548063e+00  2.61015722e+00 -9.88484493e-01  2.61015722e+00  8.17123667e-01  2.61015722e+00 -1.88755428e+00  2.61015722e+00 -1.63930194e+00  2.61015722e+00  1.72590713e+00  2.61015722e+00  3.90124202e-01  2.61015722e+00  5.78520929e-01  2.61015722e+00  1.53942917e+00  2.61015722e+00 -1.12634441e+00  2.61015722e+00  7.62824821e-01  2.61015722e+00 -1.06614242e+00  2.61015722e+00 -2.53448340e-01  2.61015722e+00  3.47535357e+00  2.61015722e+00 -1.24527037e+00  2.61015722e+00 -1.42285908e+00  2.61015722e+00 -1.15582025e+00  2.61015722e+00  1.43904714e-02  2.61015722e+00 -3.30628966e-01  2.61015722e+00  1.22769339e+00  2.61015722e+00 -4.77154082e-01  2.61015722e+00  2.34554657e-01  2.61015722e+00 -1.68240737e-01 
 2.71227258e+00 -2.40428085e-01  2.71227258e+00  5.86395557e-01  2.71227258e+00  1.26967774e+00  2.71227258e+00 -2.22095249e+00  2.71227258e+00  1.31983298e+00  2.71227258e+00 -4.59143858e-01  2.71227258e+00 -1.39253601e+00  2.71227258e+00  2.97540616e+00  2.71227258e+00 -9.88667241e-01  2.71227258e+00  8.16873702e-01  2.71227258e+00 -1.88761169e+00  2.71227258e+00 -1.63942633e+00  2.71227258e+00  1.72576796e+00  2.71227258e+00  3.90040856e-01  2.71227258e+00  5.78463315e-01  2.71227258e+00  1.53935785e+00  2.71227258e+00 -1.12638529e+00  2.71227258e+00  7.62767631e-01  2.71227258e+00 -1.06619679e+00  2.71227258e+00 -2.53516745e-01  2.71227258e+00  3.47525916e+00  2.71227258e+00 -1.24539062e+00  2.71227258e+00 -1.42294997e+00  2.71227258e+00 -1.15595569e+00  2.71227258e+00  1.43305110e-02  2.71227258e+00 -3.30725287e-01  2.71227258e+00  1.22759867e+00  2.71227258e+00 -4.77208945e-01  2.71227258e+00  2.34458602e-01  2.71227258e+00 -1.68376692e-01 
 2.81838293e+00 -2.40554294e-01  2.81838293e+00  5.86262572e-01  2.81838293e+00  1.26961441e+00  2.81838293e+00 -2.22111337e+00  2.81838293e+00  1.31966779e+00  2.81838293e+00 -4.59222495e-01  2.81838293e+00 -1.39259215e+00  2.81838293e+00  2.97532575e+00  2.81838293e+00 -9.88864558e-01  2.81838293e+00  8.16603813e-01  2.81838293e+00 -1.88767367e+00  2.81838293e+00 -1.63956064e+00  2.81838293e+00  1.72561770e+00  2.81838293e+00  3.89950864e-01  2.81838293e+00  5.78401105e-01  2.81838293e+00  1.53928084e+00  2.81838293e+00 -1.12642942e+00  2.81838293e+00  7.62705879e-01  2.81838293e+00 -1.06625550e+00  2.81838293e+00 -2.53590605e-01  2.81838293e+00  3.47515723e+00  2.81838293e+00 -1.24552046e+00  2.81838293e+00 -1.42304811e+00  2.81838293e+00 -1.15610192e+00  2.81838293e+00  1.42657682e-02  2.81838293e+00 -3.30829289e-01  2.81838293e+00  1.22749640e+00  2.81838293e+00 -4.77268185e-01  2.81838293e+00  2.34354886e-01  2.81838293e+00 -1.68523487e-01 
 2.92864456e+00 -2.40690566e-01  2.92864456e+00  5.86118982e-01  2.92864456e+00  1.26954602e+00  2.92864456e+00 -2.22128708e+00  2.92864456e+00  1.31948942e+00  2.92864456e+00 -4.59307403e-01  2.92864456e+00 -1.39265277e+00  2.92864456e+00  2.97523893e+00  2.92864456e+00 -9.89077607e-01  2.92864456e+00  8.16312411e-01  2.92864456e+00 -1.88774059e+00  2.92864456e+00 -1.63970566e+00  2.92864456e+00  1.72545546e+00  2.92864456e+00  3.89853695e-01  2.92864456e+00  5.78333933e-01  2.92864456e+00  1.53919769e+00  2.92864456e+00 -1.12647708e+00  2.92864456e+00  7.62639203e-01  2.92864456e+00 -1.06631890e+00  2.92864456e+00 -2.53670356e-01  2.92864456e+00  3.47504717e+00  2.92864456e+00 -1.24566065e+00  2.92864456e+00 -1.42315407e+00  2.92864456e+00 -1.15625982e+00  2.92864456e+00  1.41958616e-02  2.92864456e+00 -3.30941585e-01  2.92864456e+00  1.22738598e+00  2.92864456e+00 -4.77332150e-01  2.92864456e+00  2.34242899e-01  2.92864456e+00 -1.68681987e-01 
 3.04321989e+00 -2.40837704e-01  3.04321989e+00  5.85963942e-01  3.04321989e+00  1.26947219e+00  3.04321989e+00 -2.22147464e+00  3.04321989e+00  1.31929684e+00  3.04321989e+00 -4.59399084e-01  3.04321989e+00 -1.39271823e+00  3.04321989e+00  2.97514519e+00  3.04321989e+00 -9.89307640e-01  3.04321989e+00  8.15997786e-01  3.04321989e+00 -1.88781285e+00  3.04321989e+00 -1.63986225e+00  3.04321989e+00  1.72528028e+00  3.04321989e+00  3.89748776e-01  3.04321989e+00  5.78261404e-01  3.04321989e+00  1.53910791e+00  3.04321989e+00 -1.12652853e+00  3.04321989e+00  7.62567208e-01  3.04321989e+00 -1.06638734e+00  3.04321989e+00 -2.53756467e-01  3.04321989e+00  3.47492833e+00  3.04321989e+00 -1.24581202e+00  3.04321989e+00 -1.42326848e+00  3.04321989e+00 -1.15643031e+00  3.04321989e+00  1.41203794e-02  3.04321989e+00 -3.31062836e-01  3.04321989e+00  1.22726675e+00  3.04321989e+00 -4.77401217e-01  3.04321989e+00  2.34121982e-01  3.04321989e+00 -1.68853125e-01 
 3.16227766e+00 -2.40996575e-01  3.16227766e+00  5.85796541e-01  3.16227766e+00  1.26939247e+00  3.16227766e+00 -2.22167715e+00  3.16227766e+00  1.31908890e+00  3.16227766e+00 -4.59498075e-01  3.16227766e+00 -1.39278891e+00  3.16227766e+00  2.97504397e+00  3.16227766e+00 -9.89556010e-01  3.16227766e+00  8.15658086e-01  3.16227766e+00 -1.88789088e+00  3.16227766e+00 -1.64003132e+00  3.16227766e+00  1.72509113e+00  3.16227766e+00  3.89635491e-01  3.16227766e+00  5.78183091e-01  3.16227766e+00  1.53901097e+00  3.16227766e+00 -1.12658409e+00  3.16227766e+00  7.62489471e-01  3.16227766e+00 -1.06646125e+00  3.16227766e+00 -2.53849446e-01  3.16227766e+00  3.47480001e+00  3.16227766e+00 -1.24597547e+00  3.16227766e+00 -1.42339202e+00  3.16227766e+00 -1.15661439e+00  3.16227766e+00  1.40388771e-02  3.16227766e+00 -3.31193756e-01  3.16227766e+00  1.22713801e+00  3.16227766e+00 -4.77475792e-01  3.16227766e+00  2.33991422e-01  3.16227766e+00 -1.69037908e-01 
 3.28599325e+00 -2.41168114e-01  3.28599325e+00  5.85615792e-01  3.28599325e+00  1.26930638e+00  3.28599325e+00 -2.22189581e+00  3.28599325e+00  1.31886438e+00  3.28599325e+00 -4.59604962e-01  3.28599325e+00 -1.39286523e+00  3.28599325e+00  2.97493468e+00  3.28599325e+00 -9.89824177e-01  3.28599325e+00  8.15291317e-01  3.28599325e+00 -1.88797513e+00  3.28599325e+00 -1.64021386e+00  3.28599325e+00  1.72488690e+00  3.28599325e+00  3.89513171e-01  3.28599325e+00  5.78098531e-01  3.28599325e+00  1.53890630e+00  3.28599325e+00 -1.12664408e+00  3.28599325e+00  7.62405535e-01  3.28599325e+00 -1.06654105e+00  3.28599325e+00 -2.53949841e-01  3.28599325e+00  3.47466146e+00  3.28599325e+00 -1.24615194e+00  3.28599325e+00 -1.42352541e+00  3.28599325e+00 -1.15681314e+00  3.28599325e+00  1.39508747e-02  3.28599325e+00 -3.31335116e-01  3.28599325e+00  1.22699901e+00  3.28599325e+00 -4.77556315e-01  3.28599325e+00  2.33850451e-01  3.28599325e+00 -1.69237423e-01 
 3.41454887e+00 -2.41353329e-01  3.41454887e+00  5.85420632e-01  3.41454887e+00  1.26921344e+00  3.41454887e+00 -2.22213190e+00  3.41454887e+00  1.31862196e+00  3.41454887e+00 -4.59720372e-01  3.41454887e+00 -1.39294763e+00  3.41454887e+00  2.97481667e+00  3.41454887e+00 -9.90113719e-01  3.41454887e+00  8.14895323e-01  3.41454887e+00 -1.88806610e+00  3.41454887e+00 -1.64041097e+00  3.41454887e+00  1.72466640e+00  3.41454887e+00  3.89381097e-01  3.41454887e+00  5.78007227e-01  3.41454887e+00  1.53879328e+00  3.41454887e+00 -1.12670886e+00  3.41454887e+00  7.62314904e-01  3.41454887e+00 -1.06662722e+00  3.41454887e+00 -2.54058241e-01  3.41454887e+00  3.47451186e+00  3.41454887e+00 -1.24634248e+00  3.41454887e+00 -1.42366943e+00  3.41454887e+00 -1.15702774e+00  3.41454887e+00  1.38558538e-02  3.41454887e+00 -3.31487748e-01  3.41454887e+00  1.22684892e+00  3.41454887e+00 -4.77643260e-01  3.41454887e+00  2.33698239e-01  3.41454887e+00 -1.69452845e-01 
 3.54813389e+00 -2.41553311e-01  3.54813389e+00  5.85209914e-01  3.54813389e+00  1.26911308e+00  3.54813389e+00 -2.22238681e+00  3.54813389e+00  1.31836022e+00  3.54813389e+00 -4.59844986e-01  3.54813389e+00 -1.39303661e+00  3.54813389e+00  2.97468925e+00  3.54813389e+00 -9.90426338e-01  3.54813389e+00  8.14467780e-01  3.54813389e+00 -1.88816432e+00  3.54813389e+00 -1.64062379e+00  3.54813389e+00  1.72442831e+00  3.54813389e+00  3.89238491e-01  3.54813389e+00  5.77908642e-01  3.54813389e+00  1.53867125e+00  3.54813389e+00 -1.12677880e+00  3.54813389e+00  7.62217045e-01  3.54813389e+00 -1.06672026e+00  3.54813389e+00 -2.54175286e-01  3.54813389e+00  3.47435034e+00  3.54813389e+00 -1.24654821e+00  3.54813389e+00 -1.42382494e+00  3.54813389e+00 -1.15725945e+00  3.54813389e+00  1.37532550e-02  3.54813389e+00 -3.31652550e-01  3.54813389e+00  1.22668686e+00  3.54813389e+00 -4.77737140e-01  3.54813389e+00  2.33533890e-01  3.54813389e+00 -1.69685440e-01 
 3.68694506e+00 -2.41769236e-01  3.68694506e+00  5.84982396e-01  3.68694506e+00  1.26900471e+00  3.68694506e+00 -2.22266204e+00  3.68694506e+00  1.31807762e+00  3.68694506e+00 -4.59979537e-01  3.68694506e+00 -1.39313268e+00  3.68694506e+00  2.97455167e+00  3.68694506e+00 -9.90763871e-01  3.68694506e+00  8.14006176e-01  3.68694506e+00 -1.88827037e+00  3.68694506e+00 -1.64085357e+00  3.68694506e+00  1.72417124e+00  3.68694506e+00  3.89084515e-01  3.68694506e+00  5.77802195e-01  3.68694506e+00  1.53853949e+00  3.68694506e+00 -1.12685432e+00  3.68694506e+00  7.62111382e-01  3.68694506e+00 -1.06682072e+00  3.68694506e+00 -2.54301665e-01  3.68694506e+00  3.47417593e+00  3.68694506e+00 -1.24677035e+00  3.68694506e+00 -1.42399285e+00  3.68694506e+00 -1.15750964e+00  3.68694506e+00  1.36424741e-02  3.68694506e+00 -3.31830492e-01  3.68694506e+00  1.22651189e+00  3.68694506e+00 -4.77838506e-01  3.68694506e+00  2.33356438e-01  3.68694506e+00 -1.69936576e-01 
 3.83118685e+00 -2.42002375e-01  3.83118685e+00  5.84736742e-01  3.83118685e+00  1.26888771e+00  3.83118685e+00 -2.22295920e+00  3.83118685e+00  1.31777250e+00  3.83118685e+00 -4.60124817e-01  3.83118685e+00 -1.39323641e+00  3.83118685e+00  2.97440313e+00  3.83118685e+00 -9.91128301e-01  3.83118685e+00  8.13507803e-01  3.83118685e+00 -1.88838489e+00  3.83118685e+00 -1.64110167e+00  3.83118685e+00  1.72389369e+00  3.83118685e+00  3.88918260e-01  3.83118685e+00  5.77687259e-01  3.83118685e+00  1.53839722e+00  3.83118685e+00 -1.12693587e+00  3.83118685e+00  7.61997293e-01  3.83118685e+00 -1.06692919e+00  3.83118685e+00 -2.54438122e-01  3.83118685e+00  3.47398762e+00  3.83118685e+00 -1.24701019e+00  3.83118685e+00 -1.42417414e+00  3.83118685e+00 -1.15777976e+00  3.83118685e+00  1.35228587e-02  3.83118685e+00 -3.32022621e-01  3.83118685e+00  1.22632296e+00  3.83118685e+00 -4.77947956e-01  3.83118685e+00  2.33164837e-01  3.83118685e+00 -1.70207730e-01 
 3.98107171e+00 -2.42254098e-01  3.98107171e+00  5.84471506e-01  3.98107171e+00  1.26876137e+00  3.98107171e+00 -2.22328005e+00  3.98107171e+00  1.31744306e+00  3.98107171e+00 -4.60281681e-01  3.98107171e+00 -1.39334842e+00  3.98107171e+00  2.97424273e+00  3.98107171e+00 -9.91521770e-01  3.98107171e+00  8.12969737e-01  3.98107171e+00 -1.88850853e+00  3.98107171e+00 -1.64136955e+00  3.98107171e+00  1.72359401e+00  3.98107171e+00  3.88738751e-01  3.98107171e+00  5.77563157e-01  3.98107171e+00  1.53824361e+00  3.98107171e+00 -1.12702391e+00  3.98107171e+00  7.61874106e-01  3.98107171e+00 -1.06704631e+00  3.98107171e+00 -2.54585460e-01  3.98107171e+00  3.47378430e+00  3.98107171e+00 -1.24726915e+00  3.98107171e+00 -1.42436989e+00  3.98107171e+00 -1.15807141e+00  3.98107171e+00  1.33937048e-02  3.98107171e+00 -3.32230068e-01  3.98107171e+00  1.22611897e+00  3.98107171e+00 -4.78066134e-01  3.98107171e+00  2.32957961e-01  3.98107171e+00 -1.70500496e-01 
 4.13682040e+00 -2.42525886e-01  4.13682040e+00  5.84185130e-01  4.13682040e+00  1.26862496e+00  4.13682040e+00 -2.22362646e+00  4.13682040e+00  1.31708736e+00  4.13682040e+00 -4.60451053e-01  4.13682040e+00 -1.39346936e+00  4.13682040e+00  2.97406955e+00  4.13682040e+00 -9.91946587e-01  4.13682040e+00  8.12388821e-01  4.13682040e+00 -1.88864204e+00  4.13682040e+00 -1.64165878e+00  4.13682040e+00  1.72327045e+00  4.13682040e+00  3.88544928e-01  4.13682040e+00  5.77429159e-01  4.13682040e+00  1.53807774e+00  4.13682040e+00 -1.12711898e+00  4.13682040e+00  7.61741095e-01  4.13682040e+00 -1.06717277e+00  4.13682040e+00 -2.54744546e-01  4.13682040e+00  3.47356477e+00  4.13682040e+00 -1.24754876e+00  4.13682040e+00 -1.42458125e+00  4.13682040e+00 -1.15838631e+00  4.13682040e+00  1.32542519e-02  4.13682040e+00 -3.32454053e-01  4.13682040e+00  1.22589872e+00  4.13682040e+00 -4.78193736e-01  4.13682040e+00  2.32734592e-01  4.13682040e+00 -1.70816596e-01 
 4.29866235e+00 -2.42819337e-01  4.29866235e+00  5.83875928e-01  4.29866235e+00  1.26847767e+00  4.29866235e+00 -2.22400048e+00  4.29866235e+00  1.31670332e+00  4.29866235e+00 -4.60633929e-01  4.29866235e+00 -1.39359994e+00  4.29866235e+00  2.97388256e+00  4.29866235e+00 -9.92405247e-01  4.29866235e+00  8.11761649e-01  4.29866235e+00 -1.88878619e+00  4.29866235e+00 -1.64197106e+00  4.29866235e+00  1.72292110e+00  4.29866235e+00  3.88335654e-01  4.29866235e+00  5.77284476e-01  4.29866235e+00  1.53789866e+00  4.29866235e+00 -1.12722163e+00  4.29866235e+00  7.61597478e-01  4.29866235e+00 -1.06730931e+00  4.29866235e+00 -2.54916317e-01  4.29866235e+00  3.47332774e+00  4.29866235e+00 -1.24785065e+00  4.29866235e+00 -1.42480946e+00  4.29866235e+00 -1.15872630e+00  4.29866235e+00  1.31036791e-02  4.29866235e+00 -3.32695893e-01  4.29866235e+00  1.22566091e+00  4.29866235e+00 -4.78331514e-01  4.29866235e+00  2.32493417e-01  4.29866235e+00 -1.71157887e-01 
 4.46683592e+00 -2.43136176e-01  4.46683592e+00  5.83542085e-01  4.46683592e+00  1.26831864e+00  4.46683592e+00 -2.22440431e+00  4.46683592e+00  1.31628868e+00  4.46683592e+00 -4.60831386e-01  4.46683592e+00 -1.39374093e+00  4.46683592e+00  2.97368066e+00  4.46683592e+00 -9.92900443e-01  4.46683592e+00  8.11084547e-01  4.46683592e+00 -1.88894183e+00  4.46683592e+00 -1.64230822e+00  4.46683592e+00  1.72254392e+00  4.46683592e+00  3.88109696e-01  4.46683592e+00  5.77128256e-01  4.46683592e+00  1.53770529e+00  4.46683592e+00 -1.12733247e+00  4.46683592e+00  7.61442409e-01  4.46683592e+00 -1.06745674e+00  4.46683592e+00 -2.55101783e-01  4.46683592e+00  3.47307181e+00  4.46683592e+00 -1.24817659e+00  4.46683592e+00 -1.42505585e+00  4.46683592e+00 -1.15909339e+00  4.46683592e+00  1.29411002e-02  4.46683592e+00 -3.32957011e-01  4.46683592e+00  1.22540414e+00  4.46683592e+00 -4.78480278e-01  4.46683592e+00  2.32233017e-01  4.46683592e+00 -1.71526374e-01 
 4.64158883e+00 -2.43478265e-01  4.64158883e+00  5.83181638e-01  4.64158883e+00  1.26814693e+00  4.64158883e+00 -2.22484030e+00  4.64158883e+00  1.31584101e+00  4.64158883e+00 -4.61044584e-01  4.64158883e+00 -1.39389317e+00  4.64158883e+00  2.97346267e+00  4.64158883e+00 -9.93435080e-01  4.64158883e+00  8.10353547e-01  4.64158883e+00 -1.88910989e+00  4.64158883e+00 -1.64267226e+00  4.64158883e+00  1.72213668e+00  4.64158883e+00  3.87865725e-01  4.64158883e+00  5.76959580e-01  4.64158883e+00  1.53749651e+00  4.64158883e+00 -1.12745215e+00  4.64158883e+00  7.61274975e-01  4.64158883e+00 -1.06761593e+00  4.64158883e+00 -2.55302035e-01  4.64158883e+00  3.47279548e+00  4.64158883e+00 -1.24852852e+00  4.64158883e+00 -1.42532189e+00  4.64158883e+00 -1.15948972e+00  4.64158883e+00  1.27655584e-02  4.64158883e+00 -3.33238942e-01  4.64158883e+00  1.22512691e+00  4.64158883e+00 -4.78640904e-01  4.64158883e+00  2.31951862e-01  4.64158883e+00 -1.71924222e-01 
 4.82317848e+00 -2.43847613e-01  4.82317848e+00  5.82792471e-01  4.82317848e+00  1.26796152e+00  4.82317848e+00 -2.22531103e+00  4.82317848e+00  1.31535768e+00  4.82317848e+00 -4.61274779e-01  4.82317848e+00 -1.39405755e+00  4.82317848e+00  2.97322729e+00  4.82317848e+00 -9.94012293e-01  4.82317848e+00  8.09564369e-01  4.82317848e+00 -1.88929134e+00  4.82317848e+00 -1.64306530e+00  4.82317848e+00  1.72169700e+00  4.82317848e+00  3.87602307e-01  4.82317848e+00  5.76777455e-01  4.82317848e+00  1.53727109e+00  4.82317848e+00 -1.12758137e+00  4.82317848e+00  7.61094192e-01  4.82317848e+00 -1.06778781e+00  4.82317848e+00 -2.55518253e-01  4.82317848e+00  3.47249713e+00  4.82317848e+00 -1.24890848e+00  4.82317848e+00 -1.42560914e+00  4.82317848e+00 -1.15991763e+00  4.82317848e+00  1.25760207e-02  4.82317848e+00 -3.33543343e-01  4.82317848e+00  1.22482758e+00  4.82317848e+00 -4.78814337e-01  4.82317848e+00  2.31648297e-01  4.82317848e+00 -1.72353768e-01 
 5.01187234e+00 -2.44246392e-01  5.01187234e+00  5.82372296e-01  5.01187234e+00  1.26776134e+00  5.01187234e+00 -2.22581925e+00  5.01187234e+00  1.31483585e+00  5.01187234e+00 -4.61523324e-01  5.01187234e+00 -1.39423503e+00  5.01187234e+00  2.97297316e+00  5.01187234e+00 -9.94635468e-01  5.01187234e+00  8.08712396e-01  5.01187234e+00 -1.88948727e+00  5.01187234e+00 -1.64348966e+00  5.01187234e+00  1.72122230e+00  5.01187234e+00  3.87317892e-01  5.01187234e+00  5.76580810e-01  5.01187234e+00  1.53702769e+00  5.01187234e+00 -1.12772089e+00  5.01187234e+00  7.60898995e-01  5.01187234e+00 -1.06797339e+00  5.01187234e+00 -2.55751707e-01  5.01187234e+00  3.47217500e+00  5.01187234e+00 -1.24931872e+00  5.01187234e+00 -1.42591927e+00  5.01187234e+00 -1.16037963e+00  5.01187234e+00  1.23713718e-02  5.01187234e+00 -3.33872005e-01  5.01187234e+00  1.22450439e+00  5.01187234e+00 -4.79001598e-01  5.01187234e+00  2.31320539e-01  5.01187234e+00 -1.72817534e-01 
 5.20794833e+00 -2.44676941e-01  5.20794833e+00  5.81918648e-01  5.20794833e+00  1.26754519e+00  5.20794833e+00 -2.22636795e+00  5.20794833e+00  1.31427247e+00  5.20794833e+00 -4.61791680e-01  5.20794833e+00 -1.39442666e+00  5.20794833e+00  2.97269877e+00  5.20794833e+00 -9.95308256e-01  5.20794833e+00  8.07792644e-01  5.20794833e+00 -1.88969881e+00  5.20794833e+00 -1.64394782e+00  5.20794833e+00  1.72070978e+00  5.20794833e+00  3.87010810e-01  5.20794833e+00  5.76368487e-01  5.20794833e+00  1.53676489e+00  5.20794833e+00 -1.12787154e+00  5.20794833e+00  7.60688237e-01  5.20794833e+00 -1.06817378e+00  5.20794833e+00 -2.56003771e-01  5.20794833e+00  3.47182720e+00  5.20794833e+00 -1.24976165e+00  5.20794833e+00 -1.42625413e+00  5.20794833e+00 -1.16087844e+00  5.20794833e+00  1.21504079e-02  5.20794833e+00 -3.34226857e-01  5.20794833e+00  1.22415545e+00  5.20794833e+00 -4.79203789e-01  5.20794833e+00  2.30966663e-01  5.20794833e+00 -1.73318240e-01 
 5.41169527e+00 -2.45141790e-01  5.41169527e+00  5.81428862e-01  5.41169527e+00  1.26731182e+00  5.41169527e+00 -2.22696034e+00  5.41169527e+00  1.31366422e+00  5.41169527e+00 -4.62081426e-01  5.41169527e+00 -1.39463357e+00  5.41169527e+00  2.97240251e+00  5.41169527e+00 -9.96034599e-01  5.41169527e+00  8.06799738e-01  5.41169527e+00 -1.88992721e+00  5.41169527e+00 -1.64444248e+00  5.41169527e+00  1.72015644e+00  5.41169527e+00  3.86679254e-01  5.41169527e+00  5.76139238e-01  5.41169527e+00  1.53648115e+00  5.41169527e+00 -1.12803421e+00  5.41169527e+00  7.60460676e-01  5.41169527e+00 -1.06839013e+00  5.41169527e+00 -2.56275927e-01  5.41169527e+00  3.47145169e+00  5.41169527e+00 -1.25023986e+00  5.41169527e+00 -1.42661566e+00  5.41169527e+00 -1.16141697e+00  5.41169527e+00  1.19118292e-02  5.41169527e+00 -3.34609985e-01  5.41169527e+00  1.22377870e+00  5.41169527e+00 -4.79422099e-01  5.41169527e+00  2.30584588e-01  5.41169527e+00 -1.73858826e-01 
 5.62341325e+00 -2.45643667e-01  5.62341325e+00  5.80900067e-01  5.62341325e+00  1.26705984e+00  5.62341325e+00 -2.22759990e+00  5.62341325e+00  1.31300754e+00  5.62341325e+00 -4.62394265e-01  5.62341325e+00 -1.39485698e+00  5.62341325e+00  2.97208263e+00  5.62341325e+00 -9.96818750e-01  5.62341325e+00  8.05727877e-01  5.62341325e+00 -1.89017383e+00  5.62341325e+00 -1.64497654e+00  5.62341325e+00  1.71955904e+00  5.62341325e+00  3.86321276e-01  5.62341325e+00  5.75891714e-01  5.62341325e+00  1.53617479e+00  5.62341325e+00 -1.12820984e+00  5.62341325e+00  7.60214975e-01  5.62341325e+00 -1.06862373e+00  5.62341325e+00 -2.56569776e-01  5.62341325e+00  3.47104625e+00  5.62341325e+00 -1.25075615e+00  5.62341325e+00 -1.42700601e+00  5.62341325e+00 -1.16199839e+00  5.62341325e+00  1.16542326e-02  5.62341325e+00 -3.35023640e-01  5.62341325e+00  1.22337194e+00  5.62341325e+00 -4.79657813e-01  5.62341325e+00  2.30172070e-01  5.62341325e+00 -1.74442461e-01 
 5.84341413e+00 -2.46185516e-01  5.84341413e+00  5.80329158e-01  5.84341413e+00  1.26678777e+00  5.84341413e+00 -2.22829038e+00  5.84341413e+00  1.31229859e+00  5.84341413e+00 -4.62732036e-01  5.84341413e+00 -1.39509819e+00  5.84341413e+00  2.97173727e+00  5.84341413e+00 -9.97665297e-01  5.84341413e+00  8.04570805e-01  5.84341413e+00 -1.89044010e+00  5.84341413e+00 -1.64555313e+00  5.84341413e+00  1.71891408e+00  5.84341413e+00  3.85934774e-01  5.84341413e+00  5.75624460e-01  5.84341413e+00  1.53584402e+00  5.84341413e+00 -1.12839947e+00  5.84341413e+00  7.59949689e-01  5.84341413e+00 -1.06887596e+00  5.84341413e+00 -2.56887043e-01  5.84341413e+00  3.47060851e+00  5.84341413e+00 -1.25131357e+00  5.84341413e+00 -1.42742745e+00  5.84341413e+00 -1.16262610e+00  5.84341413e+00  1.13761033e-02  5.84341413e+00 -3.35470249e-01  5.84341413e+00  1.22293276e+00  5.84341413e+00 -4.79912316e-01  5.84341413e+00  2.29726689e-01  5.84341413e+00 -1.75072568e-01 
 6.07202196e+00 -2.46770515e-01  6.07202196e+00  5.79712790e-01  6.07202196e+00  1.26649403e+00  6.07202196e+00 -2.22903582e+00  6.07202196e+00  1.31153321e+00  6.07202196e+00 -4.63096722e-01  6.07202196e+00 -1.39535864e+00  6.07202196e+00  2.97136438e+00  6.07202196e+00 -9.98579193e-01  6.07202196e+00  8.03321773e-01  6.07202196e+00 -1.89072759e+00  6.07202196e+00 -1.64617563e+00  6.07202196e+00  1.71821777e+00  6.07202196e+00  3.85517478e-01  6.07202196e+00  5.75335904e-01  6.07202196e+00  1.53548688e+00  6.07202196e+00 -1.12860422e+00  6.07202196e+00  7.59663258e-01  6.07202196e+00 -1.06914829e+00  6.07202196e+00 -2.57229595e-01  6.07202196e+00  3.47013591e+00  6.07202196e+00 -1.25191537e+00  6.07202196e+00 -1.42788247e+00  6.07202196e+00 -1.16330378e+00  6.07202196e+00  1.10758062e-02  6.07202196e+00 -3.35952436e-01  6.07202196e+00  1.22245861e+00  6.07202196e+00 -4.80187106e-01  6.07202196e+00  2.29245827e-01  6.07202196e+00 -1.75752840e-01 
 6.30957344e+00 -2.47402093e-01  6.30957344e+00  5.79047349e-01  6.30957344e+00  1.26617687e+00  6.30957344e+00 -2.22984057e+00  6.30957344e+00  1.31070692e+00  6.30957344e+00 -4.63490467e-01  6.30957344e+00 -1.39563984e+00  6.30957344e+00  2.97096178e+00  6.30957344e+00 -9.99565779e-01  6.30957344e+00  8.01973503e-01  6.30957344e+00 -1.89103800e+00  6.30957344e+00 -1.64684769e+00  6.30957344e+00  1.71746603e+00  6.30957344e+00  3.85066936e-01  6.30957344e+00  5.75024350e-01  6.30957344e+00  1.53510129e+00  6.30957344e+00 -1.12882530e+00  6.30957344e+00  7.59353998e-01  6.30957344e+00 -1.06944233e+00  6.30957344e+00 -2.57599444e-01  6.30957344e+00  3.46962565e+00  6.30957344e+00 -1.25256509e+00  6.30957344e+00 -1.42837374e+00  6.30957344e+00 -1.16403541e+00  6.30957344e+00  1.07515761e-02  6.30957344e+00 -3.36473029e-01  6.30957344e+00  1.22194668e+00  6.30957344e+00 -4.80483797e-01  6.30957344e+00  2.28726665e-01  6.30957344e+00 -1.76487260e-01 
 6.55641849e+00 -2.48083953e-01  6.55641849e+00  5.78328937e-01  6.55641849e+00  1.26583443e+00  6.55641849e+00 -2.23070937e+00  6.55641849e+00  1.30981489e+00  6.55641849e+00 -4.63915583e-01  6.55641849e+00 -1.39594346e+00  6.55641849e+00  2.97052711e+00  6.55641849e+00 -1.00063082e+00  6.55641849e+00  8.00518145e-01  6.55641849e+00 -1.89137315e+00  6.55641849e+00 -1.64757324e+00  6.55641849e+00  1.71665448e+00  6.55641849e+00  3.84580505e-01  6.55641849e+00  5.74687966e-01  6.55641849e+00  1.53468498e+00  6.55641849e+00 -1.12906400e+00  6.55641849e+00  7.59020091e-01  6.55641849e+00 -1.06975980e+00  6.55641849e+00 -2.57998761e-01  6.55641849e+00  3.46907476e+00  6.55641849e+00 -1.25326653e+00  6.55641849e+00 -1.42890413e+00  6.55641849e+00 -1.16482527e+00  6.55641849e+00  1.04015077e-02  6.55641849e+00 -3.37035082e-01  6.55641849e+00  1.22139399e+00  6.55641849e+00 -4.80804134e-01  6.55641849e+00  2.28166157e-01  6.55641849e+00 -1.77280129e-01 
 6.81292069e+00 -2.48820089e-01  6.81292069e+00  5.77553347e-01  6.81292069e+00  1.26546471e+00  6.81292069e+00 -2.23164727e+00  6.81292069e+00  1.30885191e+00  6.81292069e+00 -4.64374567e-01  6.81292069e+00 -1.39627127e+00  6.81292069e+00  2.97005781e+00  6.81292069e+00 -1.00178053e+00  6.81292069e+00  7.98947232e-01  6.81292069e+00 -1.89173500e+00  6.81292069e+00 -1.64835655e+00  6.81292069e+00  1.71577835e+00  6.81292069e+00  3.84055330e-01  6.81292069e+00  5.74324777e-01  6.81292069e+00  1.53423550e+00  6.81292069e+00 -1.12932173e+00  6.81292069e+00  7.58659576e-01  6.81292069e+00 -1.07010257e+00  6.81292069e+00 -2.58429894e-01  6.81292069e+00  3.46848000e+00  6.81292069e+00 -1.25402381e+00  6.81292069e+00 -1.42947677e+00  6.81292069e+00 -1.16567798e+00  6.81292069e+00  1.00235443e-02  6.81292069e+00 -3.37641891e-01  6.81292069e+00  1.22079728e+00  6.81292069e+00 -4.81150000e-01  6.81292069e+00  2.27561015e-01  6.81292069e+00 -1.78136088e-01 
 7.07945784e+00 -2.49614809e-01  7.07945784e+00  5.76716039e-01  7.07945784e+00  1.26506552e+00  7.07945784e+00 -2.23265977e+00  7.07945784e+00  1.30781234e+00  7.07945784e+00 -4.64870111e-01  7.07945784e+00 -1.39662520e+00  7.07945784e+00  2.96955113e+00  7.07945784e+00 -1.00302161e+00  7.07945784e+00  7.97251637e-01  7.07945784e+00 -1.89212569e+00  7.07945784e+00 -1.64920218e+00  7.07945784e+00  1.71483252e+00  7.07945784e+00  3.83488330e-01  7.07945784e+00  5.73932648e-01  7.07945784e+00  1.53375021e+00  7.07945784e+00 -1.12960000e+00  7.07945784e+00  7.58270334e-01  7.07945784e+00 -1.07047265e+00  7.07945784e+00 -2.58895372e-01  7.07945784e+00  3.46783789e+00  7.07945784e+00 -1.25484134e+00  7.07945784e+00 -1.43009500e+00  7.07945784e+00 -1.16659852e+00  7.07945784e+00  9.61546566e-03  7.07945784e+00 -3.38297013e-01  7.07945784e+00  1.22015306e+00  7.07945784e+00 -4.81523426e-01  7.07945784e+00  2.26907692e-01  7.07945784e+00 -1.79060141e-01 
 7.35642254e+00 -2.50472765e-01  7.35642254e+00  5.75812116e-01  7.35642254e+00  1.26463454e+00  7.35642254e+00 -2.23375278e+00  7.35642254e+00  1.30669013e+00  7.35642254e+00 -4.65405123e-01  7.35642254e+00 -1.39700734e+00  7.35642254e+00  2.96900409e+00  7.35642254e+00 -1.00436131e+00  7.35642254e+00  7.95421519e-01  7.35642254e+00 -1.89254751e+00  7.35642254e+00 -1.65011508e+00  7.35642254e+00  1.71381148e+00  7.35642254e+00  3.82876181e-01  7.35642254e+00  5.73509277e-01  7.35642254e+00  1.53322627e+00  7.35642254e+00 -1.12990045e+00  7.35642254e+00  7.57850080e-01  7.35642254e+00 -1.07087222e+00  7.35642254e+00 -2.59397927e-01  7.35642254e+00  3.46714465e+00  7.35642254e+00 -1.25572392e+00  7.35642254e+00 -1.43076245e+00  7.35642254e+00 -1.16759228e+00  7.35642254e+00  9.17487555e-03  7.35642254e+00 -3.39004287e-01  7.35642254e+00  1.21945755e+00  7.35642254e+00 -4.81926606e-01  7.35642254e+00  2.26202360e-01  7.35642254e+00 -1.80057690e-01 
 7.64422274e+00 -2.51398975e-01  7.64422274e+00  5.74836294e-01  7.64422274e+00  1.26416922e+00  7.64422274e+00 -2.23493267e+00  7.64422274e+00  1.30547871e+00  7.64422274e+00 -4.65982743e-01  7.64422274e+00 -1.39741993e+00  7.64422274e+00  2.96841349e+00  7.64422274e+00 -1.00580742e+00  7.64422274e+00  7.93446269e-01  7.64422274e+00 -1.89300293e+00  7.64422274e+00 -1.65110060e+00  7.64422274e+00  1.71270925e+00  7.64422274e+00  3.82215294e-01  7.64422274e+00  5.73052178e-01  7.64422274e+00  1.53266061e+00  7.64422274e+00 -1.13022485e+00  7.64422274e+00  7.57396345e-01  7.64422274e+00 -1.07130363e+00  7.64422274e+00 -2.59940509e-01  7.64422274e+00  3.46639624e+00  7.64422274e+00 -1.25667671e+00  7.64422274e+00 -1.43148303e+00  7.64422274e+00 -1.16866507e+00  7.64422274e+00  8.69918747e-03  7.64422274e+00 -3.39767855e-01  7.64422274e+00  1.21870669e+00  7.64422274e+00 -4.82361908e-01  7.64422274e+00  2.25440890e-01  7.64422274e+00 -1.81134561e-01 
 7.94328235e+00 -2.52398851e-01  7.94328235e+00  5.73782872e-01  7.94328235e+00  1.26366683e+00  7.94328235e+00 -2.23620633e+00  7.94328235e+00  1.30417103e+00  7.94328235e+00 -4.66606356e-01  7.94328235e+00 -1.39786539e+00  7.94328235e+00  2.96777587e+00  7.94328235e+00 -1.00736835e+00  7.94328235e+00  7.91314451e-01  7.94328235e+00 -1.89349462e+00  7.94328235e+00 -1.65216449e+00  7.94328235e+00  1.71151940e+00  7.94328235e+00  3.81501798e-01  7.94328235e+00  5.72558668e-01  7.94328235e+00  1.53204990e+00  7.94328235e+00 -1.13057510e+00  7.94328235e+00  7.56906467e-01  7.94328235e+00 -1.07176941e+00  7.94328235e+00 -2.60526299e-01  7.94328235e+00  3.46558827e+00  7.94328235e+00 -1.25770528e+00  7.94328235e+00 -1.43226097e+00  7.94328235e+00 -1.16982314e+00  7.94328235e+00  8.18560980e-03  7.94328235e+00 -3.40592185e-01  7.94328235e+00  1.21789607e+00  7.94328235e+00 -4.82831888e-01  7.94328235e+00  2.24618823e-01  7.94328235e+00 -1.82297040e-01 
 8.25404185e+00 -2.53478235e-01  8.25404185e+00  5.72645699e-01  8.25404185e+00  1.26312443e+00  8.25404185e+00 -2.23758118e+00  8.25404185e+00  1.30275947e+00  8.25404185e+00 -4.67279617e-01  8.25404185e+00 -1.39834633e+00  8.25404185e+00  2.96708749e+00  8.25404185e+00 -1.00905317e+00  8.25404185e+00  7.89013741e-01  8.25404185e+00 -1.89402548e+00  8.25404185e+00 -1.65331296e+00  8.25404185e+00  1.71023500e+00  8.25404185e+00  3.80731515e-01  8.25404185e+00  5.72025851e-01  8.25404185e+00  1.53139057e+00  8.25404185e+00 -1.13095325e+00  8.25404185e+00  7.56377571e-01  8.25404185e+00 -1.07227228e+00  8.25404185e+00 -2.61158732e-01  8.25404185e+00  3.46471601e+00  8.25404185e+00 -1.25881562e+00  8.25404185e+00 -1.43310080e+00  8.25404185e+00 -1.17107324e+00  8.25404185e+00  7.63112956e-03  8.25404185e+00 -3.41482101e-01  8.25404185e+00  1.21702095e+00  8.25404185e+00 -4.83339302e-01  8.25404185e+00  2.23731350e-01  8.25404185e+00 -1.83551907e-01 
 8.57695899e+00 -2.54643425e-01  8.57695899e+00  5.71418143e-01  8.57695899e+00  1.26253884e+00  8.57695899e+00 -2.23906521e+00  8.57695899e+00  1.30123582e+00  8.57695899e+00 -4.68006470e-01  8.57695899e+00 -1.39886558e+00  8.57695899e+00  2.96634431e+00  8.57695899e+00 -1.01087167e+00  8.57695899e+00  7.86530859e-01  8.57695899e+00 -1.89459862e+00  8.57695899e+00 -1.65455270e+00  8.57695899e+00  1.70884856e+00  8.57695899e+00  3.79899935e-01  8.57695899e+00  5.71450602e-01  8.57695899e+00  1.53067875e+00  8.57695899e+00 -1.13136154e+00  8.57695899e+00  7.55806554e-01  8.57695899e+00 -1.07281521e+00  8.57695899e+00 -2.61841514e-01  8.57695899e+00  3.46377436e+00  8.57695899e+00 -1.26001422e+00  8.57695899e+00 -1.43400745e+00  8.57695899e+00 -1.17242267e+00  8.57695899e+00  7.03249506e-03  8.57695899e+00 -3.42442806e-01  8.57695899e+00  1.21607622e+00  8.57695899e+00 -4.83887130e-01  8.57695899e+00  2.22773282e-01  8.57695899e+00 -1.84906474e-01 
 8.91250938e+00 -2.55901217e-01  8.91250938e+00  5.70093048e-01  8.91250938e+00  1.26190662e+00  8.91250938e+00 -2.24066707e+00  8.91250938e+00  1.29959122e+00  8.91250938e+00 -4.68791172e-01  8.91250938e+00 -1.39942618e+00  8.91250938e+00  2.96554198e+00  8.91250938e+00 -1.01283438e+00  8.91250938e+00  7.83851498e-01  8.91250938e+00 -1.89521739e+00  8.91250938e+00 -1.65589095e+00  8.91250938e+00  1.70735202e+00  8.91250938e+00  3.79002195e-01  8.91250938e+00  5.70829547e-01  8.91250938e+00  1.52991028e+00  8.91250938e+00 -1.13180236e+00  8.91250938e+00  7.55190069e-01  8.91250938e+00 -1.07340138e+00  8.91250938e+00 -2.62578644e-01  8.91250938e+00  3.46275783e+00  8.91250938e+00 -1.26130807e+00  8.91250938e+00 -1.43498622e+00  8.91250938e+00 -1.17387928e+00  8.91250938e+00  6.38619703e-03  8.91250938e+00 -3.43479912e-01  8.91250938e+00  1.21505636e+00  8.91250938e+00 -4.84478583e-01  8.91250938e+00  2.21739021e-01  8.91250938e+00 -1.86368627e-01 
 9.26118728e+00 -2.57258941e-01  9.26118728e+00  5.68662697e-01  9.26118728e+00  1.26122407e+00  9.26118728e+00 -2.24239605e+00  9.26118728e+00  1.29781613e+00  9.26118728e+00 -4.69638315e-01  9.26118728e+00 -1.40003142e+00  9.26118728e+00  2.96467582e+00  9.26118728e+00 -1.01495268e+00  9.26118728e+00  7.80960246e-01  9.26118728e+00 -1.89588543e+00  9.26118728e+00 -1.65733550e+00  9.26118728e+00  1.70573667e+00  9.26118728e+00  3.78033045e-01  9.26118728e+00  5.70159048e-01  9.26118728e+00  1.52908066e+00  9.26118728e+00 -1.13227829e+00  9.26118728e+00  7.54524502e-01  9.26118728e+00 -1.07403421e+00  9.26118728e+00 -2.63374439e-01  9.26118728e+00  3.46166046e+00  9.26118728e+00 -1.26270470e+00  9.26118728e+00 -1.43604283e+00  9.26118728e+00 -1.17545155e+00  9.26118728e+00  5.68844845e-03  9.26118728e+00 -3.44599475e-01  9.26118728e+00  1.21395540e+00  9.26118728e+00 -4.85117128e-01  9.26118728e+00  2.20622529e-01  9.26118728e+00 -1.87946872e-01 
 9.62350626e+00 -2.58724501e-01  9.62350626e+00  5.67118768e-01  9.62350626e+00  1.26048719e+00  9.62350626e+00 -2.24426219e+00  9.62350626e+00  1.29590023e+00  9.62350626e+00 -4.70552852e-01  9.62350626e+00 -1.40068485e+00  9.62350626e+00  2.96374076e+00  9.62350626e+00 -1.01723880e+00  9.62350626e+00  7.77840503e-01  9.62350626e+00 -1.89660664e+00  9.62350626e+00 -1.65889474e+00  9.62350626e+00  1.70399312e+00  9.62350626e+00  3.76986824e-01  9.62350626e+00  5.69435176e-01  9.62350626e+00  1.52818503e+00  9.62350626e+00 -1.13279213e+00  9.62350626e+00  7.53805953e-01  9.62350626e+00 -1.07471743e+00  9.62350626e+00 -2.64233554e-01  9.62350626e+00  3.46047586e+00  9.62350626e+00 -1.26421225e+00  9.62350626e+00 -1.43718343e+00  9.62350626e+00 -1.17714860e+00  9.62350626e+00  4.93516271e-03  9.62350626e+00 -3.45808028e-01  9.62350626e+00  1.21276693e+00  9.62350626e+00 -4.85806509e-01  9.62350626e+00  2.19417290e-01  9.62350626e+00 -1.89650377e-01 
 1.00000000e+01 -2.60306422e-01  1.00000000e+01  5.65452288e-01  1.00000000e+01  1.25969166e+00  1.00000000e+01 -2.24627630e+00  1.00000000e+01  1.29383245e+00  1.00000000e+01 -4.71540131e-01  1.00000000e+01 -1.40139030e+00  1.00000000e+01  2.96273132e+00  1.00000000e+01 -1.01970594e+00  1.00000000e+01  7.74474397e-01  1.00000000e+01 -1.89738526e+00  1.00000000e+01 -1.66057775e+00  1.00000000e+01  1.70211127e+00  1.00000000e+01  3.75857424e-01  1.00000000e+01  5.68653692e-01  1.00000000e+01  1.52721816e+00  1.00000000e+01 -1.13334689e+00  1.00000000e+01  7.53030216e-01  1.00000000e+01 -1.07545503e+00  1.00000000e+01 -2.65161015e-01  1.00000000e+01  3.45919713e+00  1.00000000e+01 -1.26583947e+00  1.00000000e+01 -1.43841469e+00  1.00000000e+01 -1.17898029e+00  1.00000000e+01  4.12193017e-03  1.00000000e+01 -3.47112616e-01  1.00000000e+01  1.21148401e+00  1.00000000e+01 -4.86550762e-01  1.00000000e+01  2.18116279e-01  1.00000000e+01 -1.91489030e-01 
 1.03912230e+01 -2.62013893e-01  1.03912230e+01  5.63653582e-01  1.03912230e+01  1.25883283e+00  1.03912230e+01 -2.24845003e+00  1.03912230e+01  1.29160081e+00  1.03912230e+01 -4.72605919e-01  1.03912230e+01 -1.40215190e+00  1.03912230e+01  2.96164162e+00  1.03912230e+01 -1.02236833e+00  1.03912230e+01  7.70842686e-01  1.03912230e+01 -1.89822583e+00  1.03912230e+01 -1.66239429e+00  1.03912230e+01  1.70008022e+00  1.03912230e+01  3.74638255e-01  1.03912230e+01  5.67810023e-01  1.03912230e+01  1.52617440e+00  1.03912230e+01 -1.13394583e+00  1.03912230e+01  7.52192749e-01  1.03912230e+01 -1.07625133e+00  1.03912230e+01 -2.66162242e-01  1.03912230e+01  3.45781681e+00  1.03912230e+01 -1.26759582e+00  1.03912230e+01 -1.43974378e+00  1.03912230e+01 -1.18095723e+00  1.03912230e+01  3.24399281e-03  1.03912230e+01 -3.48520838e-01  1.03912230e+01  1.21009917e+00  1.03912230e+01 -4.87354245e-01  1.03912230e+01  2.16711917e-01  1.03912230e+01 -1.93473489e-01 
 1.07977516e+01 -2.63856825e-01  1.07977516e+01  5.61712220e-01  1.07977516e+01  1.25790569e+00  1.07977516e+01 -2.25079596e+00  1.07977516e+01  1.28919243e+00  1.07977516e+01 -4.73756436e-01  1.07977516e+01 -1.40297411e+00  1.07977516e+01  2.96046530e+00  1.07977516e+01 -1.02524129e+00  1.07977516e+01  7.66924661e-01  1.07977516e+01 -1.89913328e+00  1.07977516e+01 -1.66435488e+00  1.07977516e+01  1.69788819e+00  1.07977516e+01  3.73322212e-01  1.07977516e+01  5.66899234e-01  1.07977516e+01  1.52504766e+00  1.07977516e+01 -1.13459246e+00  1.07977516e+01  7.51288655e-01  1.07977516e+01 -1.07711100e+00  1.07977516e+01 -2.67243083e-01  1.07977516e+01  3.45632686e+00  1.07977516e+01 -1.26949149e+00  1.07977516e+01 -1.44117844e+00  1.07977516e+01 -1.18309088e+00  1.07977516e+01  2.29621711e-03  1.07977516e+01 -3.50040888e-01  1.07977516e+01  1.20860436e+00  1.07977516e+01 -4.88221658e-01  1.07977516e+01  2.15196032e-01  1.07977516e+01 -1.95615239e-01 
 1.12201845e+01 -2.65845900e-01  1.12201845e+01  5.59616959e-01  1.12201845e+01  1.25690480e+00  1.12201845e+01 -2.25332761e+00  1.12201845e+01  1.28659342e+00  1.12201845e+01 -4.74998394e-01  1.12201845e+01 -1.40386173e+00  1.12201845e+01  2.95919549e+00  1.12201845e+01 -1.02834130e+00  1.12201845e+01  7.62698041e-01  1.12201845e+01 -1.90011290e+00  1.12201845e+01 -1.66647089e+00  1.12201845e+01  1.69552255e+00  1.12201845e+01  3.71901628e-01  1.12201845e+01  5.65916001e-01  1.12201845e+01  1.52383135e+00  1.12201845e+01 -1.13529056e+00  1.12201845e+01  7.50312648e-01  1.12201845e+01 -1.07803905e+00  1.12201845e+01 -2.68409846e-01  1.12201845e+01  3.45471862e+00  1.12201845e+01 -1.27153746e+00  1.12201845e+01 -1.44272703e+00  1.12201845e+01 -1.18539356e+00  1.12201845e+01  1.27306463e-03  1.12201845e+01 -3.51681604e-01  1.12201845e+01  1.20699087e+00  1.12201845e+01 -4.89158076e-01  1.12201845e+01  2.13559810e-01  1.12201845e+01 -1.97926664e-01 
 1.16591440e+01 -2.67992630e-01  1.16591440e+01  5.57355684e-01  1.16591440e+01  1.25582432e+00  1.16591440e+01 -2.25605957e+00  1.16591440e+01  1.28378882e+00  1.16591440e+01 -4.76339030e-01  1.16591440e+01 -1.40481996e+00  1.16591440e+01  2.95782480e+00  1.16591440e+01 -1.03168613e+00  1.16591440e+01  7.58138856e-01  1.16591440e+01 -1.90117043e+00  1.16591440e+01 -1.66875455e+00  1.16591440e+01  1.69296963e+00  1.16591440e+01  3.70368238e-01  1.16591440e+01  5.64854581e-01  1.16591440e+01  1.52251840e+00  1.16591440e+01 -1.13604423e+00  1.16591440e+01  7.49259026e-01  1.16591440e+01 -1.07904091e+00  1.16591440e+01 -2.69669336e-01  1.16591440e+01  3.45298276e+00  1.16591440e+01 -1.27374556e+00  1.16591440e+01 -1.44439853e+00  1.16591440e+01 -1.18787857e+00  1.16591440e+01  1.68560583e-04  1.16591440e+01 -3.53452512e-01  1.16591440e+01  1.20524933e+00  1.16591440e+01 -4.90168969e-01  1.16591440e+01  2.11793750e-01  1.16591440e+01 -2.00421101e-01 
 1.21152766e+01 -2.70309426e-01  1.21152766e+01  5.54915336e-01  1.21152766e+01  1.25465795e+00  1.21152766e+01 -2.25900754e+00  1.21152766e+01  1.28076251e+00  1.21152766e+01 -4.77786151e-01  1.21152766e+01 -1.40585439e+00  1.21152766e+01  2.95634525e+00  1.21152766e+01 -1.03529490e+00  1.21152766e+01  7.53221329e-01  1.21152766e+01 -1.90231203e+00  1.21152766e+01 -1.67121904e+00  1.21152766e+01  1.69021473e+00  1.21152766e+01  3.68713130e-01  1.21152766e+01  5.63708776e-01  1.21152766e+01  1.52110115e+00  1.21152766e+01 -1.13685788e+00  1.21152766e+01  7.48121638e-01  1.21152766e+01 -1.08012244e+00  1.21152766e+01 -2.71028892e-01  1.21152766e+01  3.45110920e+00  1.21152766e+01 -1.27612855e+00  1.21152766e+01 -1.44620265e+00  1.21152766e+01 -1.19056023e+00  1.21152766e+01 -1.02374013e-03  1.21152766e+01 -3.55363884e-01  1.21152766e+01  1.20336965e+00  1.21152766e+01 -4.91260243e-01  1.21152766e+01  2.09887609e-01  1.21152766e+01 -2.03112926e-01 
 1.25892541e+01 -2.72809658e-01  1.25892541e+01  5.52281847e-01  1.25892541e+01  1.25339888e+00  1.25892541e+01 -2.26218844e+00  1.25892541e+01  1.27749715e+00  1.25892541e+01 -4.79348176e-01  1.25892541e+01 -1.40697107e+00  1.25892541e+01  2.95474824e+00  1.25892541e+01 -1.03918820e+00  1.25892541e+01  7.47917750e-01  1.25892541e+01 -1.90354437e+00  1.25892541e+01 -1.67387857e+00  1.25892541e+01  1.68724202e+00  1.25892541e+01  3.66926693e-01  1.25892541e+01  5.62471905e-01  1.25892541e+01  1.51957137e+00  1.25892541e+01 -1.13773627e+00  1.25892541e+01  7.46893849e-01  1.25892541e+01 -1.08128995e+00  1.25892541e+01 -2.72496429e-01  1.25892541e+01  3.44908708e+00  1.25892541e+01 -1.27870018e+00  1.25892541e+01 -1.44814986e+00  1.25892541e+01 -1.19345396e+00  1.25892541e+01 -2.31078939e-03  1.25892541e+01 -3.57426792e-01  1.25892541e+01  1.20134093e+00  1.25892541e+01 -4.92438265e-01  1.25892541e+01  2.07830344e-01  1.25892541e+01 -2.06017618e-01 
 1.30817747e+01 -2.75507730e-01  1.30817747e+01  5.49440064e-01  1.30817747e+01  1.25203979e+00  1.30817747e+01 -2.26562049e+00  1.30817747e+01  1.27397405e+00  1.30817747e+01 -4.81034180e-01  1.30817747e+01 -1.40817651e+00  1.30817747e+01  2.95302448e+00  1.30817747e+01 -1.04338818e+00  1.30817747e+01  7.42198340e-01  1.30817747e+01 -1.90487462e+00  1.30817747e+01 -1.67674843e+00  1.30817747e+01  1.68403445e+00  1.30817747e+01  3.64998568e-01  1.30817747e+01  5.61136757e-01  1.30817747e+01  1.51792014e+00  1.30817747e+01 -1.13868453e+00  1.30817747e+01  7.45568503e-01  1.30817747e+01 -1.08255024e+00  1.30817747e+01 -2.74080483e-01  1.30817747e+01  3.44690470e+00  1.30817747e+01 -1.28147526e+00  1.30817747e+01 -1.45025142e+00  1.30817747e+01 -1.19657637e+00  1.30817747e+01 -3.70008507e-03  1.30817747e+01 -3.59653169e-01  1.30817747e+01  1.19915144e+00  1.30817747e+01 -4.93709906e-01  1.30817747e+01  2.05610054e-01  1.30817747e+01 -2.09151854e-01 
 1.35935639e+01 -2.78419161e-01  1.35935639e+01  5.46373663e-01  1.35935639e+01  1.25057274e+00  1.35935639e+01 -2.26932328e+00  1.35935639e+01  1.27017309e+00  1.35935639e+01 -4.82853952e-01  1.35935639e+01 -1.40947774e+00  1.35935639e+01  2.95116397e+00  1.35935639e+01 -1.04791865e+00  1.35935639e+01  7.36031109e-01  1.35935639e+01 -1.90631054e+00  1.35935639e+01 -1.67984511e+00  1.35935639e+01  1.68057364e+00  1.35935639e+01  3.62917587e-01  1.35935639e+01  5.59695558e-01  1.35935639e+01  1.51613790e+00  1.35935639e+01 -1.13970820e+00  1.35935639e+01  7.44137881e-01  1.35935639e+01 -1.08391067e+00  1.35935639e+01 -2.75790256e-01  1.35935639e+01  3.44454946e+00  1.35935639e+01 -1.28446972e+00  1.35935639e+01 -1.45251950e+00  1.35935639e+01 -1.19994536e+00  1.35935639e+01 -5.19971318e-03  1.35935639e+01 -3.62055875e-01  1.35935639e+01  1.19678851e+00  1.35935639e+01 -4.95082574e-01  1.35935639e+01  2.03213914e-01  1.35935639e+01 -2.12533585e-01 
 1.41253754e+01 -2.81560662e-01  1.41253754e+01  5.43065069e-01  1.41253754e+01  1.24898922e+00  1.41253754e+01 -2.27331793e+00  1.41253754e+01  1.26607265e+00  1.41253754e+01 -4.84818040e-01  1.41253754e+01 -1.41088233e+00  1.41253754e+01  2.94915594e+00  1.41253754e+01 -1.05280524e+00  1.41253754e+01  7.29381705e-01  1.41253754e+01 -1.90786048e+00  1.41253754e+01 -1.68318635e+00  1.41253754e+01  1.67683985e+00  1.41253754e+01  3.60671714e-01  1.41253754e+01  5.58139924e-01  1.41253754e+01  1.51421429e+00  1.41253754e+01 -1.14081327e+00  1.41253754e+01  7.42593660e-01  1.41253754e+01 -1.08537914e+00  1.41253754e+01 -2.77635671e-01  1.41253754e+01  3.44200775e+00  1.41253754e+01 -1.28770075e+00  1.41253754e+01 -1.45496718e+00  1.41253754e+01 -1.20358017e+00  1.41253754e+01 -6.81839314e-03  1.41253754e+01 -3.64648765e-01  1.41253754e+01  1.19423853e+00  1.41253754e+01 -4.96564259e-01  1.41253754e+01  2.00628105e-01  1.41253754e+01 -2.16182141e-01 
 1.46779927e+01 -2.84950227e-01  1.46779927e+01  5.39495360e-01  1.46779927e+01  1.24728002e+00  1.46779927e+01 -2.27762712e+00  1.46779927e+01  1.26164943e+00  1.46779927e+01 -4.86937816e-01  1.46779927e+01 -1.41239847e+00  1.46779927e+01  2.94698876e+00  1.46779927e+01 -1.05807549e+00  1.46779927e+01  7.22213257e-01  1.46779927e+01 -1.90953344e+00  1.46779927e+01 -1.68679125e+00  1.46779927e+01  1.67281180e+00  1.46779927e+01  3.58247980e-01  1.46779927e+01  5.56460815e-01  1.46779927e+01  1.51213819e+00  1.46779927e+01 -1.14200618e+00  1.46779927e+01  7.40926864e-01  1.46779927e+01 -1.08696420e+00  1.46779927e+01 -2.79627424e-01  1.46779927e+01  3.43926495e+00  1.46779927e+01 -1.29118684e+00  1.46779927e+01 -1.45760858e+00  1.46779927e+01 -1.20750154e+00  1.46779927e+01 -8.56552640e-03  1.46779927e+01 -3.67446766e-01  1.46779927e+01  1.19148680e+00  1.46779927e+01 -4.98163579e-01  1.46779927e+01  1.97837741e-01  1.46779927e+01 -2.20118321e-01 
 1.52522296e+01 -2.88607227e-01  1.52522296e+01  5.35644167e-01  1.52522296e+01  1.24543523e+00  1.52522296e+01 -2.28227529e+00  1.52522296e+01  1.25687841e+00  1.52522296e+01 -4.89225537e-01  1.52522296e+01 -1.41403497e+00  1.52522296e+01  2.94464991e+00  1.52522296e+01 -1.06375901e+00  1.52522296e+01  7.14486208e-01  1.52522296e+01 -1.91133914e+00  1.52522296e+01 -1.69068038e+00  1.52522296e+01  1.66846659e+00  1.52522296e+01  3.55632410e-01  1.52522296e+01  5.54648483e-01  1.52522296e+01  1.50989758e+00  1.52522296e+01 -1.14329388e+00  1.52522296e+01  7.39127818e-01  1.52522296e+01 -1.08867506e+00  1.52522296e+01 -2.81777044e-01  1.52522296e+01  3.43630529e+00  1.52522296e+01 -1.29494790e+00  1.52522296e+01 -1.46045889e+00  1.52522296e+01 -1.21173176e+00  1.52522296e+01 -1.04512486e-02  1.52522296e+01 -3.70465956e-01  1.52522296e+01  1.18851750e+00  1.52522296e+01 -4.99889824e-01  1.52522296e+01  1.94826786e-01  1.52522296e+01 -2.24364510e-01 
 1.58489319e+01 -2.92552510e-01  1.58489319e+01  5.31489577e-01  1.58489319e+01  1.24344415e+00  1.58489319e+01 -2.28728868e+00  1.58489319e+01  1.25173265e+00  1.58489319e+01 -4.91694409e-01  1.58489319e+01 -1.41580132e+00  1.58489319e+01  2.94212588e+00  1.58489319e+01 -1.06988759e+00  1.58489319e+01  7.06158140e-01  1.58489319e+01 -1.91328804e+00  1.58489319e+01 -1.69487586e+00  1.58489319e+01  1.66377963e+00  1.58489319e+01  3.52809950e-01  1.58489319e+01  5.52692421e-01  1.58489319e+01  1.50747952e+00  1.58489319e+01 -1.14468389e+00  1.58489319e+01  7.37186089e-01  1.58489319e+01 -1.09052165e+00  1.58489319e+01 -2.84096957e-01  1.58489319e+01  3.43311178e+00  1.58489319e+01 -1.29900534e+00  1.58489319e+01 -1.46353449e+00  1.58489319e+01 -1.21629483e+00  1.58489319e+01 -1.24864857e-02  1.58489319e+01 -3.73723647e-01  1.58489319e+01  1.18531361e+00  1.58489319e+01 -5.01753011e-01  1.58489319e+01  1.91577974e-01  1.58489319e+01 -2.28944781e-01 
 1.64689787e+01 -2.96808508e-01  1.64689787e+01  5.27008011e-01  1.64689787e+01  1.24129525e+00  1.64689787e+01 -2.29269553e+00  1.64689787e+01  1.24618323e+00  1.64689787e+01 -4.94358661e-01  1.64689787e+01 -1.41770778e+00  1.64689787e+01  2.93940215e+00  1.64689787e+01 -1.07649538e+00  1.64689787e+01  6.97183594e-01  1.64689787e+01 -1.91539144e+00  1.64689787e+01 -1.69940149e+00  1.64689787e+01  1.65872443e+00  1.64689787e+01  3.49764386e-01  1.64689787e+01  5.50581302e-01  1.64689787e+01  1.50487007e+00  1.64689787e+01 -1.14618428e+00  1.64689787e+01  7.35090433e-01  1.64689787e+01 -1.09251467e+00  1.64689787e+01 -2.86600550e-01  1.64689787e+01  3.42966615e+00  1.64689787e+01 -1.30338221e+00  1.64689787e+01 -1.46685301e+00  1.64689787e+01 -1.22121655e+00  1.64689787e+01 -1.46830138e-02  1.64689787e+01 -3.77238479e-01  1.64689787e+01  1.18185678e+00  1.64689787e+01 -5.03763936e-01  1.64689787e+01  1.88072714e-01  1.64689787e+01 -2.33885027e-01 
 1.71132830e+01 -3.01399351e-01  1.71132830e+01  5.22174115e-01  1.71132830e+01  1.23897611e+00  1.71132830e+01 -2.29852616e+00  1.71132830e+01  1.24019905e+00  1.71132830e+01 -4.97233619e-01  1.71132830e+01 -1.41976539e+00  1.71132830e+01  2.93646305e+00  1.71132830e+01 -1.08361904e+00  1.71132830e+01  6.87513882e-01  1.71132830e+01 -1.91766150e+00  1.71132830e+01 -1.70428285e+00  1.71132830e+01  1.65327255e+00  1.71132830e+01  3.46478259e-01  1.71132830e+01  5.48302921e-01  1.71132830e+01  1.50205422e+00  1.71132830e+01 -1.14780379e+00  1.71132830e+01  7.32828730e-01  1.71132830e+01 -1.09466565e+00  1.71132830e+01 -2.89302249e-01  1.71132830e+01  3.42594871e+00  1.71132830e+01 -1.30810330e+00  1.71132830e+01 -1.47043341e+00  1.71132830e+01 -1.22652463e+00  1.71132830e+01 -1.70535234e-02  1.71132830e+01 -3.81030516e-01  1.71132830e+01  1.17812727e+00  1.71132830e+01 -5.05934238e-01  1.71132830e+01  1.84290996e-01  1.71132830e+01 -2.39213079e-01 
 1.77827941e+01 -3.06350987e-01  1.77827941e+01  5.16960629e-01  1.77827941e+01  1.23647336e+00  1.77827941e+01 -2.30481316e+00  1.77827941e+01  1.23374673e+00  1.77827941e+01 -5.00335792e-01  1.77827941e+01 -1.42198605e+00  1.77827941e+01  2.93329171e+00  1.77827941e+01 -1.09129789e+00  1.77827941e+01  6.77096885e-01  1.77827941e+01 -1.92011131e+00  1.77827941e+01 -1.70954748e+00  1.77827941e+01  1.64739343e+00  1.77827941e+01  3.42932769e-01  1.77827941e+01  5.45844122e-01  1.77827941e+01  1.49901577e+00  1.77827941e+01 -1.14955181e+00  1.77827941e+01  7.30387921e-01  1.77827941e+01 -1.09698704e+00  1.77827941e+01 -2.92217590e-01  1.77827941e+01  3.42193827e+00  1.77827941e+01 -1.31319526e+00  1.77827941e+01 -1.47429613e+00  1.77827941e+01 -1.23224890e+00  1.77827941e+01 -1.96116889e-02  1.77827941e+01 -3.85121350e-01  1.77827941e+01  1.17410382e+00  1.77827941e+01 -5.08276459e-01  1.77827941e+01  1.80211284e-01  1.77827941e+01 -2.44958848e-01 
 1.84784980e+01 -3.11691308e-01  1.84784980e+01  5.11338254e-01  1.84784980e+01  1.23377257e+00  1.84784980e+01 -2.31159149e+00  1.84784980e+01  1.22679043e+00  1.84784980e+01 -5.03682956e-01  1.84784980e+01 -1.42438259e+00  1.84784980e+01  2.92986998e+00  1.84784980e+01 -1.09957411e+00  1.84784980e+01  6.65876855e-01  1.84784980e+01 -1.92275501e+00  1.84784980e+01 -1.71522494e+00  1.84784980e+01  1.64105422e+00  1.84784980e+01  3.39107685e-01  1.84784980e+01  5.43190735e-01  1.84784980e+01  1.49573732e+00  1.84784980e+01 -1.15143849e+00  1.84784980e+01  7.27753936e-01  1.84784980e+01 -1.09949222e+00  1.84784980e+01 -2.95363306e-01  1.84784980e+01  3.41761206e+00  1.84784980e+01 -1.31868674e+00  1.84784980e+01 -1.47846314e+00  1.84784980e+01 -1.23842136e+00  1.84784980e+01 -2.23722415e-02  1.84784980e+01 -3.89534207e-01  1.84784980e+01  1.16976359e+00  1.84784980e+01 -5.10804114e-01  1.84784980e+01  1.75810412e-01  1.84784980e+01 -2.51154462e-01 
 1.92014194e+01 -3.17450290e-01  1.92014194e+01  5.05275515e-01  1.92014194e+01  1.23085820e+00  1.92014194e+01 -2.31889871e+00  1.92014194e+01  1.21929167e+00  1.92014194e+01 -5.07294246e-01  1.92014194e+01 -1.42696883e+00  1.92014194e+01  2.92617830e+00  1.92014194e+01 -1.10849289e+00  1.92014194e+01  6.53794205e-01  1.92014194e+01 -1.92560781e+00  1.92014194e+01 -1.72134699e+00  1.92014194e+01  1.63421967e+00  1.92014194e+01  3.34981233e-01  1.92014194e+01  5.40327492e-01  1.92014194e+01  1.49220010e+00  1.92014194e+01 -1.15347476e+00  1.92014194e+01  7.24911617e-01  1.92014194e+01 -1.10219563e+00  1.92014194e+01 -2.98757417e-01  1.92014194e+01  3.41294556e+00  1.92014194e+01 -1.32460851e+00  1.92014194e+01 -1.48295809e+00  1.92014194e+01 -1.24507639e+00  1.92014194e+01 -2.53510487e-02  1.92014194e+01 -3.94294072e-01  1.92014194e+01  1.16508198e+00  1.92014194e+01 -5.13531762e-01  1.92014194e+01  1.71063462e-01  1.92014194e+01 -2.57834423e-01 
 1.99526231e+01 -3.23660133e-01  1.99526231e+01  4.98738609e-01  1.99526231e+01  1.22771354e+00  1.99526231e+01 -2.32677509e+00  1.99526231e+01  1.21120921e+00  1.99526231e+01 -5.11190258e-01  1.99526231e+01 -1.42975965e+00  1.99526231e+01  2.92219564e+00  1.99526231e+01 -1.11810264e+00  1.99526231e+01  6.40785295e-01  1.99526231e+01 -1.92868609e+00  1.99526231e+01 -1.72794776e+00  1.99526231e+01  1.62685195e+00  1.99526231e+01  3.30529991e-01  1.99526231e+01  5.37237951e-01  1.99526231e+01  1.48838394e+00  1.99526231e+01 -1.15567241e+00  1.99526231e+01  7.21844638e-01  1.99526231e+01 -1.10511282e+00  1.99526231e+01 -3.02419317e-01  1.99526231e+01  3.40791241e+00  1.99526231e+01 -1.33099364e+00  1.99526231e+01 -1.48780641e+00  1.99526231e+01 -1.25225090e+00  1.99526231e+01 -2.85651982e-02  1.99526231e+01 -3.99427805e-01  1.99526231e+01  1.16003255e+00  1.99526231e+01 -5.16475086e-01  1.99526231e+01  1.65943642e-01  1.99526231e+01 -2.65035761e-01 
 2.07332157e+01 -3.30355412e-01  2.07332157e+01  4.91691251e-01  2.07332157e+01  1.22432057e+00  2.07332157e+01 -2.33526379e+00  2.07332157e+01  1.20249882e+00  2.07332157e+01 -5.15393154e-01  2.07332157e+01 -1.43277111e+00  2.07332157e+01  2.91789936e+00  2.07332157e+01 -1.12845520e+00  2.07332157e+01  6.26782213e-01  2.07332157e+01 -1.93200748e+00  2.07332157e+01 -1.73506386e+00  2.07332157e+01  1.61891048e+00  2.07332157e+01  3.25728768e-01  2.07332157e+01  5.33904409e-01  2.07332157e+01  1.48426710e+00  2.07332157e+01 -1.15804412e+00  2.07332157e+01  7.18535421e-01  2.07332157e+01 -1.10826053e+00  2.07332157e+01 -3.06369882e-01  2.07332157e+01  3.40248428e+00  2.07332157e+01 -1.33787762e+00  2.07332157e+01 -1.49303544e+00  2.07332157e+01 -1.25998446e+00  2.07332157e+01 -3.20330881e-02  2.07332157e+01 -4.04964277e-01  2.07332157e+01  1.15458689e+00  2.07332157e+01 -5.19650976e-01  2.07332157e+01  1.60422157e-01  2.07332157e+01 -2.72798202e-01 
 2.15443469e+01 -3.37573237e-01  2.15443469e+01  4.84094508e-01  2.15443469e+01  1.22065989e+00  2.15443469e+01 -2.34441109e+00  2.15443469e+01  1.19311314e+00  2.15443469e+01 -5.19926775e-01  2.15443469e+01 -1.43602046e+00  2.15443469e+01  2.91326511e+00  2.15443469e+01 -1.13960599e+00  2.15443469e+01  6.11712559e-01  2.15443469e+01 -1.93559100e+00  2.15443469e+01 -1.74273457e+00  2.15443469e+01  1.61035175e+00  2.15443469e+01  3.20550479e-01  2.15443469e+01  5.30307803e-01  2.15443469e+01  1.47982622e+00  2.15443469e+01 -1.16060359e+00  2.15443469e+01  7.14965040e-01  2.15443469e+01 -1.11165679e+00  2.15443469e+01 -3.10631572e-01  2.15443469e+01  3.39663073e+00  2.15443469e+01 -1.34529854e+00  2.15443469e+01 -1.49867455e+00  2.15443469e+01 -1.26831955e+00  2.15443469e+01 -3.57745228e-02  2.15443469e+01 -4.10934507e-01  2.15443469e+01  1.14871446e+00  2.15443469e+01 -5.23077618e-01  2.15443469e+01  1.54468065e-01  2.15443469e+01 -2.81164343e-01 
 2.23872114e+01 -3.45353420e-01  2.23872114e+01  4.75906626e-01  2.23872114e+01  1.21671065e+00  2.23872114e+01 -2.35426653e+00  2.23872114e+01  1.18300144e+00  2.23872114e+01 -5.24816758e-01  2.23872114e+01 -1.43952630e+00  2.23872114e+01  2.90826671e+00  2.23872114e+01 -1.15161428e+00  2.23872114e+01  5.95499220e-01  2.23872114e+01 -1.93945707e+00  2.23872114e+01 -1.75100204e+00  2.23872114e+01  1.60112915e+00  2.23872114e+01  3.14966015e-01  2.23872114e+01  5.26427618e-01  2.23872114e+01  1.47503616e+00  2.23872114e+01 -1.16336554e+00  2.23872114e+01  7.11113124e-01  2.23872114e+01 -1.11532101e+00  2.23872114e+01 -3.15228549e-01  2.23872114e+01  3.39031906e+00  2.23872114e+01 -1.35329725e+00  2.23872114e+01 -1.50475531e+00  2.23872114e+01 -1.27730163e+00  2.23872114e+01 -3.98108152e-02  2.23872114e+01 -4.17371811e-01  2.23872114e+01  1.14238246e+00  2.23872114e+01 -5.26774587e-01  2.23872114e+01  1.48048138e-01  2.23872114e+01 -2.90179836e-01 
 2.32630507e+01 -3.53738647e-01  2.32630507e+01  4.67082854e-01  2.32630507e+01  1.21245038e+00  2.32630507e+01 -2.36488314e+00  2.32630507e+01  1.17210944e+00  2.32630507e+01 -5.30090665e-01  2.32630507e+01 -1.44330865e+00  2.32630507e+01  2.90287601e+00  2.32630507e+01 -1.16454335e+00  2.32630507e+01  5.78060159e-01  2.32630507e+01 -1.94362770e+00  2.32630507e+01 -1.75991140e+00  2.32630507e+01  1.59119275e+00  2.32630507e+01  3.08944102e-01  2.32630507e+01  5.22241780e-01  2.32630507e+01  1.46986990e+00  2.32630507e+01 -1.16634586e+00  2.32630507e+01  7.06957753e-01  2.32630507e+01 -1.11927407e+00  2.32630507e+01 -3.20186793e-01  2.32630507e+01  3.38351415e+00  2.32630507e+01 -1.36191755e+00  2.32630507e+01 -1.51131162e+00  2.32630507e+01 -1.28697946e+00  2.32630507e+01 -4.41648954e-02  2.32630507e+01 -4.24311955e-01  2.32630507e+01  1.13555567e+00  2.32630507e+01 -5.30762952e-01  2.32630507e+01  1.41126699e-01  2.32630507e+01 -2.99893572e-01 
 2.41731548e+01 -3.62774666e-01  2.41731548e+01  4.57575251e-01  2.41731548e+01  1.20785493e+00  2.41731548e+01 -2.37631763e+00  2.41731548e+01  1.16037913e+00  2.41731548e+01 -5.35778117e-01  2.41731548e+01 -1.44738903e+00  2.41731548e+01  2.89706277e+00  2.41731548e+01 -1.17846076e+00  2.41731548e+01  5.59308190e-01  2.41731548e+01 -1.94812654e+00  2.41731548e+01 -1.76951104e+00  2.41731548e+01  1.58048914e+00  2.41731548e+01  3.02451152e-01  2.41731548e+01  5.17726542e-01  2.41731548e+01  1.46429839e+00  2.41731548e+01 -1.16956164e+00  2.41731548e+01  7.02475346e-01  2.41731548e+01 -1.12353845e+00  2.41731548e+01 -3.25534233e-01  2.41731548e+01  3.37617834e+00  2.41731548e+01 -1.37120636e+00  2.41731548e+01 -1.51837986e+00  2.41731548e+01 -1.29740517e+00  2.41731548e+01 -4.88614267e-02  2.41731548e+01 -4.31793318e-01  2.41731548e+01  1.12819630e+00  2.41731548e+01 -5.35065380e-01  2.41731548e+01  1.33665467e-01  2.41731548e+01 -3.10357885e-01 
 2.51188643e+01 -3.72510470e-01  2.51188643e+01  4.47332495e-01  2.51188643e+01  1.20289834e+00  2.51188643e+01 -2.38863059e+00  2.51188643e+01  1.14774850e+00  2.51188643e+01 -5.41910935e-01  2.51188643e+01 -1.45179063e+00  2.51188643e+01  2.89079450e+00  2.51188643e+01 -1.19343853e+00  2.51188643e+01  5.39150783e-01  2.51188643e+01 -1.95297906e+00  2.51188643e+01 -1.77985271e+00  2.51188643e+01  1.56896120e+00  2.51188643e+01  2.95451109e-01  2.51188643e+01  5.12856365e-01  2.51188643e+01  1.45829042e+00  2.51188643e+01 -1.17303129e+00  2.51188643e+01  6.97640544e-01  2.51188643e+01 -1.12813833e+00  2.51188643e+01 -3.31300883e-01  2.51188643e+01  3.36827120e+00  2.51188643e+01 -1.38121393e+00  2.51188643e+01 -1.52599908e+00  2.51188643e+01 -1.30863456e+00  2.51188643e+01 -5.39269283e-02  2.51188643e+01 -4.39857063e-01  2.51188643e+01  1.12026381e+00  2.51188643e+01 -5.39706255e-01  2.51188643e+01  1.25623381e-01  2.51188643e+01 -3.21628751e-01 
 2.61015722e+01 -3.82998501e-01  2.61015722e+01  4.36299678e-01  2.61015722e+01  1.19755268e+00  2.61015722e+01 -2.40188674e+00  2.61015722e+01  1.13415139e+00  2.61015722e+01 -5.48523290e-01  2.61015722e+01 -1.45653837e+00  2.61015722e+01  2.88403632e+00  2.61015722e+01 -1.20955336e+00  2.61015722e+01  5.17489857e-01  2.61015722e+01 -1.95821260e+00  2.61015722e+01 -1.79099181e+00  2.61015722e+01  1.55654787e+00  2.61015722e+01  2.87905283e-01  2.61015722e+01  5.07603795e-01  2.61015722e+01  1.45181249e+00  2.61015722e+01 -1.17677461e+00  2.61015722e+01  6.92426082e-01  2.61015722e+01 -1.13309969e+00  2.61015722e+01 -3.37518982e-01  2.61015722e+01  3.35974940e+00  2.61015722e+01 -1.39199403e+00  2.61015722e+01 -1.53421115e+00  2.61015722e+01 -1.32072727e+00  2.61015722e+01 -5.93899052e-02  2.61015722e+01 -4.48547317e-01  2.61015722e+01  1.11171475e+00  2.61015722e+01 -5.44711794e-01  2.61015722e+01  1.16956425e-01  2.61015722e+01 -3.33765998e-01 
 2.71227258e+01 -3.94294849e-01  2.71227258e+01  4.24418104e-01  2.71227258e+01  1.19178795e+00  2.71227258e+01 -2.41615511e+00  2.71227258e+01  1.11951720e+00  2.71227258e+01 -5.55651859e-01  2.71227258e+01 -1.46165903e+00  2.71227258e+01  2.87675080e+00  2.71227258e+01 -1.22688687e+00  2.71227258e+01  4.94221601e-01  2.71227258e+01 -1.96385658e+00  2.71227258e+01 -1.80298755e+00  2.71227258e+01  1.54318399e+00  2.71227258e+01  2.79772183e-01  2.71227258e+01  5.01939323e-01  2.71227258e+01  1.44482861e+00  2.71227258e+01 -1.18081295e+00  2.71227258e+01  6.86802656e-01  2.71227258e+01 -1.13845050e+00  2.71227258e+01 -3.44223150e-01  2.71227258e+01  3.35056651e+00  2.71227258e+01 -1.40360415e+00  2.71227258e+01 -1.54306093e+00  2.71227258e+01 -1.33374698e+00  2.71227258e+01 -6.52809861e-02  2.71227258e+01 -4.57911352e-01  2.71227258e+01  1.10250254e+00  2.71227258e+01 -5.50110181e-01  2.71227258e+01  1.07617441e-01  2.71227258e+01 -3.46833521e-01 
 2.81838293e+01 -4.06459463e-01  2.81838293e+01  4.11625070e-01  2.81838293e+01  1.18557191e+00  2.81838293e+01 -2.43150929e+00  2.81838293e+01  1.10377075e+00  2.81838293e+01 -5.63335996e-01  2.81838293e+01 -1.46718143e+00  2.81838293e+01  2.86889778e+00  2.81838293e+01 -1.24552581e+00  2.81838293e+01  4.69236311e-01  2.81838293e+01 -1.96994259e+00  2.81838293e+01 -1.81590314e+00  2.81838293e+01  1.52880003e+00  2.81838293e+01  2.71007331e-01  2.81838293e+01  4.95831252e-01  2.81838293e+01  1.43730019e+00  2.81838293e+01 -1.18516923e+00  2.81838293e+01  6.80738785e-01  2.81838293e+01 -1.14422077e+00  2.81838293e+01 -3.51450542e-01  2.81838293e+01  3.34067281e+00  2.81838293e+01 -1.41610571e+00  2.81838293e+01 -1.55259649e+00  2.81838293e+01 -1.34776165e+00  2.81838293e+01 -7.16330689e-02  2.81838293e+01 -4.67999785e-01  2.81838293e+01  1.09257732e+00  2.81838293e+01 -5.55931699e-01  2.81838293e+01  9.75559368e-02  2.81838293e+01 -3.60899498e-01 
 2.92864456e+01 -4.19556364e-01  2.92864456e+01  3.97853653e-01  2.92864456e+01  1.17886997e+00  2.92864456e+01 -2.44802763e+00  2.92864456e+01  1.08683198e+00  2.92864456e+01 -5.71617899e-01  2.92864456e+01 -1.47313650e+00  2.92864456e+01  2.86043419e+00  2.92864456e+01 -1.26556226e+00  2.92864456e+01  4.42418243e-01  2.92864456e+01 -1.97650454e+00  2.92864456e+01 -1.82980609e+00  2.92864456e+01  1.51332189e+00  2.92864456e+01  2.61563082e-01  2.92864456e+01  4.89245540e-01  2.92864456e+01  1.42918580e+00  2.92864456e+01 -1.18986813e+00  2.92864456e+01  6.74200660e-01  2.92864456e+01 -1.15044278e+00  2.92864456e+01 -3.59241018e-01  2.92864456e+01  3.33001508e+00  2.92864456e+01 -1.42956429e+00  2.92864456e+01 -1.56286931e+00  2.92864456e+01 -1.36284373e+00  2.92864456e+01 -7.84814743e-02  2.92864456e+01 -4.78866775e-01  2.92864456e+01  1.08188572e+00  2.92864456e+01 -5.62208881e-01  2.92864456e+01  8.67178842e-02  2.92864456e+01 -3.76036611e-01 
 3.04321989e+01 -4.33653865e-01  3.04321989e+01  3.83032489e-01  3.04321989e+01  1.17164496e+00  3.04321989e+01 -2.46579345e+00  3.04321989e+01  1.06861580e+00  3.04321989e+01 -5.80542794e-01  3.04321989e+01 -1.47955749e+00  3.04321989e+01  2.85131390e+00  3.04321989e+01 -1.28709382e+00  3.04321989e+01  4.13645507e-01  3.04321989e+01 -1.98357886e+00  3.04321989e+01 -1.84476834e+00  3.04321989e+01  1.49667069e+00  3.04321989e+01  2.51388424e-01  3.04321989e+01  4.82145647e-01  3.04321989e+01  1.42044109e+00  3.04321989e+01 -1.19493618e+00  3.04321989e+01  6.67151990e-01  3.04321989e+01 -1.15715114e+00  3.04321989e+01 -3.67637320e-01  3.04321989e+01  3.31853643e+00  3.04321989e+01 -1.44404986e+00  3.04321989e+01 -1.57393442e+00  3.04321989e+01 -1.37907039e+00  3.04321989e+01 -8.58641065e-02  3.04321989e+01 -4.90570230e-01  3.04321989e+01  1.07037067e+00  3.04321989e+01 -5.68976654e-01  3.04321989e+01  7.50455141e-02  3.04321989e+01 -3.92322265e-01 
 3.16227766e+01 -4.48824789e-01  3.16227766e+01  3.67085554e-01  3.16227766e+01  1.16385706e+00  3.16227766e+01 -2.48489530e+00  3.16227766e+01  1.04903183e+00  3.16227766e+01 -5.90159124e-01  3.16227766e+01 -1.48648006e+00  3.16227766e+01  2.84148749e+00  3.16227766e+01 -1.31022383e+00  3.16227766e+01  3.82789980e-01  3.16227766e+01 -1.99120462e+00  3.16227766e+01 -1.86086654e+00  3.16227766e+01  1.47876253e+00  3.16227766e+01  2.40428781e-01  3.16227766e+01  4.74492370e-01  3.16227766e+01  1.41101848e+00  3.16227766e+01 -1.20040191e+00  3.16227766e+01  6.59553835e-01  3.16227766e+01 -1.16438306e+00  3.16227766e+01 -3.76685248e-01  3.16227766e+01  3.30617603e+00  3.16227766e+01 -1.45963696e+00  3.16227766e+01 -1.58585069e+00  3.16227766e+01 -1.39652373e+00  3.16227766e+01 -9.38216231e-02  3.16227766e+01 -5.03172016e-01  3.16227766e+01  1.05797120e+00  3.16227766e+01 -5.76272505e-01  3.16227766e+01  6.24771045e-02  3.16227766e+01 -4.09838808e-01 
 3.28599325e+01 -4.65146688e-01  3.28599325e+01  3.49931946e-01  3.28599325e+01  1.15546353e+00  3.28599325e+01 -2.50542709e+00  3.28599325e+01  1.02798424e+00  3.28599325e+01 -6.00518745e-01  3.28599325e+01 -1.49394252e+00  3.28599325e+01  2.83090209e+00  3.28599325e+01 -1.33506149e+00  3.28599325e+01  3.49717272e-01  3.28599325e+01 -1.99942372e+00  3.28599325e+01 -1.87818223e+00  3.28599325e+01  1.45950830e+00  3.28599325e+01  2.28625803e-01  3.28599325e+01  4.66243667e-01  3.28599325e+01  1.40086710e+00  3.28599325e+01 -1.20629595e+00  3.28599325e+01  6.51364434e-01  3.28599325e+01 -1.17217840e+00  3.28599325e+01 -3.86433856e-01  3.28599325e+01  3.29286896e+00  3.28599325e+01 -1.47640495e+00  3.28599325e+01 -1.59868097e+00  3.28599325e+01 -1.41529098e+00  3.28599325e+01 -1.02397612e-01  3.28599325e+01 -5.16738179e-01  3.28599325e+01  1.04462219e+00  3.28599325e+01 -5.84136645e-01  3.28599325e+01  4.89467650e-02  3.28599325e+01 -4.28673742e-01 
 3.41454887e+01 -4.82702063e-01  3.41454887e+01  3.31485667e-01  3.41454887e+01  1.14641857e+00  3.41454887e+01 -2.52748836e+00  3.41454887e+01  1.00537153e+00  3.41454887e+01 -6.11677129e-01  3.41454887e+01 -1.50198592e+00  3.41454887e+01  2.81950113e+00  3.41454887e+01 -1.36172204e+00  3.41454887e+01  3.14286732e-01  3.41454887e+01 -2.00828107e+00  3.41454887e+01 -1.89680208e+00  3.41454887e+01  1.43881347e+00  3.41454887e+01  2.15917156e-01  3.41454887e+01  4.57354479e-01  3.41454887e+01  1.38993246e+00  3.41454887e+01 -1.21265123e+00  3.41454887e+01  6.42539029e-01  3.41454887e+01 -1.18057994e+00  3.41454887e+01 -3.96935649e-01  3.41454887e+01  3.27854595e+00  3.41454887e+01 -1.49443820e+00  3.41454887e+01 -1.61249235e+00  3.41454887e+01 -1.43546474e+00  3.41454887e+01 -1.11638775e-01  3.41454887e+01 -5.31339158e-01  3.41454887e+01  1.03025418e+00  3.41454887e+01 -5.92612190e-01  3.41454887e+01  3.43842175e-02  3.41454887e+01 -4.48919933e-01 
 3.54813389e+01 -5.01578578e-01  3.54813389e+01  3.11655415e-01  3.54813389e+01  1.13667317e+00  3.54813389e+01 -2.55118441e+00  3.54813389e+01  9.81086372e-01  3.54813389e+01 -6.23693570e-01  3.54813389e+01 -1.51065429e+00  3.54813389e+01  2.80722417e+00  3.54813389e+01 -1.39032684e+00  3.54813389e+01  2.76351509e-01  3.54813389e+01 -2.01782477e+00  3.54813389e+01 -1.91681811e+00  3.54813389e+01  1.41657789e+00  3.54813389e+01  2.02236304e-01  3.54813389e+01  4.47776540e-01  3.54813389e+01  1.37815634e+00  3.54813389e+01 -1.21950307e+00  3.54813389e+01  6.33029669e-01  3.54813389e+01 -1.18963349e+00  3.54813389e+01 -4.08246782e-01  3.54813389e+01  3.26313318e+00  3.54813389e+01 -1.51382634e+00  3.54813389e+01 -1.62735639e+00  3.54813389e+01 -1.45714316e+00  3.54813389e+01 -1.21595124e-01  3.54813389e+01 -5.47050009e-01  3.54813389e+01  1.01479315e+00  3.54813389e+01 -6.01745338e-01  3.54813389e+01  1.87145764e-02  3.54813389e+01 -4.70675805e-01 
 3.68694506e+01 -5.21869264e-01  3.68694506e+01  2.90344385e-01  3.68694506e+01  1.12617481e+00  3.68694506e+01 -2.57662646e+00  3.68694506e+01  9.55015449e-01  3.68694506e+01 -6.36631401e-01  3.68694506e+01 -1.51999480e+00  3.68694506e+01  2.79400667e+00  3.68694506e+01 -1.42100350e+00  3.68694506e+01  2.35758676e-01  3.68694506e+01 -2.02810633e+00  3.68694506e+01 -1.93832783e+00  3.68694506e+01  1.39269559e+00  3.68694506e+01  1.87512290e-01  3.68694506e+01  4.37458182e-01  3.68694506e+01  1.36547653e+00  3.68694506e+01 -1.22688939e+00  3.68694506e+01  6.22785025e-01  3.68694506e+01 -1.19938815e+00  3.68694506e+01 -4.20427274e-01  3.68694506e+01  3.24655204e+00  3.68694506e+01 -1.53466445e+00  3.68694506e+01 -1.64334930e+00  3.68694506e+01 -1.48043011e+00  3.68694506e+01 -1.32320175e-01  3.68694506e+01 -5.63950620e-01  3.68694506e+01  9.98160280e-01  3.68694506e+01 -6.11585565e-01  3.68694506e+01  1.85812942e-03  3.68694506e+01 -4.94045524e-01 
 3.83118685e+01 -5.43672717e-01  3.83118685e+01  2.67450081e-01  3.83118685e+01  1.11486737e+00  3.83118685e+01 -2.60393184e+00  3.83118685e+01  9.27039341e-01  3.83118685e+01 -6.50558208e-01  3.83118685e+01 -1.53005794e+00  3.83118685e+01  2.77977977e+00  3.83118685e+01 -1.45388589e+00  3.83118685e+01  1.92349417e-01  3.83118685e+01 -2.03918084e+00  3.83118685e+01 -1.96143449e+00  3.83118685e+01  1.36705470e+00  3.83118685e+01  1.71669517e-01  3.83118685e+01  4.26344134e-01  3.83118685e+01  1.35182663e+00  3.83118685e+01 -1.23485089e+00  3.83118685e+01  6.11750180e-01  3.83118685e+01 -1.20989645e+00  3.83118685e+01 -4.33541221e-01  3.83118685e+01  3.22871894e+00  3.83118685e+01 -1.55705322e+00  3.83118685e+01 -1.66055216e+00  3.83118685e+01 -1.50543536e+00  3.83118685e+01 -1.43871156e-01  3.83118685e+01 -5.82125933e-01  3.83118685e+01  9.80271765e-01  3.83118685e+01 -6.22185823e-01  3.83118685e+01 -1.62698796e-02  3.83118685e+01 -5.19139158e-01 
 3.98107171e+01 -5.67093282e-01  3.98107171e+01  2.42864148e-01  3.98107171e+01  1.10269085e+00  3.98107171e+01 -2.63322400e+00  3.98107171e+01  8.97032425e-01  3.98107171e+01 -6.65546050e-01  3.98107171e+01 -1.54089775e+00  3.98107171e+01  2.76447006e+00  3.98107171e+01 -1.48911413e+00  3.98107171e+01  1.45959298e-01  3.98107171e+01 -2.05110719e+00  3.98107171e+01 -1.98624722e+00  3.98107171e+01  1.33953724e+00  3.98107171e+01  1.54627530e-01  3.98107171e+01  4.14375311e-01  3.98107171e+01  1.33713582e+00  3.98107171e+01 -1.24343115e+00  3.98107171e+01  5.99866427e-01  3.98107171e+01 -1.22121457e+00  3.98107171e+01 -4.47657012e-01  3.98107171e+01  3.20954507e+00  3.98107171e+01 -1.58109915e+00  3.98107171e+01 -1.67905120e+00  3.98107171e+01 -1.53227473e+00  3.98107171e+01 -1.56309218e-01  3.98107171e+01 -6.01666151e-01  3.98107171e+01  9.61038568e-01  3.98107171e+01 -6.33602741e-01  3.98107171e+01 -3.57594610e-02  3.98107171e+01 -5.46072823e-01 
 4.13682040e+01 -5.92241208e-01  4.13682040e+01  2.16472225e-01  4.13682040e+01  1.08958116e+00  4.13682040e+01 -2.66463268e+00  4.13682040e+01  8.64862818e-01  4.13682040e+01 -6.81671682e-01  4.13682040e+01 -1.55257201e+00  4.13682040e+01  2.74799939e+00  4.13682040e+01 -1.52683457e+00  4.13682040e+01  9.64186162e-02  4.13682040e+01 -2.06394830e+00  4.13682040e+01 -2.01288116e+00  4.13682040e+01  1.31001904e+00  4.13682040e+01  1.36300795e-01  4.13682040e+01  4.01488604e-01  4.13682040e+01  1.32132864e+00  4.13682040e+01 -1.25267691e+00  4.13682040e+01  5.87071053e-01  4.13682040e+01 -1.23340257e+00  4.13682040e+01 -4.62847553e-01  4.13682040e+01  3.18893621e+00  4.13682040e+01 -1.60691473e+00  4.13682040e+01 -1.69893791e+00  4.13682040e+01 -1.56107017e+00  4.13682040e+01 -1.69699651e-01  4.13682040e+01 -6.22666942e-01  4.13682040e+01  9.40366235e-01  4.13682040e+01 -6.45896839e-01  4.13682040e+01 -5.67060822e-02  4.13682040e+01 -5.74968787e-01 
 4.29866235e+01 -6.19232797e-01  4.29866235e+01  1.88153822e-01  4.29866235e+01  1.07546994e+00  4.29866235e+01 -2.69829386e+00  4.29866235e+01  8.30392370e-01  4.29866235e+01 -6.99016770e-01  4.29866235e+01 -1.56514244e+00  4.29866235e+01  2.73028463e+00  4.29866235e+01 -1.56719963e+00  4.29866235e+01  4.35528336e-02  4.29866235e+01 -2.07777132e+00  4.29866235e+01 -2.04145760e+00  4.29866235e+01  1.27836970e+00  4.29866235e+01  1.16598495e-01  4.29866235e+01  3.87616659e-01  4.29866235e+01  1.30432480e+00  4.29866235e+01 -1.26263821e+00  4.29866235e+01  5.73297125e-01  4.29866235e+01 -1.24652457e+00  4.29866235e+01 -4.79190480e-01  4.29866235e+01  3.16679254e+00  4.29866235e+01 -1.63461852e+00  4.29866235e+01 -1.72030933e+00  4.29866235e+01 -1.59194988e+00  4.29866235e+01 -1.84112100e-01  4.29866235e+01 -6.45229624e-01  4.29866235e+01  9.18154700e-01  4.29866235e+01 -6.59132738e-01  4.29866235e+01 -7.92108573e-02  4.29866235e+01 -6.05955554e-01 
 4.46683592e+01 -6.48190507e-01  4.46683592e+01  1.57782236e-01  4.46683592e+01  1.06028430e+00  4.46683592e+01 -2.73434978e+00  4.46683592e+01  7.93476698e-01  4.46683592e+01 -7.17668107e-01  4.46683592e+01 -1.57867496e+00  4.46683592e+01  2.71123746e+00  4.46683592e+01 -1.61036764e+00  4.46683592e+01 -1.28168837e-02  4.46683592e+01 -2.09264783e+00  4.46683592e+01 -2.07210405e+00  4.46683592e+01  1.24445254e+00  4.46683592e+01  9.54243261e-02  4.46683592e+01  3.72687663e-01  4.46683592e+01  1.28603893e+00  4.46683592e+01 -1.27336857e+00  4.46683592e+01  5.58473267e-01  4.46683592e+01 -1.26064901e+00  4.46683592e+01 -4.96768385e-01  4.46683592e+01  3.14300845e+00  4.46683592e+01 -1.66433527e+00  4.46683592e+01 -1.74326818e+00  4.46683592e+01 -1.62504832e+00  4.46683592e+01 -1.99620787e-01  4.46683592e+01 -6.69461346e-01  4.46683592e+01  8.94298107e-01  4.46683592e+01 -6.73379385e-01  4.46683592e+01 -1.03380721e-01  4.46683592e+01 -6.39167897e-01 
 4.64158883e+01 -6.79243031e-01  4.64158883e+01  1.25224499e-01  4.64158883e+01  1.04394663e+00  4.64158883e+01 -2.77294887e+00  4.64158883e+01  7.53965283e-01  4.64158883e+01 -7.37717822e-01  4.64158883e+01 -1.59323984e+00  4.64158883e+01  2.69076417e+00  4.64158883e+01 -1.65650258e+00  4.64158883e+01 -7.28730334e-02  4.64158883e+01 -2.10865410e+00  4.64158883e+01 -2.10495429e+00  4.64158883e+01  1.20812462e+00  4.64158883e+01  7.26763096e-02  4.64158883e+01  3.56625119e-01  4.64158883e+01  1.26638036e+00  4.64158883e+01 -1.28492526e+00  4.64158883e+01  5.42523445e-01  4.64158883e+01 -1.27584882e+00  4.64158883e+01 -5.15669023e-01  4.64158883e+01  3.11747240e+00  4.64158883e+01 -1.69619599e+00  4.64158883e+01 -1.76792305e+00  4.64158883e+01 -1.66050620e+00  4.64158883e+01 -2.16304729e-01  4.64158883e+01 -6.95475232e-01  4.64158883e+01  8.68684652e-01  4.64158883e+01 -6.88710264e-01  4.64158883e+01 -1.29328582e-01  4.64158883e+01 -6.74746846e-01 
 4.82317848e+01 -7.12525334e-01  4.82317848e+01  9.03413770e-02  4.82317848e+01  1.02637436e+00  4.82317848e+01 -2.81424557e+00  4.82317848e+01  7.11701639e-01  4.82317848e+01 -7.59263576e-01  4.82317848e+01 -1.60891199e+00  4.82317848e+01  2.66876546e+00  4.82317848e+01 -1.70577373e+00  4.82317848e+01 -1.36801038e-01  4.82317848e+01 -2.12587130e+00  4.82317848e+01 -2.14014837e+00  4.82317848e+01  1.16923687e+00  4.82317848e+01  4.82466224e-02  4.82317848e+01  3.39347630e-01  4.82317848e+01  1.24525298e+00  4.82317848e+01 -1.29736945e+00  4.82317848e+01  5.25366742e-01  4.82317848e+01 -1.29220169e+00  4.82317848e+01 -5.35985523e-01  4.82317848e+01  3.09006676e+00  4.82317848e+01 -1.73033797e+00  4.82317848e+01 -1.79438854e+00  4.82317848e+01 -1.69847046e+00  4.82317848e+01 -2.34247959e-01  4.82317848e+01 -7.23390514e-01  4.82317848e+01  8.41196450e-01  4.82317848e+01 -7.05203625e-01  4.82317848e+01 -1.57173450e-01  4.82317848e+01 -7.12839628e-01 
 5.01187234e+01 -7.48178636e-01  5.01187234e+01  5.29874164e-02  5.01187234e+01  1.00747975e+00  5.01187234e+01 -2.85840017e+00  5.01187234e+01  6.66523541e-01  5.01187234e+01 -7.82408748e-01  5.01187234e+01 -1.62577112e+00  5.01187234e+01  2.64513625e+00  5.01187234e+01 -1.75835525e+00  5.01187234e+01 -2.04788402e-01  5.01187234e+01 -2.14438568e+00  5.01187234e+01 -2.17783252e+00  5.01187234e+01  1.12763418e+00  5.01187234e+01  2.20214465e-02  5.01187234e+01  3.20768683e-01  5.01187234e+01  1.22255496e+00  5.01187234e+01 -1.31076646e+00  5.01187234e+01  5.06917149e-01  5.01187234e+01 -1.30979024e+00  5.01187234e+01 -5.57816581e-01  5.01187234e+01  3.06066774e+00  5.01187234e+01 -1.76690473e+00  5.01187234e+01 -1.82278538e+00  5.01187234e+01 -1.73909408e+00  5.01187234e+01 -2.53539733e-01  5.01187234e+01 -7.53332622e-01  5.01187234e+01  8.11709437e-01  5.01187234e+01 -7.22942694e-01  5.01187234e+01 -1.87040532e-01  5.01187234e+01 -7.53599535e-01 
 5.20794833e+01 -7.86350351e-01  5.20794833e+01  1.30110535e-02  5.20794833e+01  9.87169697e-01  5.20794833e+01 -2.90557848e+00  5.20794833e+01  6.18263345e-01  5.20794833e+01 -8.07262601e-01  5.20794833e+01 -1.64390200e+00  5.20794833e+01  2.61976555e+00  5.20794833e+01 -1.81442563e+00  5.20794833e+01 -2.77023760e-01  5.20794833e+01 -2.16428881e+00  5.20794833e+01 -2.21815910e+00  5.20794833e+01  1.08315564e+00  5.20794833e+01 -6.11915363e-03  5.20794833e+01  3.00796442e-01  5.20794833e+01  1.19817869e+00  5.20794833e+01 -1.32518597e+00  5.20794833e+01  4.87083351e-01  5.20794833e+01 -1.32870228e+00  5.20794833e+01 -5.81266642e-01  5.20794833e+01  3.02914529e+00  5.20794833e+01 -1.80604593e+00  5.20794833e+01 -1.85324052e+00  5.20794833e+01 -1.78253595e+00  5.20794833e+01 -2.74274735e-01  5.20794833e+01 -7.85433243e-01  5.20794833e+01  7.80093297e-01  5.20794833e+01 -7.42015891e-01  5.20794833e+01 -2.19061290e-01  5.20794833e+01 -7.97185733e-01 
 5.41169527e+01 -8.27193952e-01  5.41169527e+01 -2.97452116e-02  5.41169527e+01  9.65345537e-01  5.41169527e+01 -2.95595148e+00  5.41169527e+01  5.66748387e-01  5.41169527e+01 -8.33940423e-01  5.41169527e+01 -1.66339466e+00  5.41169527e+01  2.59253629e+00  5.41169527e+01 -1.87416708e+00  5.41169527e+01 -3.53695824e-01  5.41169527e+01 -2.18567780e+00  5.41169527e+01 -2.26128636e+00  5.41169527e+01  1.03563486e+00  5.41169527e+01 -3.63013218e-02  5.41169527e+01  2.79333546e-01  5.41169527e+01  1.17201052e+00  5.41169527e+01 -1.34070223e+00  5.41169527e+01  4.65768527e-01  5.41169527e+01 -1.34903098e+00  5.41169527e+01 -6.06446065e-01  5.41169527e+01  2.99536308e+00  5.41169527e+01 -1.84791725e+00  5.41169527e+01 -1.88588718e+00  5.41169527e+01 -1.82896055e+00  5.41169527e+01 -2.96553273e-01  5.41169527e+01 -8.19830336e-01  5.41169527e+01  7.46211446e-01  5.41169527e+01 -7.62517033e-01  5.41169527e+01 -2.53373456e-01  5.41169527e+01 -8.43762988e-01 
 5.62341325e+01 -8.70868781e-01  5.62341325e+01 -7.54445658e-02  5.62341325e+01  9.41902846e-01  5.62341325e+01 -3.00969486e+00  5.62341325e+01  5.11801481e-01  5.62341325e+01 -8.62563648e-01  5.62341325e+01 -1.68434457e+00  5.62341325e+01  2.56332526e+00  5.62341325e+01 -1.93776483e+00  5.62341325e+01 -4.34992233e-01  5.62341325e+01 -2.20865542e+00  5.62341325e+01 -2.30737818e+00  5.62341325e+01  9.84900313e-01  5.62341325e+01 -6.86574631e-02  5.62341325e+01  2.56276927e-01  5.62341325e+01  1.14393071e+00  5.62341325e+01 -1.35739428e+00  5.62341325e+01  4.42870168e-01  5.62341325e+01 -1.37087508e+00  5.62341325e+01 -6.33471256e-01  5.62341325e+01  2.95917856e+00  5.62341325e+01 -1.89268014e+00  5.62341325e+01 -1.92086484e+00  5.62341325e+01 -1.87853766e+00  5.62341325e+01 -3.20481450e-01  5.62341325e+01 -8.56668091e-01  5.62341325e+01  7.09921052e-01  5.62341325e+01 -7.84545529e-01  5.62341325e+01 -2.90121001e-01  5.62341325e+01 -8.93501313e-01 
 5.84341413e+01 -9.17539770e-01  5.84341413e+01 -1.24255554e-01  5.84341413e+01  9.16731294e-01  5.84341413e+01 -3.06698846e+00  5.84341413e+01  4.53241512e-01  5.84341413e+01 -8.93259931e-01  5.84341413e+01 -1.70685287e+00  5.84341413e+01  2.53200297e+00  5.84341413e+01 -2.00540623e+00  5.84341413e+01 -5.21098310e-01  5.84341413e+01 -2.23333034e+00  5.84341413e+01 -2.35660379e+00  5.84341413e+01  9.30775817e-01  5.84341413e+01 -1.03326251e-01  5.84341413e+01  2.31517643e-01  5.84341413e+01  1.11381330e+00  5.84341413e+01 -1.37534620e+00  5.84341413e+01  4.18279905e-01  5.84341413e+01 -1.39433909e+00  5.84341413e+01 -6.62464784e-01  5.84341413e+01  2.92044299e+00  5.84341413e+01 -1.94050150e+00  5.84341413e+01 -1.95831919e+00  5.84341413e+01 -1.93144186e+00  5.84341413e+01 -3.46171323e-01  5.84341413e+01 -8.96096838e-01  5.84341413e+01  6.71073118e-01  5.84341413e+01 -8.08206559e-01  5.84341413e+01 -3.29454034e-01  5.84341413e+01 -9.46575521e-01 
 6.07202196e+01 -9.67377083e-01  6.07202196e+01 -1.76351659e-01  6.07202196e+01  8.89714500e-01  6.07202196e+01 -3.12801559e+00  6.07202196e+01  3.90884132e-01  6.07202196e+01 -9.26163198e-01  6.07202196e+01 -1.73102649e+00  6.07202196e+01  2.49843369e+00  6.07202196e+01 -2.07727986e+00  6.07202196e+01 -6.12195737e-01  6.07202196e+01 -2.25981722e+00  6.07202196e+01 -2.40913727e+00  6.07202196e+01  8.73081126e-01  6.07202196e+01 -1.40452585e-01  6.07202196e+01  2.04940732e-01  6.07202196e+01  1.08152609e+00  6.07202196e+01 -1.39464728e+00  6.07202196e+01  3.91883360e-01  6.07202196e+01 -1.41953340e+00  6.07202196e+01 -6.93555454e-01  6.07202196e+01  2.87900161e+00  6.07202196e+01 -1.99155332e+00  6.07202196e+01 -1.99840204e+00  6.07202196e+01 -1.98785202e+00  6.07202196e+01 -3.73741035e-01  6.07202196e+01 -9.38272884e-01  6.07202196e+01  6.29512632e-01  6.07202196e+01 -8.33611231e-01  6.07202196e+01 -3.71528652e-01  6.07202196e+01 -1.00316469e+00 
 6.30957344e+01 -1.02055567e+00  6.30957344e+01 -2.31910794e-01  6.30957344e+01  8.60729922e-01  6.30957344e+01 -3.19296230e+00  6.30957344e+01  3.24542561e-01  6.30957344e+01 -9.61413635e-01  6.30957344e+01 -1.75697836e+00  6.30957344e+01  2.46247541e+00  6.30957344e+01 -2.15357447e+00  6.30957344e+01 -7.08461170e-01  6.30957344e+01 -2.28823688e+00  6.30957344e+01 -2.46515706e+00  6.30957344e+01  8.11632581e-01  6.30957344e+01 -1.80187487e-01  6.30957344e+01  1.76425092e-01  6.30957344e+01  1.04693059e+00  6.30957344e+01 -1.41539224e+00  6.30957344e+01  3.63560029e-01  6.30957344e+01 -1.44657447e+00  6.30957344e+01 -7.26878338e-01  6.30957344e+01  2.83469384e+00  6.30957344e+01 -2.04601221e+00  6.30957344e+01 -2.04127112e+00  6.30957344e+01 -2.04795069e+00  6.30957344e+01 -4.03314912e-01  6.30957344e+01 -9.83358279e-01  6.30957344e+01  5.85078776e-01  6.30957344e+01 -8.60876723e-01  6.30957344e+01 -4.16506703e-01  6.30957344e+01 -1.06345152e+00 
 6.55641849e+01 -1.07725474e+00  6.55641849e+01 -2.91114685e-01  6.55641849e+01  8.29648784e-01  6.55641849e+01 -3.26201647e+00  6.55641849e+01  2.54028495e-01  6.55641849e+01 -9.99157637e-01  6.55641849e+01 -1.78482751e+00  6.55641849e+01  2.42397997e+00  6.55641849e+01 -2.23447785e+00  6.55641849e+01 -8.10064804e-01  6.55641849e+01 -2.31871632e+00  6.55641849e+01 -2.52484533e+00  6.55641849e+01  7.46243898e-01  6.55641849e+01 -2.22687934e-01  6.55641849e+01  1.45843403e-01  6.55641849e+01  1.00988210e+00  6.55641849e+01 -1.43768141e+00  6.55641849e+01  3.33183193e-01  6.55641849e+01 -1.47558492e+00  6.55641849e+01 -7.62574769e-01  6.55641849e+01  2.78735359e+00  6.55641849e+01 -2.10405876e+00  6.55641849e+01 -2.08708982e+00  6.55641849e+01 -2.11192331e+00  6.55641849e+01 -4.35023532e-01  6.55641849e+01 -1.03152050e+00  6.55641849e+01  5.37605227e-01  6.55641849e+01 -8.90126381e-01  6.55641849e+01 -4.64555482e-01  6.55641849e+01 -1.12762158e+00 
 6.81292069e+01 -1.13765708e+00  6.81292069e+01 -3.54148162e-01  6.81292069e+01  7.96336040e-01  6.81292069e+01 -3.33536685e+00  6.81292069e+01  1.79153120e-01  6.81292069e+01 -1.03954769e+00  6.81292069e+01 -1.81469915e+00  6.81292069e+01  2.38279314e+00  6.81292069e+01 -2.32017554e+00  6.81292069e+01 -9.17168901e-01  6.81292069e+01 -2.35138885e+00  6.81292069e+01 -2.58838725e+00  6.81292069e+01  6.76727043e-01  6.81292069e+01 -2.68116615e-01  6.81292069e+01  1.13062078e-01  6.81292069e+01  9.70229775e-01  6.81292069e+01 -1.46162096e+00  6.81292069e+01  3.00619870e-01  6.81292069e+01 -1.50669362e+00  6.81292069e+01 -8.00792268e-01  6.81292069e+01  2.73680962e+00  6.81292069e+01 -2.16587692e+00  6.81292069e+01 -2.13602690e+00  6.81292069e+01 -2.17995741e+00  6.81292069e+01 -4.69003744e-01  6.81292069e+01 -1.08293208e+00  6.81292069e+01  4.86920534e-01  6.81292069e+01 -9.21489797e-01  6.81292069e+01 -5.15847330e-01  6.81292069e+01 -1.19586248e+00 
 7.07945784e+01 -1.20194834e+00  7.07945784e+01 -4.21198338e-01  7.07945784e+01  7.60650386e-01  7.07945784e+01 -3.41320201e+00  7.07945784e+01  9.97282234e-02  7.07945784e+01 -1.08274217e+00  7.07945784e+01 -1.84672476e+00  7.07945784e+01  2.33875487e+00  7.07945784e+01 -2.41084960e+00  7.07945784e+01 -1.02992633e+00  7.07945784e+01 -2.38639400e+00  7.07945784e+01 -2.65597017e+00  7.07945784e+01  6.02893227e-01  7.07945784e+01 -3.16641610e-01  7.07945784e+01  7.79412624e-02  7.07945784e+01  9.27816823e-01  7.07945784e+01 -1.48732297e+00  7.07945784e+01  2.65730808e-01  7.07945784e+01 -1.54003568e+00  7.07945784e+01 -8.41684414e-01  7.07945784e+01  2.68288601e+00  7.07945784e+01 -2.23165318e+00  7.07945784e+01 -2.18825602e+00  7.07945784e+01 -2.25224163e+00  7.07945784e+01 -5.05398642e-01  7.07945784e+01 -1.13777005e+00  7.07945784e+01  4.32848591e-01  7.07945784e+01 -9.55102832e-01  7.07945784e+01 -5.70559148e-01  7.07945784e+01 -1.26836289e+00 
 7.35642254e+01 -1.27031617e+00  7.35642254e+01 -4.92453678e-01  7.35642254e+01  7.22444328e-01  7.35642254e+01 -3.49570911e+00  7.35642254e+01  1.55674028e-02  7.35642254e+01 -1.12890511e+00  7.35642254e+01 -1.88104209e+00  7.35642254e+01  2.29169957e+00  7.35642254e+01 -2.50667715e+00  7.35642254e+01 -1.14847909e+00  7.35642254e+01 -2.42387755e+00  7.35642254e+01 -2.72778265e+00  7.35642254e+01  5.24553989e-01  7.35642254e+01 -3.68435979e-01  7.35642254e+01  4.03348947e-02  7.35642254e+01  8.82480726e-01  7.35642254e+01 -1.51490563e+00  7.35642254e+01  2.28370540e-01  7.35642254e+01 -1.57575250e+00  7.35642254e+01 -8.85410650e-01  7.35642254e+01  2.62540272e+00  7.35642254e+01 -2.30157570e+00  7.35642254e+01 -2.24395527e+00  7.35642254e+01 -2.32896467e+00  7.35642254e+01 -5.44357478e-01  7.35642254e+01 -1.19621543e+00  7.35642254e+01  3.75209202e-01  7.35642254e+01 -9.91107600e-01  7.35642254e+01 -6.28871810e-01  7.35642254e+01 -1.34531148e+00 
 7.64422274e+01 -1.34294926e+00  7.64422274e+01 -5.68102975e-01  7.64422274e+01  6.81564312e-01  7.64422274e+01 -3.58307268e+00  7.64422274e+01 -7.35126435e-02  7.64422274e+01 -1.17820584e+00  7.64422274e+01 -1.91779512e+00  7.64422274e+01  2.24145644e+00  7.64422274e+01 -2.60782898e+00  7.64422274e+01 -1.27295695e+00  7.64422274e+01 -2.46399136e+00  7.64422274e+01 -2.80401345e+00  7.64422274e+01  4.41522389e-01  7.64422274e+01 -4.23677260e-01  7.64422274e+01  9.08148866e-05  7.64422274e+01  8.34053563e-01  7.64422274e+01 -1.54449330e+00  7.64422274e+01  1.88387486e-01  7.64422274e+01 -1.61399163e+00  7.64422274e+01 -9.32136002e-01  7.64422274e+01  2.56417629e+00  7.64422274e+01 -2.37583328e+00  7.64422274e+01 -2.30330649e+00  7.64422274e+01 -2.41031416e+00  7.64422274e+01 -5.86035514e-01  7.64422274e+01 -1.25845247e+00  7.64422274e+01  3.13818758e-01  7.64422274e+01 -1.02965239e+00  7.64422274e+01 -6.90969472e-01  7.64422274e+01 -1.42689579e+00 
 7.94328235e+01 -1.42003627e+00  7.94328235e+01 -6.48334218e-01  7.94328235e+01  6.37850921e-01  7.94328235e+01 -3.67547323e+00  7.94328235e+01 -1.67690752e-01  7.94328235e+01 -1.23081855e+00  7.94328235e+01 -1.95713397e+00  7.94328235e+01  2.18784997e+00  7.94328235e+01 -2.71446807e+00  7.94328235e+01 -1.40347606e+00  7.94328235e+01 -2.50689323e+00  7.94328235e+01 -2.88485037e+00  7.94328235e+01  3.53614276e-01  7.94328235e+01 -4.82546867e-01  7.94328235e+01 -4.29490515e-02  7.94328235e+01  7.82362420e-01  7.94328235e+01 -1.57621660e+00  7.94328235e+01  1.45624133e-01  7.94328235e+01 -1.65490672e+00  7.94328235e+01 -9.82030725e-01  7.94328235e+01  2.49902053e+00  7.94328235e+01 -2.45461428e+00  7.94328235e+01 -2.36649464e+00  7.94328235e+01 -2.49647538e+00  7.94328235e+01 -6.30593805e-01  7.94328235e+01 -1.32466789e+00  7.94328235e+01  2.48491005e-01  7.94328235e+01 -1.07089153e+00  7.94328235e+01 -7.57038777e-01  7.94328235e+01 -1.51330096e+00 
 8.25404185e+01 -1.50176468e+00  8.25404185e+01 -7.33333367e-01  8.25404185e+01  5.91139153e-01  8.25404185e+01 -3.77308593e+00  8.25404185e+01 -2.67139874e-01  8.25404185e+01 -1.28692177e+00  8.25404185e+01 -1.99921475e+00  8.25404185e+01  2.13070047e+00  8.25404185e+01 -2.82674812e+00  8.25404185e+01 -1.54013777e+00  8.25404185e+01 -2.55274664e+00  8.25404185e+01 -2.97047900e+00  8.25404185e+01  2.60649640e-01  8.25404185e+01 -5.45229382e-01  8.25404185e+01 -8.89484373e-02  8.25404185e+01  7.27229890e-01  8.25404185e+01 -1.61021244e+00  8.25404185e+01  9.99172801e-02  8.25404185e+01 -1.69865725e+00  8.25404185e+01 -1.03526985e+00  8.25404185e+01  2.42974752e+00  8.25404185e+01 -2.53810545e+00  8.25404185e+01 -2.43370689e+00  8.25404185e+01 -2.58762997e+00  8.25404185e+01 -6.78198899e-01  8.25404185e+01 -1.39504997e+00  8.25404185e+01  1.79037930e-01  8.25404185e+01 -1.11498518e+00  8.25404185e+01 -8.27267959e-01  8.25404185e+01 -1.60470841e+00 
 8.57695899e+01 -1.58831954e+00  8.57695899e+01 -8.23283051e-01  8.57695899e+01  5.41258775e-01  8.57695899e+01 -3.87607908e+00  8.57695899e+01 -3.72025622e-01  8.57695899e+01 -1.34669777e+00  8.57695899e+01 -2.04419932e+00  8.57695899e+01  2.06982476e+00  8.57695899e+01 -2.94481212e+00  8.57695899e+01 -1.68302747e+00  8.57695899e+01 -2.60172038e+00  8.57695899e+01 -3.06108146e+00  8.57695899e+01  1.62454016e-01  8.57695899e+01 -6.11911750e-01  8.57695899e+01 -1.38076395e-01  8.57695899e+01  6.68474667e-01  8.57695899e+01 -1.64662393e+00  8.57695899e+01  5.10983693e-02  8.57695899e+01 -1.74540829e+00  8.57695899e+01 -1.09203265e+00  8.57695899e+01  2.35616845e+00  8.57695899e+01 -2.62649058e+00  8.57695899e+01 -2.50513174e+00  8.57695899e+01 -2.68395452e+00  8.57695899e+01 -7.29022451e-01  8.57695899e+01 -1.46978751e+00  8.57695899e+01  1.05270745e-01  8.57695899e+01 -1.16209905e+00  8.57695899e+01 -9.01845831e-01  8.57695899e+01 -1.70129444e+00 
 8.91250938e+01 -1.67988213e+00  8.91250938e+01 -9.18361189e-01  8.91250938e+01  4.88034773e-01  8.91250938e+01 -3.98461267e+00  8.91250938e+01 -4.82504794e-01  8.91250938e+01 -1.41033176e+00  8.91250938e+01 -2.09225500e+00  8.91250938e+01  2.00503689e+00  8.91250938e+01 -3.06879088e+00  8.91250938e+01 -1.83221368e+00  8.91250938e+01 -2.65398818e+00  8.91250938e+01 -3.15683494e+00  8.91250938e+01  5.88599359e-02  8.91250938e+01 -6.82782355e-01  8.91250938e+01 -1.90506872e-01  8.91250938e+01  6.05912254e-01  8.91250938e+01 -1.68560037e+00  8.91250938e+01 -1.00609470e-03  8.91250938e+01 -1.79533014e+00  8.91250938e+01 -1.15250197e+00  8.91250938e+01  2.27809483e+00  8.91250938e+01 -2.71994923e+00  8.91250938e+01 -2.58095798e+00  8.91250938e+01 -2.78561914e+00  8.91250938e+01 -7.83240754e-01  8.91250938e+01 -1.54906877e+00  8.91250938e+01  2.70009791e-02  8.91250938e+01 -1.21240402e+00  8.91250938e+01 -9.80960681e-01  8.91250938e+01 -1.80322880e+00 
 9.26118728e+01 -1.77662857e+00  9.26118728e+01 -1.01873957e+00  9.26118728e+01  4.31287899e-01  9.26118728e+01 -4.09883695e+00  9.26118728e+01 -5.98723914e-01  9.26118728e+01 -1.47801114e+00  9.26118728e+01 -2.14355412e+00  9.26118728e+01  1.93614903e+00  9.26118728e+01 -3.19880176e+00  9.26118728e+01 -1.98774727e+00  9.26118728e+01 -2.70972816e+00  9.26118728e+01 -3.25791034e+00  9.26118728e+01 -5.02916012e-02  9.26118728e+01 -7.58030006e-01  9.26118728e+01 -2.46418184e-01  9.26118728e+01  5.39355769e-01  9.26118728e+01 -1.72729708e+00  9.26118728e+01 -5.65740335e-02  9.26118728e+01 -1.84859787e+00  9.26118728e+01 -1.21686351e+00  9.26118728e+01  2.19533960e+00  9.26118728e+01 -2.81865524e+00  9.26118728e+01 -2.66137354e+00  9.26118728e+01 -2.89278600e+00  9.26118728e+01 -8.41034159e-01  9.26118728e+01 -1.63308022e+00  9.26118728e+01 -5.59583421e-02  9.26118728e+01 -1.26607568e+00  9.26118728e+01 -1.06479907e+00  9.26118728e+01 -1.91067323e+00 
 9.62350626e+01 -1.87872839e+00  9.62350626e+01 -1.12458238e+00  9.62350626e+01  3.70835313e-01  9.62350626e+01 -4.21889092e+00  9.62350626e+01 -7.20817802e-01  9.62350626e+01 -1.54992448e+00  9.62350626e+01 -2.19827361e+00  9.62350626e+01  1.86297242e+00  9.62350626e+01 -3.33494736e+00  9.62350626e+01 -2.14966083e+00  9.62350626e+01 -2.76912223e+00  9.62350626e+01 -3.36447075e+00  9.62350626e+01 -1.65149663e-01  9.62350626e+01 -8.37842813e-01  9.62350626e+01 -3.05992400e-01  9.62350626e+01  4.68616854e-01  9.62350626e+01 -1.77187512e+00  9.62350626e+01 -1.15787184e-01  9.62350626e+01 -1.90539079e+00  9.62350626e+01 -1.28530495e+00  9.62350626e+01  2.10771840e+00  9.62350626e+01 -2.92277535e+00  9.62350626e+01 -2.74656426e+00  9.62350626e+01 -3.00560785e+00  9.62350626e+01 -9.02586404e-01  9.62350626e+01 -1.72200529e+00  9.62350626e+01 -1.43791421e-01  9.62350626e+01 -1.32329379e+00  9.62350626e+01 -1.15354456e+00  9.62350626e+01 -2.02377997e+00 
 1.00000000e+02 -1.98634307e+00  1.00000000e+02 -1.23604475e+00  1.00000000e+02  3.06491333e-01  1.00000000e+02 -4.34490098e+00  1.00000000e+02 -8.48908207e-01  1.00000000e+02 -1.62626053e+00  1.00000000e+02 -2.25659434e+00  1.00000000e+02  1.78531849e+00  1.00000000e+02 -3.47731446e+00  1.00000000e+02 -2.31796833e+00  1.00000000e+02 -2.83235534e+00  1.00000000e+02 -3.47667004e+00  1.00000000e+02 -2.85851944e-01  1.00000000e+02 -9.22406968e-01  1.00000000e+02 -3.69414613e-01  1.00000000e+02  3.93506699e-01  1.00000000e+02 -1.81950110e+00  1.00000000e+02 -1.78830381e-01  1.00000000e+02 -1.96589176e+00  1.00000000e+02 -1.35801497e+00  1.00000000e+02  2.01505095e+00  1.00000000e+02 -3.03246765e+00  1.00000000e+02 -2.83671263e+00  1.00000000e+02 -3.12422657e+00  1.00000000e+02 -9.68083836e-01  1.00000000e+02 -1.81602296e+00  1.00000000e+02 -2.36678340e-01  1.00000000e+02 -1.38424160e+00  1.00000000e+02 -1.24737632e+00  1.00000000e+02 -2.14269032e+00 
 1.03912230e+02 -2.09962452e+00  1.03912230e+02 -1.35327128e+00  1.03912230e+02  2.38068290e-01  1.03912230e+02 -4.47697964e+00  1.03912230e+02 -9.83102536e-01  1.03912230e+02 -1.70720706e+00  1.03912230e+02 -2.31870047e+00  1.03912230e+02  1.70300000e+00  1.03912230e+02 -3.62597303e+00  1.03912230e+02 -2.49266495e+00  1.03912230e+02 -2.89961471e+00  1.03912230e+02 -3.59465132e+00  1.03912230e+02 -4.12523384e-01  1.03912230e+02 -1.01190546e+00  1.03912230e+02 -4.36872112e-01  1.03912230e+02  3.13837154e-01  1.03912230e+02 -1.87034670e+00  1.03912230e+02 -2.45890742e-01  1.03912230e+02 -2.03028651e+00  1.03912230e+02 -1.43518223e+00  1.03912230e+02  1.91716242e+00  1.03912230e+02 -3.14788020e+00  1.03912230e+02 -2.93199635e+00  1.03912230e+02 -3.24877176e+00  1.03912230e+02 -1.03771452e+00  1.03912230e+02 -1.91530639e+00  1.03912230e+02 -3.34793660e-01  1.03912230e+02 -1.44910510e+00  1.03912230e+02 -1.34646774e+00  1.03912230e+02 -2.26753324e+00 
 1.07977516e+02 -2.21871371e+00  1.07977516e+02 -1.47639462e+00  1.07977516e+02  1.65377489e-01  1.07977516e+02 -4.61522425e+00  1.07977516e+02 -1.12349269e+00  1.07977516e+02 -1.79294960e+00  1.07977516e+02 -2.38477866e+00  1.07977516e+02  1.61583229e+00  1.07977516e+02 -3.78097542e+00  1.07977516e+02 -2.67372712e+00  1.07977516e+02 -2.97108883e+00  1.07977516e+02 -3.71854560e+00  1.07977516e+02 -5.45274868e-01  1.07977516e+02 -1.10651667e+00  1.07977516e+02 -5.08553443e-01  1.07977516e+02  2.29421949e-01  1.07977516e+02 -1.92458824e+00  1.07977516e+02 -3.17156735e-01  1.07977516e+02 -2.09876272e+00  1.07977516e+02 -1.51699419e+00  1.07977516e+02  1.81388491e+00  1.07977516e+02 -3.26914951e+00  1.07977516e+02 -3.03258692e+00  1.07977516e+02 -3.37935944e+00  1.07977516e+02 -1.11166725e+00  1.07977516e+02 -2.02002145e+00  1.07977516e+02 -4.38304965e-01  1.07977516e+02 -1.51807216e+00  1.07977516e+02 -1.45098497e+00  1.07977516e+02 -2.39842404e+00 
 1.12201845e+02 -2.34373919e+00  1.12201845e+02 -1.60553413e+00  1.12201845e+02  8.82302764e-02  1.12201845e+02 -4.75971600e+00  1.12201845e+02 -1.27015403e+00  1.12201845e+02 -1.88367014e+00  1.12201845e+02 -2.45501713e+00  1.12201845e+02  1.52363464e+00  1.12201845e+02 -3.94235577e+00  1.12201845e+02 -2.86111281e+00  1.12201845e+02 -3.04696650e+00  1.12201845e+02 -3.84847045e+00  1.12201845e+02 -6.84202033e-01  1.12201845e+02 -1.20641302e+00  1.12201845e+02 -5.84647372e-01  1.12201845e+02  1.40077982e-01  1.12201845e+02 -1.98240610e+00  1.12201845e+02 -3.92817153e-01  1.12201845e+02 -2.17150909e+00  1.12201845e+02 -1.60363582e+00  1.12201845e+02  1.70505887e+00  1.12201845e+02 -3.39639924e+00  1.12201845e+02 -3.13864823e+00  1.12201845e+02 -3.51609076e+00  1.12201845e+02 -1.19013047e+00  1.12201845e+02 -2.13032523e+00  1.12201845e+02 -5.47371395e-01  1.12201845e+02 -1.59133152e+00  1.12201845e+02 -1.56108544e+00  1.12201845e+02 -2.53546310e+00 
 1.16591440e+02 -2.47481583e+00  1.16591440e+02 -1.74079460e+00  1.16591440e+02  6.43919464e-03  1.16591440e+02 -4.91051895e+00  1.16591440e+02 -1.42314458e+00  1.16591440e+02 -1.97954578e+00  1.16591440e+02 -2.52960471e+00  1.16591440e+02  1.42623166e+00  1.16591440e+02 -4.11012961e+00  1.16591440e+02 -3.05476201e+00  1.16591440e+02 -3.12743563e+00  1.16591440e+02 -3.98452867e+00  1.16591440e+02 -8.29384220e-01  1.16591440e+02 -1.31175943e+00  1.16591440e+02 -6.65341742e-01  1.16591440e+02  4.56266895e-02  1.16591440e+02 -2.04398403e+00  1.16591440e+02 -4.73059981e-01  1.16591440e+02 -2.24871427e+00  1.16591440e+02 -1.69528834e+00  1.16591440e+02  1.59053463e+00  1.16591440e+02 -3.52973887e+00  1.16591440e+02 -3.25033499e+00  1.16591440e+02 -3.65905094e+00  1.16591440e+02 -1.27329105e+00  1.16591440e+02 -2.24636458e+00  1.16591440e+02 -6.62142178e-01  1.16591440e+02 -1.66907174e+00  1.16591440e+02 -1.67691642e+00  1.16591440e+02 -2.67873482e+00 
 1.21152766e+02 -2.61204354e+00  1.21152766e+02 -1.88226515e+00  1.21152766e+02 -8.01807603e-02  1.21152766e+02 -5.06767935e+00  1.21152766e+02 -1.58250428e+00  1.21152766e+02 -2.08074723e+00  1.21152766e+02 -2.60872968e+00  1.21152766e+02  1.32345476e+00  1.21152766e+02 -4.28429369e+00  1.21152766e+02 -3.25459744e+00  1.21152766e+02 -3.21268204e+00  1.21152766e+02 -4.12680729e+00  1.21152766e+02 -9.80883578e-01  1.21152766e+02 -1.42271189e+00  1.21152766e+02 -7.50822243e-01  1.21152766e+02 -5.41045297e-02  1.21152766e+02 -2.10950840e+00  1.21152766e+02 -5.58071171e-01  1.21152766e+02 -2.33056570e+00  1.21152766e+02 -1.79212777e+00  1.21152766e+02  1.47017380e+00  1.21152766e+02 -3.66926250e+00  1.21152766e+02 -3.36779138e+00  1.21152766e+02 -3.80830831e+00  1.21152766e+02 -1.36133306e+00  1.21152766e+02 -2.36827472e+00  1.21152766e+02 -7.82755192e-01  1.21152766e+02 -1.75148005e+00  1.21152766e+02 -1.79861354e+00  1.21152766e+02 -2.82830667e+00 
 1.25892541e+02 -2.75550622e+00  1.25892541e+02 -2.03001819e+00  1.25892541e+02 -1.71810812e-01  1.25892541e+02 -5.23122508e+00  1.25892541e+02 -1.74825458e+00  1.25892541e+02 -2.18743740e+00  1.25892541e+02 -2.69257859e+00  1.25892541e+02  1.21514358e+00  1.25892541e+02 -4.46482600e+00  1.25892541e+02 -3.46052539e+00  1.25892541e+02 -3.30288815e+00  1.25892541e+02 -4.27537651e+00  1.25892541e+02 -1.13874435e+00  1.25892541e+02 -1.53941602e+00  1.25892541e+02 -8.41271101e-01  1.25892541e+02 -1.59280860e-01  1.25892541e+02 -2.17916727e+00  1.25892541e+02 -6.48033343e-01  1.25892541e+02 -2.41724833e+00  1.25892541e+02 -1.89432350e+00  1.25892541e+02  1.34385067e+00  1.25892541e+02 -3.81504787e+00  1.25892541e+02 -3.49114953e+00  1.25892541e+02 -3.96391351e+00  1.25892541e+02 -1.45443636e+00  1.25892541e+02 -2.49617782e+00  1.25892541e+02 -9.09335578e-01  1.25892541e+02 -1.83874103e+00  1.25892541e+02 -1.92629947e+00  1.25892541e+02 -2.98422841e+00 
 1.30817747e+02 -2.90527081e+00  1.30817747e+02 -2.18410866e+00  1.30817747e+02 -2.68627007e-01  1.30817747e+02 -5.40116530e+00  1.30817747e+02 -1.92039819e+00  1.30817747e+02 -2.29976989e+00  1.30817747e+02 -2.78133500e+00  1.30817747e+02  1.10114745e+00  1.30817747e+02 -4.65168604e+00  1.30817747e+02 -3.67243675e+00  1.30817747e+02 -3.39823161e+00  1.30817747e+02 -4.43028892e+00  1.30817747e+02 -1.30299238e+00  1.30817747e+02 -1.66200558e+00  1.30817747e+02 -9.36865694e-01  1.30817747e+02 -2.70058595e-01  1.30817747e+02 -2.25314946e+00  1.30817747e+02 -7.43124405e-01  1.30817747e+02 -2.50894333e+00  1.30817747e+02 -2.00203685e+00  1.30817747e+02  1.21145350e+00  1.30817747e+02 -3.96715544e+00  1.30817747e+02 -3.62052826e+00  1.30817747e+02 -4.12589895e+00  1.30817747e+02 -1.55277527e+00  1.30817747e+02 -2.63018174e+00  1.30817747e+02 -1.04199444e+00  1.30817747e+02 -1.93103531e+00  1.30817747e+02 -2.06008262e+00  1.30817747e+02 -3.14653150e+00 
 1.35935639e+02 -3.06138652e+00  1.35935639e+02 -2.34457333e+00  1.35935639e+02 -3.70798779e-01  1.35935639e+02 -5.57749040e+00  1.35935639e+02 -2.09891901e+00  1.35935639e+02 -2.41788759e+00  1.35935639e+02 -2.87517806e+00  1.35935639e+02  9.81326915e-01  1.35935639e+02 -4.84481527e+00  1.35935639e+02 -3.89020824e+00  1.35935639e+02 -3.49888385e+00  1.35935639e+02 -4.59157895e+00  1.35935639e+02 -1.47363476e+00  1.35935639e+02 -1.79060119e+00  1.35935639e+02 -1.03777712e+00  1.35935639e+02 -3.86583679e-01  1.35935639e+02 -2.33164338e+00  1.35935639e+02 -8.43516124e-01  1.35935639e+02 -2.60582669e+00  1.35935639e+02 -2.11541957e+00  1.35935639e+02  1.07288574e+00  1.35935639e+02 -4.12562771e+00  1.35935639e+02 -3.75603178e+00  1.35935639e+02 -4.29427839e+00  1.35935639e+02 -1.65651703e+00  1.35935639e+02 -2.77037888e+00  1.35935639e+02 -1.18082766e+00  1.35935639e+02 -2.02853816e+00  1.35935639e+02 -2.20005594e+00  1.35935639e+02 -3.31522879e+00 
 1.41253754e+02 -3.22388425e+00  1.41253754e+02 -2.51143041e+00  1.41253754e+02 -4.78487477e-01  1.41253754e+02 -5.76017205e+00  1.41253754e+02 -2.28378235e+00  1.41253754e+02 -2.54192118e+00  1.41253754e+02 -2.97428115e+00  1.41253754e+02  8.55555027e-01  1.41253754e+02 -5.04413781e+00  1.41253754e+02 -4.11370365e+00  1.41253754e+02 -3.60500864e+00  1.41253754e+02 -4.75926238e+00  1.41253754e+02 -1.65065982e+00  1.41253754e+02 -1.92530899e+00  1.41253754e+02 -1.14416875e+00  1.41253754e+02 -5.08990275e-01  1.41253754e+02 -2.41483590e+00  1.41253754e+02 -9.49372674e-01  1.41253754e+02 -2.70806773e+00  1.41253754e+02 -2.23461239e+00  1.41253754e+02  9.28067083e-01  1.41253754e+02 -4.29048872e+00  1.41253754e+02 -3.89774854e+00  1.41253754e+02 -4.46904678e+00  1.41253754e+02 -1.76582040e+00  1.41253754e+02 -2.91684515e+00  1.41253754e+02 -1.32591483e+00  1.41253754e+02 -2.13141805e+00  1.41253754e+02 -2.34629596e+00  1.41253754e+02 -3.49031428e+00 
 1.46779927e+02 -3.39277627e+00  1.46779927e+02 -2.68467936e+00  1.46779927e+02 -5.91844896e-01  1.46779927e+02 -5.94916359e+00  1.46779927e+02 -2.47493531e+00  1.46779927e+02 -2.67198791e+00  1.46779927e+02 -3.07881041e+00  1.46779927e+02  7.23718727e-01  1.46779927e+02 -5.24956130e+00  1.46779927e+02 -4.34277520e+00  1.46779927e+02 -3.71676060e+00  1.46779927e+02 -4.93333622e+00  1.46779927e+02 -1.83403719e+00  1.46779927e+02 -2.06621954e+00  1.46779927e+02 -1.25619472e+00  1.46779927e+02 -6.37399412e-01  1.46779927e+02 -2.50291106e+00  1.46779927e+02 -1.06084915e+00  1.46779927e+02 -2.81582769e+00  1.46779927e+02 -2.35974366e+00  1.46779927e+02  7.76934370e-01  1.46779927e+02 -4.46174379e+00  1.46779927e+02 -4.04575030e+00  1.46779927e+02 -4.65018035e+00  1.46779927e+02 -1.88083417e+00  1.46779927e+02 -3.06963908e+00  1.46779927e+02 -1.47731836e+00  1.46779927e+02 -2.23983516e+00  1.46779927e+02 -2.49886186e+00  1.46779927e+02 -3.67176330e+00 
 1.52522296e+02 -3.56805602e+00  1.52522296e+02 -2.86430084e+00  1.52522296e+02 -7.11011831e-01  1.52522296e+02 -6.14440052e+00  1.52522296e+02 -2.67230743e+00  1.52522296e+02 -2.80819023e+00  1.52522296e+02 -3.18892325e+00  1.52522296e+02  5.85720028e-01  1.52522296e+02 -5.46097786e+00  1.52522296e+02 -4.57726503e+00  1.52522296e+02 -3.83428377e+00  1.52522296e+02 -5.11377874e+00  1.52522296e+02 -2.02371823e+00  1.52522296e+02 -2.21340681e+00  1.52522296e+02 -1.37399852e+00  1.52522296e+02 -7.71917704e-01  1.52522296e+02 -2.59604871e+00  1.52522296e+02 -1.17809013e+00  1.52522296e+02 -2.92925824e+00  1.52522296e+02 -2.49092798e+00  1.52522296e+02  6.19442301e-01  1.52522296e+02 -4.63937942e+00  1.52522296e+02 -4.20009128e+00  1.52522296e+02 -4.83763686e+00  1.52522296e+02 -2.00169569e+00  1.52522296e+02 -3.22880121e+00  1.52522296e+02 -1.63508278e+00  1.52522296e+02 -2.35393995e+00  1.52522296e+02 -2.65779480e+00  1.52522296e+02 -3.85953268e+00 
 1.58489319e+02 -3.74969825e+00  1.58489319e+02 -3.05025696e+00  1.58489319e+02 -8.36116674e-01  1.58489319e+02 -6.34580127e+00  1.58489319e+02 -2.87581144e+00  1.58489319e+02 -2.95061477e+00  1.58489319e+02 -3.30476689e+00  1.58489319e+02  4.41477091e-01  1.58489319e+02 -5.67826536e+00  1.58489319e+02 -4.81700662e+00  1.58489319e+02 -3.95771014e+00  1.58489319e+02 -5.30054968e+00  1.58489319e+02 -2.21963652e+00  1.58489319e+02 -2.36692730e+00  1.58489319e+02 -1.49771154e+00  1.58489319e+02 -9.12636206e-01  1.58489319e+02 -2.69442310e+00  1.58489319e+02 -1.30122823e+00  1.58489319e+02 -3.04850002e+00  1.58489319e+02 -2.62826499e+00  1.58489319e+02  4.55563970e-01  1.58489319e+02 -4.82336349e+00  1.58489319e+02 -4.36080753e+00  1.58489319e+02 -5.03135612e+00  1.58489319e+02 -2.12852955e+00  1.58489319e+02 -3.39435356e+00  1.58489319e+02 -1.79923420e+00  1.58489319e+02 -2.47387167e+00  1.58489319e+02 -2.82311751e+00  1.58489319e+02 -4.05356136e+00 
 1.64689787e+02 -3.93765925e+00  1.64689787e+02 -3.24249176e+00  1.64689787e+02 -9.67274091e-01  1.64689787e+02 -6.55326809e+00  1.64689787e+02 -3.08534426e+00  1.64689787e+02 -3.09933134e+00  1.64689787e+02 -3.42647697e+00  1.64689787e+02  2.90925150e-01  1.64689787e+02 -5.90128859e+00  1.64689787e+02 -5.06182628e+00  1.64689787e+02 -4.08715837e+00  1.64689787e+02 -5.49359077e+00  1.64689787e+02 -2.42170865e+00  1.64689787e+02 -2.52681944e+00  1.64689787e+02 -1.62745176e+00  1.64689787e+02 -1.05962940e+00  1.64689787e+02 -2.79820143e+00  1.64689787e+02 -1.43038278e+00  1.64689787e+02 -3.17368125e+00  1.64689787e+02 -2.77183831e+00  1.64689787e+02  2.85291177e-01  1.64689787e+02 -5.01364562e+00  1.64689787e+02 -4.52791653e+00  1.64689787e+02 -5.23126064e+00  1.64689787e+02 -2.26144623e+00  1.64689787e+02 -3.56629941e+00  1.64689787e+02 -1.96978000e+00  1.64689787e+02 -2.59975701e+00  1.64689787e+02 -2.99483393e+00  1.64689787e+02 -4.25377100e+00 
 1.71132830e+02 -4.13187740e+00  1.71132830e+02 -3.44093178e+00  1.71132830e+02 -1.10458380e+00  1.71132830e+02 -6.76668815e+00  1.71132830e+02 -3.30078814e+00  1.71132830e+02 -3.25439212e+00  1.71132830e+02 -3.55417611e+00  1.71132830e+02  1.34017245e-01  1.71132830e+02 -6.12990072e+00  1.71132830e+02 -5.31154460e+00  1.71132830e+02 -4.22273248e+00  1.71132830e+02 -5.69282635e+00  1.71132830e+02 -2.62983519e+00  1.71132830e+02 -2.69310314e+00  1.71132830e+02 -1.76332247e+00  1.71132830e+02 -1.21295434e+00  1.71132830e+02 -2.90754239e+00  1.71132830e+02 -1.56565854e+00  1.71132830e+02 -3.30491643e+00  1.71132830e+02 -2.92171456e+00  1.71132830e+02  1.08634524e-01  1.71132830e+02 -5.21015773e+00  1.71132830e+02 -4.70141699e+00  1.71132830e+02 -5.43725652e+00  1.71132830e+02 -2.40054095e+00  1.71132830e+02 -3.74462325e+00  1.71132830e+02 -2.14670880e+00  1.71132830e+02 -2.73170874e+00  1.71132830e+02 -3.17292921e+00  1.71132830e+02 -4.46006694e+00 
 1.77827941e+02 -4.33227388e+00  1.77827941e+02 -3.64548696e+00  1.77827941e+02 -1.24812948e+00  1.77827941e+02 -6.98593472e+00  1.77827941e+02 -3.52201186e+00  1.77827941e+02 -3.41583109e+00  1.77827941e+02 -3.68797268e+00  1.77827941e+02 -2.92752329e-02  1.77827941e+02 -6.36394464e+00  1.77827941e+02 -5.56597786e+00  1.77827941e+02 -4.36452075e+00  1.77827941e+02 -5.89816430e+00  1.77827941e+02 -2.84390170e+00  1.77827941e+02 -2.86577952e+00  1.77827941e+02 -1.90541118e+00  1.77827941e+02 -1.37265004e+00  1.77827941e+02 -3.02259471e+00  1.77827941e+02 -1.70714457e+00  1.77827941e+02 -3.44230507e+00  1.77827941e+02 -3.07794263e+00  1.77827941e+02 -7.43767072e-02  1.77827941e+02 -5.41281483e+00  1.77827941e+02 -4.88128883e+00  1.77827941e+02 -5.64923452e+00  1.77827941e+02 -2.54589259e+00  1.77827941e+02 -3.92929096e+00  1.77827941e+02 -2.32999051e+00  1.77827941e+02 -2.86982458e+00  1.77827941e+02 -3.35736991e+00  1.77827941e+02 -4.67233918e+00 
 1.84784980e+02 -4.53875352e+00  1.84784980e+02 -3.85605159e+00  1.84784980e+02 -1.39797784e+00  1.84784980e+02 -7.21086852e+00  1.84784980e+02 -3.74887211e+00  1.84784980e+02 -3.58366361e+00  1.84784980e+02 -3.82795962e+00  1.84784980e+02 -1.98962204e-01  1.84784980e+02 -6.60325452e+00  1.84784980e+02 -5.82493938e+00  1.84784980e+02 -4.51259475e+00  1.84784980e+02 -6.10949696e+00  1.84784980e+02 -3.06378001e+00  1.84784980e+02 -3.04483092e+00  1.84784980e+02 -2.05378860e+00  1.84784980e+02 -1.53873695e+00  1.84784980e+02 -3.14349565e+00  1.84784980e+02 -1.85491326e+00  1.84784980e+02 -3.58593064e+00  1.84784980e+02 -3.24055311e+00  1.84784980e+02 -2.63694901e-01  1.84784980e+02 -5.62151599e+00  1.84784980e+02 -5.06749346e+00  1.84784980e+02 -5.86707118e+00  1.84784980e+02 -2.69756284e+00  1.84784980e+02 -4.12025019e+00  1.84784980e+02 -2.51957675e+00  1.84784980e+02 -3.01418604e+00  1.84784980e+02 -3.54810432e+00  1.84784980e+02 -4.89046360e+00 
 1.92014194e+02 -4.75120589e+00  1.92014194e+02 -4.07250549e+00  1.92014194e+02 -1.55417784e+00  1.92014194e+02 -7.44133905e+00  1.92014194e+02 -3.98121488e+00  1.92014194e+02 -3.75788626e+00  1.92014194e+02 -3.97421340e+00  1.92014194e+02 -3.75034786e-01  1.92014194e+02 -6.84765720e+00  1.92014194e+02 -6.08824083e+00  1.92014194e+02 -4.66700848e+00  1.92014194e+02 -6.32670236e+00  1.92014194e+02 -3.28932954e+00  1.92014194e+02 -3.23022111e+00  1.92014194e+02 -2.20850790e+00  1.92014194e+02 -1.71121679e+00  1.92014194e+02 -3.27036972e+00  1.92014194e+02 -2.00901948e+00  1.92014194e+02 -3.73585962e+00  1.92014194e+02 -3.40955791e+00  1.92014194e+02 -4.59254655e-01  1.92014194e+02 -5.83614541e+00  1.92014194e+02 -5.25997418e+00  1.92014194e+02 -6.09063015e+00  1.92014194e+02 -2.85559544e+00  1.92014194e+02 -4.31743102e+00  1.92014194e+02 -2.71540137e+00  1.92014194e+02 -3.16485755e+00  1.92014194e+02 -3.74506314e+00  1.92014194e+02 -5.11430324e+00 
 1.99526231e+02 -4.96950645e+00  1.99526231e+02 -4.29471526e+00  1.99526231e+02 -1.71676016e+00  1.99526231e+02 -7.67718610e+00  1.99526231e+02 -4.21887694e+00  1.99526231e+02 -3.93847684e+00  1.99526231e+02 -4.12679316e+00  1.99526231e+02 -5.57465401e-01  1.99526231e+02 -7.09697370e+00  1.99526231e+02 -6.35569340e+00  1.99526231e+02 -4.82779778e+00  1.99526231e+02 -6.54964550e+00  1.99526231e+02 -3.52039866e+00  1.99526231e+02 -3.42189572e+00  1.99526231e+02 -2.36960403e+00  1.99526231e+02 -1.89007247e+00  1.99526231e+02 -3.40332730e+00  1.99526231e+02 -2.16949997e+00  1.99526231e+02 -3.89214075e+00  1.99526231e+02 -3.58495017e+00  1.99526231e+02 -6.60973531e-01  1.99526231e+02 -6.05657368e+00  1.99526231e+02 -5.45865690e+00  1.99526231e+02 -6.31976355e+00  1.99526231e+02 -3.02001573e+00  1.99526231e+02 -4.52074669e+00  1.99526231e+02 -2.91738123e+00  1.99526231e+02 -3.32188574e+00  1.99526231e+02 -3.94816018e+00  1.99526231e+02 -5.34370968e+00 
 2.07332157e+02 -5.19351787e+00  2.07332157e+02 -4.52253563e+00  2.07332157e+02 -1.88573679e+00  2.07332157e+02 -7.91824119e+00  2.07332157e+02 -4.46168730e+00  2.07332157e+02 -4.12539469e+00  2.07332157e+02 -4.28574005e+00  2.07332157e+02 -7.46208091e-01  2.07332157e+02 -7.35102059e+00  2.07332157e+02 -6.62710890e+00  2.07332157e+02 -4.99497993e+00  2.07332157e+02 -6.77817968e+00  2.07332157e+02 -3.75682616e+00  2.07332157e+02 -3.61978283e+00  2.07332157e+02 -2.53709336e+00  2.07332157e+02 -2.07526834e+00  2.07332157e+02 -3.54246349e+00  2.07332157e+02 -2.33637290e+00  2.07332157e+02 -4.05480447e+00  2.07332157e+02 -3.76670429e+00  2.07332157e+02 -8.68752972e-01  2.07332157e+02 -6.28265907e+00  2.07332157e+02 -5.66345089e+00  2.07332157e+02 -6.55431339e+00  2.07332157e+02 -3.19083031e+00  2.07332157e+02 -4.73009459e+00  2.07332157e+02 -3.12541710e+00  2.07332157e+02 -3.48529886e+00  2.07332157e+02 -4.15729341e+00  2.07332157e+02 -5.57852448e+00 
 2.15443469e+02 -5.42309140e+00  2.15443469e+02 -4.75581089e+00  2.15443469e+02 -2.06110095e+00  2.15443469e+02 -8.16432902e+00  2.15443469e+02 -4.70946864e+00  2.15443469e+02 -4.31858112e+00  2.15443469e+02 -4.45107673e+00  2.15443469e+02 -9.41199057e-01  2.15443469e+02 -7.60961142e+00  2.15443469e+02 -6.90230080e+00  2.15443469e+02 -5.16855341e+00  2.15443469e+02 -7.01214795e+00  2.15443469e+02 -3.99844275e+00  2.15443469e+02 -3.82379382e+00  2.15443469e+02 -2.71097348e+00  2.15443469e+02 -2.26675055e+00  2.15443469e+02 -3.68785708e+00  2.15443469e+02 -2.50963767e+00  2.15443469e+02 -4.22386253e+00  2.15443469e+02 -3.95477625e+00  2.15443469e+02 -1.08247939e+00  2.15443469e+02 -6.51424900e+00  2.15443469e+02 -5.87424987e+00  2.15443469e+02 -6.79411308e+00  2.15443469e+02 -3.36802698e+00  2.15443469e+02 -4.94535739e+00  2.15443469e+02 -3.33939478e+00  2.15443469e+02 -3.65510648e+00  2.15443469e+02 -4.37234600e+00  2.15443469e+02 -5.81858064e+00 
 2.23872114e+02 -5.65806833e+00  2.23872114e+02 -4.99437636e+00  2.23872114e+02 -2.24282712e+00  2.23872114e+02 -8.41526895e+00  2.23872114e+02 -4.96203882e+00  2.23872114e+02 -4.51796009e+00  2.23872114e+02 -4.62280710e+00  2.23872114e+02 -1.14235738e+00  2.23872114e+02 -7.87255792e+00  2.23872114e+02 -7.18108506e+00  2.23872114e+02 -5.34849794e+00  2.23872114e+02 -7.25138457e+00  2.23872114e+02 -4.24507248e+00  2.23872114e+02 -4.03382435e+00  2.23872114e+02 -2.89122320e+00  2.23872114e+02 -2.46444774e+00  2.23872114e+02 -3.83956963e+00  2.23872114e+02 -2.68927489e+00  2.23872114e+02 -4.39930792e+00  2.23872114e+02 -4.14910412e+00  2.23872114e+02 -1.30202538e+00  2.23872114e+02 -6.75118141e+00  2.23872114e+02 -6.09093311e+00  2.23872114e+02 -7.03898886e+00  2.23872114e+02 -3.55157491e+00  2.23872114e+02 -5.16640429e+00  2.23872114e+02 -3.55918630e+00  2.23872114e+02 -3.83129937e+00  2.23872114e+02 -4.59318759e+00  2.23872114e+02 -6.06370409e+00 
 2.32630507e+02 -5.89828142e+00  2.32630507e+02 -5.23805985e+00  2.32630507e+02 -2.43087137e+00  2.32630507e+02 -8.67087637e+00  2.32630507e+02 -5.21921218e+00  2.32630507e+02 -4.72343908e+00  2.32630507e+02 -4.80091629e+00  2.32630507e+02 -1.34958595e+00  2.32630507e+02 -8.13967128e+00  2.32630507e+02 -7.46328098e+00  2.32630507e+02 -5.53477471e+00  2.32630507e+02 -7.49571648e+00  2.32630507e+02 -4.49653419e+00  2.32630507e+02 -4.24975549e+00  2.32630507e+02 -3.07780283e+00  2.32630507e+02 -2.66827177e+00  2.32630507e+02 -3.99764476e+00  2.32630507e+02 -2.87524665e+00  2.32630507e+02 -4.58111487e+00  2.32630507e+02 -4.34960878e+00  2.32630507e+02 -1.52725102e+00  2.32630507e+02 -6.99328631e+00  2.32630507e+02 -6.31336671e+00  2.32630507e+02 -7.28876125e+00  2.32630507e+02 -3.74142494e+00  2.32630507e+02 -5.39309232e+00  2.32630507e+02 -3.78465123e+00  2.32630507e+02 -4.01384959e+00  2.32630507e+02 -4.81967564e+00  2.32630507e+02 -6.31371511e+00 
 2.41731548e+02 -6.14355639e+00  2.41731548e+02 -5.48668312e+00  2.41731548e+02 -2.62517184e+00  2.41731548e+02 -8.93096408e+00  2.41731548e+02 -5.48080089e+00  2.41731548e+02 -4.93491009e+00  2.41731548e+02 -4.98537080e+00  2.41731548e+02 -1.56277250e+00  2.41731548e+02 -8.41076323e+00  2.41731548e+02 -7.74871187e+00  2.41731548e+02 -5.72732682e+00  2.41731548e+02 -7.74496478e+00  2.41731548e+02 -4.75264294e+00  2.41731548e+02 -4.47145496e+00  2.41731548e+02 -3.27065464e+00  2.41731548e+02 -2.87811878e+00  2.41731548e+02 -4.16210768e+00  2.41731548e+02 -3.06749692e+00  2.41731548e+02 -4.76923922e+00  2.41731548e+02 -4.55619478e+00  2.41731548e+02 -1.75800529e+00  2.41731548e+02 -7.24038717e+00  2.41731548e+02 -6.54140496e+00  2.41731548e+02 -7.54324648e+00  2.41731548e+02 -3.93751018e+00  2.41731548e+02 -5.62526779e+00  2.41731548e+02 -4.01563813e+00  2.41731548e+02 -4.20271084e+00  2.41731548e+02 -5.05165683e+00  2.41731548e+02 -6.56842976e+00 
 2.51188643e+02 -6.39371339e+00  2.51188643e+02 -5.74006330e+00  2.51188643e+02 -2.82564948e+00  2.51188643e+02 -9.19534350e+00  2.51188643e+02 -5.74661621e+00  2.51188643e+02 -5.15225085e+00  2.51188643e+02 -5.17611889e+00  2.51188643e+02 -1.78179084e+00  2.51188643e+02 -8.68564706e+00  2.51188643e+02 -8.03720561e+00  2.51188643e+02 -5.92607998e+00  2.51188643e+02 -7.99894609e+00  2.51188643e+02 -5.01321131e+00  2.51188643e+02 -4.69877851e+00  2.51188643e+02 -3.46970349e+00  2.51188643e+02 -3.09387026e+00  2.51188643e+02 -4.33296487e+00  2.51188643e+02 -3.26595221e+00  2.51188643e+02 -4.96361889e+00  2.51188643e+02 -4.76875143e+00  2.51188643e+02 -1.99412751e+00  2.51188643e+02 -7.49230244e+00  2.51188643e+02 -6.77489178e+00  2.51188643e+02 -7.80225788e+00  2.51188643e+02 -4.13974681e+00  2.51188643e+02 -5.86276772e+00  2.51188643e+02 -4.25198591e+00  2.51188643e+02 -4.39781900e+00  2.51188643e+02 -5.28896847e+00  2.51188643e+02 -6.82766122e+00 
 2.61015722e+02 -6.64856836e+00  2.61015722e+02 -5.99801428e+00  2.61015722e+02 -3.03220891e+00  2.61015722e+02 -9.46382587e+00  2.61015722e+02 -6.01646957e+00  2.61015722e+02 -5.37532605e+00  2.61015722e+02 -5.37309122e+00  2.61015722e+02 -2.00650213e+00  2.61015722e+02 -8.96413849e+00  2.61015722e+02 -8.32859514e+00  2.61015722e+02 -6.13094329e+00  2.61015722e+02 -8.25747398e+00  2.61015722e+02 -5.27805064e+00  2.61015722e+02 -4.93157129e+00  2.61015722e+02 -3.67485773e+00  2.61015722e+02 -3.31539433e+00  2.61015722e+02 -4.51020402e+00  2.61015722e+02 -3.47052241e+00  2.61015722e+02 -5.16417462e+00  2.61015722e+02 -4.98715395e+00  2.61015722e+02 -2.23544880e+00  2.61015722e+02 -7.74884687e+00  2.61015722e+02 -7.01366216e+00  2.61015722e+02 -8.06560707e+00  2.61015722e+02 -4.34803494e+00  2.61015722e+02 -6.10542134e+00  2.61015722e+02 -4.49352539e+00  2.61015722e+02 -4.59909283e+00  2.61015722e+02 -5.53144005e+00  2.61015722e+02 -7.09122111e+00 
 2.71227258e+02 -6.90793444e+00  2.71227258e+02 -6.26034798e+00  2.71227258e+02 -3.24473952e+00  2.71227258e+02 -9.73622336e+00  2.71227258e+02 -6.29017365e+00  2.71227258e+02 -5.60398874e+00  2.71227258e+02 -5.57620157e+00  2.71227258e+02 -2.23675632e+00  2.71227258e+02 -9.24605653e+00  2.71227258e+02 -8.62271888e+00  2.71227258e+02 -6.34181028e+00  2.71227258e+02 -8.52036021e+00  2.71227258e+02 -5.54697223e+00  2.71227258e+02 -5.16966938e+00  2.71227258e+02 -3.88601017e+00  2.71227258e+02 -3.54254708e+00  2.71227258e+02 -4.69379415e+00  2.71227258e+02 -3.68110179e+00  2.71227258e+02 -5.37081084e+00  2.71227258e+02 -5.21126480e+00  2.71227258e+02 -2.48179355e+00  2.71227258e+02 -8.00983285e+00  2.71227258e+02 -7.25754364e+00  2.71227258e+02 -8.33310526e+00  2.71227258e+02 -4.56225976e+00  2.71227258e+02 -6.35305152e+00  2.71227258e+02 -4.74008070e+00  2.71227258e+02 -4.80643492e+00  2.71227258e+02 -5.77889465e+00  2.71227258e+02 -7.35892062e+00 
 2.81838293e+02 -7.17162318e+00  2.81838293e+02 -6.52687560e+00  2.81838293e+02 -3.46311657e+00  2.81838293e+02 -1.00123500e+01  2.81838293e+02 -6.56754333e+00  2.81838293e+02 -5.83808176e+00  2.81838293e+02 -5.78534786e+00  2.81838293e+02 -2.47239354e+00  2.81838293e+02 -9.53122410e+00  2.81838293e+02 -8.91942101e+00  2.81838293e+02 -6.55856007e+00  2.81838293e+02 -8.78741598e+00  2.81838293e+02 -5.81978840e+00  2.81838293e+02 -5.41290119e+00  2.81838293e+02 -4.10303926e+00  2.81838293e+02 -3.77517397e+00  2.81838293e+02 -4.88368599e+00  2.81838293e+02 -3.89757012e+00  2.81838293e+02 -5.58341671e+00  2.81838293e+02 -5.44093505e+00  2.81838293e+02 -2.73298088e+00  2.81838293e+02 -8.27507170e+00  2.81838293e+02 -7.50635777e+00  2.81838293e+02 -8.60456428e+00  2.81838293e+02 -4.78229277e+00  2.81838293e+02 -6.60547623e+00  2.81838293e+02 -4.99147078e+00  2.81838293e+02 -5.01973274e+00  2.81838293e+02 -6.03115038e+00  2.81838293e+02 -7.63057163e+00 
 2.92864456e+02 -7.43944580e+00  2.92864456e+02 -6.79740873e+00  2.92864456e+02 -3.68720259e+00  2.92864456e+02 -1.02920225e+01  2.92864456e+02 -6.84839649e+00  2.92864456e+02 -6.07743916e+00  2.92864456e+02 -6.00041323e+00  2.92864456e+02 -2.71324561e+00  2.92864456e+02 -9.81946870e+00  2.92864456e+02 -9.21855169e+00  2.92864456e+02 -6.78105862e+00  2.92864456e+02 -9.05845299e+00  2.92864456e+02 -6.09631341e+00  2.92864456e+02 -5.66108898e+00  2.92864456e+02 -4.32581036e+00  2.92864456e+02 -4.01311134e+00  2.92864456e+02 -5.07981255e+00  2.92864456e+02 -4.11979397e+00  2.92864456e+02 -5.80186736e+00  2.92864456e+02 -5.67600581e+00  2.92864456e+02 -2.98882602e+00  2.92864456e+02 -8.54437476e+00  2.92864456e+02 -7.75992154e+00  2.92864456e+02 -8.87979760e+00  2.92864456e+02 -5.00799303e+00  2.92864456e+02 -6.86250991e+00  2.92864456e+02 -5.24751070e+00  2.92864456e+02 -5.23885984e+00  2.92864456e+02 -6.28802179e+00  2.92864456e+02 -7.90598774e+00 
 3.04321989e+02 -7.71121422e+00  3.04321989e+02 -7.07176037e+00  3.04321989e+02 -3.91684869e+00  3.04321989e+02 -1.05750611e+01  3.04321989e+02 -7.13255474e+00  3.04321989e+02 -6.32188775e+00  3.04321989e+02 -6.22126732e+00  3.04321989e+02 -2.95913748e+00  3.04321989e+02 -1.01106228e+01  3.04321989e+02 -9.51996725e+00  3.04321989e+02 -7.00916009e+00  3.04321989e+02 -9.33328450e+00  3.04321989e+02 -6.37636437e+00  3.04321989e+02 -5.91405022e+00  3.04321989e+02 -4.55417710e+00  3.04321989e+02 -4.25618781e+00  3.04321989e+02 -5.28208988e+00  3.04321989e+02 -4.34762805e+00  3.04321989e+02 -6.02602515e+00  3.04321989e+02 -5.91630972e+00  3.04321989e+02 -3.24914166e+00  3.04321989e+02 -8.81755449e+00  3.04321989e+02 -8.01804872e+00  3.04321989e+02 -9.15862124e+00  3.04321989e+02 -5.23920866e+00  3.04321989e+02 -7.12396478e+00  3.04321989e+02 -5.50801309e+00  3.04321989e+02 -5.46367716e+00  3.04321989e+02 -6.54932116e+00  3.04321989e+02 -8.18498509e+00 
 3.16227766e+02 -7.98674209e+00  3.16227766e+02 -7.34974585e+00  3.16227766e+02 -4.15189602e+00  3.16227766e+02 -1.08612903e+01  3.16227766e+02 -7.41984409e+00  3.16227766e+02 -6.57124849e+00  3.16227766e+02 -6.44776755e+00  3.16227766e+02 -3.20988868e+00  3.16227766e+02 -1.04045244e+01  3.16227766e+02 -9.82353024e+00  3.16227766e+02 -7.24270829e+00  3.16227766e+02 -9.61172620e+00  3.16227766e+02 -6.65976197e+00  3.16227766e+02 -6.17159904e+00  3.16227766e+02 -4.78798284e+00  3.16227766e+02 -4.50422579e+00  3.16227766e+02 -5.49041799e+00  3.16227766e+02 -4.58091663e+00  3.16227766e+02 -6.25574106e+00  3.16227766e+02 -6.16167239e+00  3.16227766e+02 -3.51373918e+00  3.16227766e+02 -9.09442539e+00  3.16227766e+02 -8.28055120e+00  3.16227766e+02 -9.44085453e+00  3.16227766e+02 -5.47577822e+00  3.16227766e+02 -7.38965209e+00  3.16227766e+02 -5.77278929e+00  3.16227766e+02 -5.69403444e+00  3.16227766e+02 -6.81485975e+00  3.16227766e+02 -8.46738322e+00 
 3.28599325e+02 -8.26584566e+00  3.28599325e+02 -7.63118364e+00  3.28599325e+02 -4.39217725e+00  3.28599325e+02 -1.11505391e+01  3.28599325e+02 -7.71009539e+00  3.28599325e+02 -6.82533793e+00  3.28599325e+02 -6.67976056e+00  3.28599325e+02 -3.46531476e+00  3.28599325e+02 -1.07010172e+01  3.28599325e+02 -1.01291095e+01  3.28599325e+02 -7.48153812e+00  3.28599325e+02 -9.89359703e+00  3.28599325e+02 -6.94633112e+00  3.28599325e+02 -6.43354749e+00  3.28599325e+02 -5.02706207e+00  3.28599325e+02 -4.75704291e+00  3.28599325e+02 -5.70468198e+00  3.28599325e+02 -4.81949500e+00  3.28599325e+02 -6.49085612e+00  3.28599325e+02 -6.41191386e+00  3.28599325e+02 -3.78242986e+00  3.28599325e+02 -9.37480489e+00  3.28599325e+02 -8.54724016e+00  3.28599325e+02 -9.72632082e+00  3.28599325e+02 -5.71753220e+00  3.28599325e+02 -7.65938327e+00  3.28599325e+02 -6.04165060e+00  3.28599325e+02 -5.92977166e+00  3.28599325e+02 -7.08444897e+00  3.28599325e+02 -8.75300568e+00 
 3.41454887e+02 -8.54834457e+00  3.41454887e+02 -7.91589610e+00  3.41454887e+02 -4.63751802e+00  3.41454887e+02 -1.14426420e+01  3.41454887e+02 -8.00314484e+00  3.41454887e+02 -7.08396958e+00  3.41454887e+02 -6.91708366e+00  3.41454887e+02 -3.72522856e+00  3.41454887e+02 -1.09999508e+01  3.41454887e+02 -1.04365801e+01  3.41454887e+02 -7.72547704e+00  3.41454887e+02 -1.01787199e+01  3.41454887e+02 -7.23590149e+00  3.41454887e+02 -6.69970680e+00  3.41454887e+02 -5.27124195e+00  3.41454887e+02 -5.01445336e+00  3.41454887e+02 -5.92475325e+00  3.41454887e+02 -5.06319096e+00  3.41454887e+02 -6.73120289e+00  3.41454887e+02 -6.66685003e+00  3.41454887e+02 -4.05502592e+00  3.41454887e+02 -9.65851405e+00  3.41454887e+02 -8.81792723e+00  3.41454887e+02 -1.00148480e+01  3.41454887e+02 -5.96429450e+00  3.41454887e+02 -7.93297095e+00  3.41454887e+02 -6.31440931e+00  3.41454887e+02 -6.17072048e+00  3.41454887e+02 -7.35790138e+00  3.41454887e+02 -9.04168066e+00 
 3.54813389e+02 -8.83406251e+00  3.54813389e+02 -8.20371001e+00  3.54813389e+02 -4.88773840e+00  3.54813389e+02 -1.17374388e+01  3.54813389e+02 -8.29883427e+00  3.54813389e+02 -7.34695517e+00  3.54813389e+02 -7.15956632e+00  3.54813389e+02 -3.98944156e+00  3.54813389e+02 -1.13011810e+01  3.54813389e+02 -1.07458233e+01  3.54813389e+02 -7.97434654e+00  3.54813389e+02 -1.04669222e+01  3.54813389e+02 -7.52830800e+00  3.54813389e+02 -6.96988846e+00  3.54813389e+02 -5.52034370e+00  3.54813389e+02 -5.27626925e+00  3.54813389e+02 -6.15049080e+00  3.54813389e+02 -5.31182624e+00  3.54813389e+02 -6.97660695e+00  3.54813389e+02 -6.92629399e+00  3.54813389e+02 -4.33134150e+00  3.54813389e+02 -9.94537821e+00  3.54813389e+02 -9.09242549e+00  3.54813389e+02 -1.03062692e+01  3.54813389e+02 -6.21588385e+00  3.54813389e+02 -8.21022991e+00  3.54813389e+02 -6.59087965e+00  3.54813389e+02 -6.41670574e+00  3.54813389e+02 -7.63503168e+00  3.54813389e+02 -9.33324143e+00 
 3.68694506e+02 -9.12282780e+00  3.68694506e+02 -8.49445714e+00  3.68694506e+02 -5.14265429e+00  3.68694506e+02 -1.20347750e+01  3.68694506e+02 -8.59701145e+00  3.68694506e+02 -7.61410590e+00  3.68694506e+02 -7.40703161e+00  3.68694506e+02 -4.25776499e+00  3.68694506e+02 -1.16045699e+01  3.68694506e+02 -1.10567265e+01  3.68694506e+02 -8.22796356e+00  3.68694506e+02 -1.07580363e+01  3.68694506e+02 -7.82339113e+00  3.68694506e+02 -7.24390532e+00  3.68694506e+02 -5.77418409e+00  3.68694506e+02 -5.54230180e+00  3.68694506e+02 -6.38174268e+00  3.68694506e+02 -5.56521797e+00  3.68694506e+02 -7.22688829e+00  3.68694506e+02 -7.19005729e+00  3.68694506e+02 -4.61119351e+00  3.68694506e+02 -1.02352275e+01  3.68694506e+02 -9.37055036e+00  3.68694506e+02 -1.06004228e+01  3.68694506e+02 -6.47211522e+00  3.68694506e+02 -8.49097793e+00  3.68694506e+02 -6.87087868e+00  3.68694506e+02 -6.66754689e+00  3.68694506e+02 -7.91565752e+00  3.68694506e+02 -9.62752673e+00 
 3.83118685e+02 -9.41447389e+00  3.83118685e+02 -8.78797462e+00  3.83118685e+02 -5.40207880e+00  3.83118685e+02 -1.23345026e+01  3.83118685e+02 -8.89753020e+00  3.83118685e+02 -7.88523349e+00  3.83118685e+02 -7.65929763e+00  3.83118685e+02 -4.53001094e+00  3.83118685e+02 -1.19099858e+01  3.83118685e+02 -1.13691831e+01  3.83118685e+02 -8.48614185e+00  3.83118685e+02 -1.10519002e+01  3.83118685e+02 -8.12099722e+00  3.83118685e+02 -7.52157245e+00  3.83118685e+02 -6.03257675e+00  3.83118685e+02 -5.81236249e+00  3.83118685e+02 -6.61834737e+00  3.83118685e+02 -5.82318004e+00  3.83118685e+02 -7.48186279e+00  3.83118685e+02 -7.45795114e+00  3.83118685e+02 -4.89440242e+00  3.83118685e+02 -1.05278975e+01  3.83118685e+02 -9.65212049e+00  3.83118685e+02 -1.08971531e+01  3.83118685e+02 -6.73280112e+00  3.83118685e+02 -8.77503651e+00  3.83118685e+02 -7.15422703e+00  3.83118685e+02 -6.92305940e+00  3.83118685e+02 -8.19960026e+00  3.83118685e+02 -9.92438112e+00 
 3.98107171e+02 -9.70883971e+00  3.98107171e+02 -9.08410532e+00  3.98107171e+02 -5.66582349e+00  3.98107171e+02 -1.26364793e+01  3.98107171e+02 -9.20025060e+00  3.98107171e+02 -8.16015125e+00  3.98107171e+02 -7.91617891e+00  3.98107171e+02 -4.80599333e+00  3.98107171e+02 -1.22173032e+01  3.98107171e+02 -1.16830921e+01  3.98107171e+02 -8.74869328e+00  3.98107171e+02 -1.13483574e+01  3.98107171e+02 -8.42097867e+00  3.98107171e+02 -7.80270803e+00  3.98107171e+02 -6.29533349e+00  3.98107171e+02 -6.08626411e+00  3.98107171e+02 -6.86013534e+00  3.98107171e+02 -6.08552436e+00  3.98107171e+02 -7.74134351e+00  3.98107171e+02 -7.72978748e+00  3.98107171e+02 -5.18079287e+00  3.98107171e+02 -1.08232290e+01  3.98107171e+02 -9.93695836e+00  3.98107171e+02 -1.11963103e+01  3.98107171e+02 -6.99775291e+00  3.98107171e+02 -9.06223150e+00  3.98107171e+02 -7.44074954e+00  3.98107171e+02 -7.18305608e+00  3.98107171e+02 -8.48668558e+00  3.98107171e+02 -1.02236551e+01 
 4.13682040e+02 -1.00057700e+01  4.13682040e+02 -9.38269802e+00  4.13682040e+02 -5.93369955e+00  4.13682040e+02 -1.29405694e+01  4.13682040e+02 -9.50503896e+00  4.13682040e+02 -8.43867494e+00  4.13682040e+02 -8.17748775e+00  4.13682040e+02 -5.08552880e+00  4.13682040e+02 -1.25264029e+01  4.13682040e+02 -1.19983584e+01  4.13682040e+02 -9.01542904e+00  4.13682040e+02 -1.16472575e+01  4.13682040e+02 -8.72319408e+00  4.13682040e+02 -8.08713403e+00  4.13682040e+02 -6.56226548e+00  4.13682040e+02 -6.36382165e+00  4.13682040e+02 -7.10693043e+00  4.13682040e+02 -6.35206214e+00  4.13682040e+02 -8.00514199e+00  4.13682040e+02 -8.00538001e+00  4.13682040e+02 -5.47019426e+00  4.13682040e+02 -1.11210691e+01  4.13682040e+02 -1.02248910e+01  4.13682040e+02 -1.14977507e+01  4.13682040e+02 -7.26678188e+00  4.13682040e+02 -9.35239360e+00  4.13682040e+02 -7.73027580e+00  4.13682040e+02 -7.44734840e+00  4.13682040e+02 -8.77674400e+00  4.13682040e+02 -1.05252055e+01 
 4.29866235e+02 -1.03051154e+01  4.29866235e+02 -9.68360764e+00  4.29866235e+02 -6.20551893e+00  4.29866235e+02 -1.32466433e+01  4.29866235e+02 -9.81176787e+00  4.29866235e+02 -8.72062359e+00  4.29866235e+02 -8.44303540e+00  4.29866235e+02 -5.36843745e+00  4.29866235e+02 -1.28371717e+01  4.29866235e+02 -1.23148922e+01  4.29866235e+02 -9.28616075e+00  4.29866235e+02 -1.19484562e+01  4.29866235e+02 -9.02750830e+00  4.29866235e+02 -8.37467681e+00  4.29866235e+02 -6.83318442e+00  4.29866235e+02 -6.64485318e+00  4.29866235e+02 -7.35855135e+00  4.29866235e+02 -6.62260496e+00  4.29866235e+02 -8.27306945e+00  4.29866235e+02 -8.28454502e+00  4.29866235e+02 -5.76244118e+00  4.29866235e+02 -1.14212708e+01  4.29866235e+02 -1.05157503e+01  4.29866235e+02 -1.18013371e+01  4.29866235e+02 -7.53970039e+00  4.29866235e+02 -9.64535884e+00  4.29866235e+02 -8.02264066e+00  4.29866235e+02 -7.71574759e+00  4.29866235e+02 -9.06961135e+00  4.29866235e+02 -1.08288950e+01 
 4.46683592e+02 -1.06067328e+01  4.46683592e+02 -9.98669532e+00  4.46683592e+02 -6.48109531e+00  4.46683592e+02 -1.35545776e+01  4.46683592e+02 -1.01203161e+01  4.46683592e+02 -9.00582018e+00  4.46683592e+02 -8.71263326e+00  4.46683592e+02 -5.65454352e+00  4.46683592e+02 -1.31495026e+01  4.46683592e+02 -1.26326091e+01  4.46683592e+02 -9.56070152e+00  4.46683592e+02 -1.22518155e+01  4.46683592e+02 -9.33379243e+00  4.46683592e+02 -8.66516768e+00  4.46683592e+02 -7.10790348e+00  4.46683592e+02 -6.92918054e+00  4.46683592e+02 -7.61481304e+00  4.46683592e+02 -6.89696583e+00  4.46683592e+02 -8.54493785e+00  4.46683592e+02 -8.56710223e+00  4.46683592e+02 -6.05737378e+00  4.46683592e+02 -1.17236931e+01  4.46683592e+02 -1.08093736e+01  4.46683592e+02 -1.21069383e+01  4.46683592e+02 -7.81632278e+00  4.46683592e+02 -9.94096886e+00  4.46683592e+02 -8.31768450e+00  4.46683592e+02 -7.98806577e+00  4.46683592e+02 -9.36512908e+00  4.46683592e+02 -1.11345931e+01 
 4.64158883e+02 -1.09104855e+01  4.64158883e+02 -1.02918285e+01  4.64158883e+02 -6.76024498e+00  4.64158883e+02 -1.38642552e+01  4.64158883e+02 -1.04305687e+01  4.64158883e+02 -9.29409223e+00  4.64158883e+02 -8.98609390e+00  4.64158883e+02 -5.94367596e+00  4.64158883e+02 -1.34632941e+01  4.64158883e+02 -1.29514294e+01  4.64158883e+02 -9.83886683e+00  4.64158883e+02 -1.25572036e+01  4.64158883e+02 -9.64192384e+00  4.64158883e+02 -8.95844328e+00  4.64158883e+02 -7.38623829e+00  4.64158883e+02 -7.21662996e+00  4.64158883e+02 -7.87552801e+00  4.64158883e+02 -7.17496009e+00  4.64158883e+02 -8.82056089e+00  4.64158883e+02 -8.85287540e+00  4.64158883e+02 -6.35483807e+00  4.64158883e+02 -1.20282017e+01  4.64158883e+02 -1.11056041e+01  4.64158883e+02 -1.24144295e+01  4.64158883e+02 -8.09646624e+00  4.64158883e+02 -1.02390713e+01  4.64158883e+02 -8.61525359e+00  4.64158883e+02 -8.26411690e+00  4.64158883e+02 -9.66314454e+00  4.64158883e+02 -1.14421751e+01 
 4.82317848e+02 -1.12162427e+01  4.82317848e+02 -1.05988807e+01  4.82317848e+02 -7.04278763e+00  4.82317848e+02 -1.41755649e+01  4.82317848e+02 -1.07424165e+01  4.82317848e+02 -9.58527230e+00  4.82317848e+02 -9.26323203e+00  4.82317848e+02 -6.23566886e+00  4.82317848e+02 -1.37784507e+01  4.82317848e+02 -1.32712786e+01  4.82317848e+02 -1.01204753e+01  4.82317848e+02 -1.28644950e+01  4.82317848e+02 -9.95178604e+00  4.82317848e+02 -9.25434594e+00  4.82317848e+02 -7.66800768e+00  4.82317848e+02 -7.50703258e+00  4.82317848e+02 -8.14050761e+00  4.82317848e+02 -7.45640622e+00  4.82317848e+02 -9.09975490e+00  4.82317848e+02 -9.14169294e+00  4.82317848e+02 -6.65468609e+00  4.82317848e+02 -1.23346681e+01  4.82317848e+02 -1.14042908e+01  4.82317848e+02 -1.27236920e+01  4.82317848e+02 -8.37995156e+00  4.82317848e+02 -1.05395197e+01  4.82317848e+02 -8.91520022e+00  4.82317848e+02 -8.54371768e+00  4.82317848e+02 -9.96351116e+00  4.82317848e+02 -1.17515227e+01 
 5.01187234e+02 -1.15238802e+01  5.01187234e+02 -1.09077320e+01  5.01187234e+02 -7.32854701e+00  5.01187234e+02 -1.44884018e+01  5.01187234e+02 -1.10557565e+01  5.01187234e+02 -9.87919838e+00  5.01187234e+02 -9.54386532e+00  5.01187234e+02 -6.53036185e+00  5.01187234e+02 -1.40948820e+01  5.01187234e+02 -1.35920865e+01  5.01187234e+02 -1.04053496e+01  5.01187234e+02 -1.31735702e+01  5.01187234e+02 -1.02632686e+01  5.01187234e+02 -9.55272391e+00  5.01187234e+02 -7.95303439e+00  5.01187234e+02 -7.80022487e+00  5.01187234e+02 -8.40956314e+00  5.01187234e+02 -7.74112657e+00  5.01187234e+02 -9.38233962e+00  5.01187234e+02 -9.43338838e+00  5.01187234e+02 -6.95677608e+00  5.01187234e+02 -1.26429704e+01  5.01187234e+02 -1.17052888e+01  5.01187234e+02 -1.30346133e+01  5.01187234e+02 -8.66660377e+00  5.01187234e+02 -1.08421739e+01  5.01187234e+02 -9.21738290e+00  5.01187234e+02 -8.82668829e+00  5.01187234e+02 -1.02660886e+01  5.01187234e+02 -1.20625236e+01 
 5.20794833e+02 -1.18332798e+01  5.20794833e+02 -1.12182683e+01  5.20794833e+02 -7.61735151e+00  5.20794833e+02 -1.48026662e+01  5.20794833e+02 -1.13704912e+01  5.20794833e+02 -1.01757142e+01  5.20794833e+02 -9.82781511e+00  5.20794833e+02 -6.82760039e+00  5.20794833e+02 -1.44125032e+01  5.20794833e+02 -1.39137875e+01  5.20794833e+02 -1.06933166e+01  5.20794833e+02 -1.34843163e+01  5.20794833e+02 -1.05762670e+01  5.20794833e+02 -9.85343156e+00  5.20794833e+02 -8.24114569e+00  5.20794833e+02 -8.09604899e+00  5.20794833e+02 -8.68250695e+00  5.20794833e+02 -8.02894795e+00  5.20794833e+02 -9.66813884e+00  5.20794833e+02 -9.72780076e+00  5.20794833e+02 -7.26097251e+00  5.20794833e+02 -1.29529926e+01  5.20794833e+02 -1.20084595e+01  5.20794833e+02 -1.33470868e+01  5.20794833e+02 -8.95625270e+00  5.20794833e+02 -1.11469002e+01  5.20794833e+02 -9.52166637e+00  5.20794833e+02 -9.11285304e+00  5.20794833e+02 -1.05707427e+01  5.20794833e+02 -1.23750715e+01 
 5.41169527e+02 -1.21443293e+01  5.41169527e+02 -1.15303816e+01  5.41169527e+02 -7.90903463e+00  5.41169527e+02 -1.51182645e+01  5.41169527e+02 -1.16865286e+01  5.41169527e+02 -1.04746695e+01  5.41169527e+02 -1.01149071e+01  5.41169527e+02 -7.12723597e+00  5.41169527e+02 -1.47312344e+01  5.41169527e+02 -1.42363201e+01  5.41169527e+02 -1.09842084e+01  5.41169527e+02 -1.37966257e+01  5.41169527e+02 -1.08906824e+01  5.41169527e+02 -1.01563295e+01  5.41169527e+02 -8.53217387e+00  5.41169527e+02 -8.39435300e+00  5.41169527e+02 -8.95915342e+00  5.41169527e+02 -8.31970214e+00  5.41169527e+02 -9.95698104e+00  5.41169527e+02 -1.00247749e+01  5.41169527e+02 -7.56714614e+00  5.41169527e+02 -1.32646249e+01  5.41169527e+02 -1.23136706e+01  5.41169527e+02 -1.36610116e+01  5.41169527e+02 -9.24873338e+00  5.41169527e+02 -1.14535709e+01  5.41169527e+02 -9.82792167e+00  5.41169527e+02 -9.40204098e+00  5.41169527e+02 -1.08773457e+01  5.41169527e+02 -1.26890659e+01 
 5.62341325e+02 -1.24569227e+01  5.62341325e+02 -1.18439697e+01  5.62341325e+02 -8.20343538e+00  5.62341325e+02 -1.54351082e+01  5.62341325e+02 -1.20037822e+01  5.62341325e+02 -1.07759202e+01  5.62341325e+02 -1.04049718e+01  5.62341325e+02 -7.42912624e+00  5.62341325e+02 -1.50510004e+01  5.62341325e+02 -1.45596267e+01  5.62341325e+02 -1.12778625e+01  5.62341325e+02 -1.41103973e+01  5.62341325e+02 -1.12064218e+01  5.62341325e+02 -1.04612845e+01  5.62341325e+02 -8.82595661e+00  5.62341325e+02 -8.69499108e+00  5.62341325e+02 -9.23931975e+00  5.62341325e+02 -8.61322629e+00  5.62341325e+02 -1.02486998e+01  5.62341325e+02 -1.03241616e+01  5.62341325e+02 -7.87517397e+00  5.62341325e+02 -1.35777634e+01  5.62341325e+02 -1.26207960e+01  5.62341325e+02 -1.39762926e+01  5.62341325e+02 -9.54388647e+00  5.62341325e+02 -1.17620646e+01  5.62341325e+02 -1.01360261e+01  5.62341325e+02 -9.69408630e+00  5.62341325e+02 -1.11857760e+01  5.62341325e+02 -1.30044120e+01 
 5.84341413e+02 -1.27709597e+01  5.84341413e+02 -1.21589363e+01  5.84341413e+02 -8.50039855e+00  5.84341413e+02 -1.57531142e+01  5.84341413e+02 -1.23221705e+01  5.84341413e+02 -1.10793283e+01  5.84341413e+02 -1.06978452e+01  5.84341413e+02 -7.73313511e+00  5.84341413e+02 -1.53717309e+01  5.84341413e+02 -1.48836533e+01  5.84341413e+02 -1.15741219e+01  5.84341413e+02 -1.44255352e+01  5.84341413e+02 -1.15233972e+01  5.84341413e+02 -1.07681697e+01  5.84341413e+02 -9.12233734e+00  5.84341413e+02 -8.99782360e+00  5.84341413e+02 -9.52282676e+00  5.84341413e+02 -8.90936327e+00  5.84341413e+02 -1.05431341e+01  5.84341413e+02 -1.06258179e+01  5.84341413e+02 -8.18493915e+00  5.84341413e+02 -1.38923097e+01  5.84341413e+02 -1.29297157e+01  5.84341413e+02 -1.42928402e+01  5.84341413e+02 -9.84155846e+00  5.84341413e+02 -1.20722661e+01  5.84341413e+02 -1.04458629e+01  5.84341413e+02 -9.98882875e+00  5.84341413e+02 -1.14959181e+01  5.84341413e+02 -1.33210203e+01 
 6.07202196e+02 -1.30863455e+01  6.07202196e+02 -1.24751902e+01  6.07202196e+02 -8.79977496e+00  6.07202196e+02 -1.60722042e+01  6.07202196e+02 -1.26416169e+01  6.07202196e+02 -1.13847621e+01  6.07202196e+02 -1.09933685e+01  6.07202196e+02 -8.03913277e+00  6.07202196e+02 -1.56933598e+01  6.07202196e+02 -1.52083497e+01  6.07202196e+02 -1.18728358e+01  6.07202196e+02 -1.47419491e+01  6.07202196e+02 -1.18415259e+01  6.07202196e+02 -1.10768644e+01  6.07202196e+02 -9.42116546e+00  6.07202196e+02 -9.30271722e+00  6.07202196e+02 -9.80949952e+00  6.07202196e+02 -9.20796189e+00  6.07202196e+02 -1.08401290e+01  6.07202196e+02 -1.09296070e+01  6.07202196e+02 -8.49633092e+00  6.07202196e+02 -1.42081713e+01  6.07202196e+02 -1.32403161e+01  6.07202196e+02 -1.46105699e+01  6.07202196e+02 -1.01416019e+01  6.07202196e+02 -1.23840661e+01  6.07202196e+02 -1.07573218e+01  6.07202196e+02 -1.02861139e+01  6.07202196e+02 -1.18076625e+01  6.07202196e+02 -1.36388066e+01 
 6.30957344e+02 -1.34029909e+01  6.30957344e+02 -1.27926459e+01  6.30957344e+02 -9.10142156e+00  6.30957344e+02 -1.63923047e+01  6.30957344e+02 -1.29620496e+01  6.30957344e+02 -1.16920964e+01  6.30957344e+02 -1.12913893e+01  6.30957344e+02 -8.34699564e+00  6.30957344e+02 -1.60158253e+01  6.30957344e+02 -1.55336689e+01  6.30957344e+02 -1.21738594e+01  6.30957344e+02 -1.50595541e+01  6.30957344e+02 -1.21607304e+01  6.30957344e+02 -1.13872541e+01  6.30957344e+02 -9.72229649e+00  6.30957344e+02 -9.60954486e+00  6.30957344e+02 -1.00991679e+01  6.30957344e+02 -9.50887708e+00  6.30957344e+02 -1.11395352e+01  6.30957344e+02 -1.12353985e+01  6.30957344e+02 -8.80924441e+00  6.30957344e+02 -1.45252607e+01  6.30957344e+02 -1.35524894e+01  6.30957344e+02 -1.49294022e+01  6.30957344e+02 -1.04438756e+01  6.30957344e+02 -1.26973614e+01  6.30957344e+02 -1.10702980e+01  6.30957344e+02 -1.05857933e+01  6.30957344e+02 -1.21209058e+01  6.30957344e+02 -1.39576917e+01 
 6.55641849e+02 -1.37208118e+01  6.55641849e+02 -1.31112226e+01  6.55641849e+02 -9.40520158e+00  6.55641849e+02 -1.67133467e+01  6.55641849e+02 -1.32834011e+01  6.55641849e+02 -1.20012119e+01  6.55641849e+02 -1.15917609e+01  6.55641849e+02 -8.65660631e+00  6.55641849e+02 -1.63390693e+01  6.55641849e+02 -1.58595669e+01  6.55641849e+02 -1.24770542e+01  6.55641849e+02 -1.53782701e+01  6.55641849e+02 -1.24809376e+01  6.55641849e+02 -1.16992303e+01  6.55641849e+02 -1.00255922e+01  6.55641849e+02 -9.91818564e+00  6.55641849e+02 -1.03916669e+01  6.55641849e+02 -9.81196998e+00  6.55641849e+02 -1.14412098e+01  6.55641849e+02 -1.15430681e+01  6.55641849e+02 -9.12358052e+00  6.55641849e+02 -1.48434959e+01  6.55641849e+02 -1.38661337e+01  6.55641849e+02 -1.52492625e+01  6.55641849e+02 -1.07482446e+01  6.55641849e+02 -1.30120543e+01  6.55641849e+02 -1.13846928e+01  6.55641849e+02 -1.08877248e+01  6.55641849e+02 -1.24355502e+01  6.55641849e+02 -1.42776013e+01 
 6.81292069e+02 -1.40397292e+01  6.81292069e+02 -1.34308448e+01  6.81292069e+02 -9.71098450e+00  6.81292069e+02 -1.70352658e+01  6.81292069e+02 -1.36056083e+01  6.81292069e+02 -1.23119956e+01  6.81292069e+02 -1.18943430e+01  6.81292069e+02 -8.96785347e+00  6.81292069e+02 -1.66630379e+01  6.81292069e+02 -1.61860029e+01  6.81292069e+02 -1.27822879e+01  6.81292069e+02 -1.56980220e+01  6.81292069e+02 -1.28020791e+01  6.81292069e+02 -1.20126902e+01  6.81292069e+02 -1.03309206e+01  6.81292069e+02 -1.02285248e+01  6.81292069e+02 -1.06868373e+01  6.81292069e+02 -1.01171080e+01  6.81292069e+02 -1.17450161e+01  6.81292069e+02 -1.18524977e+01  6.81292069e+02 -9.43924575e+00  6.81292069e+02 -1.51627996e+01  6.81292069e+02 -1.41811526e+01  6.81292069e+02 -1.55700809e+01  6.81292069e+02 -1.10545801e+01  6.81292069e+02 -1.33280527e+01  6.81292069e+02 -1.17004128e+01  6.81292069e+02 -1.11917724e+01  6.81292069e+02 -1.27515032e+01  6.81292069e+02 -1.45984655e+01 
 7.07945784e+02 -1.43596689e+01  7.07945784e+02 -1.37514412e+01  7.07945784e+02 -1.00186461e+01  7.07945784e+02 -1.73580014e+01  7.07945784e+02 -1.39286120e+01  7.07945784e+02 -1.26243403e+01  7.07945784e+02 -1.21990015e+01  7.07945784e+02 -9.28063172e+00  7.07945784e+02 -1.69876802e+01  7.07945784e+02 -1.65129387e+01  7.07945784e+02 -1.30894345e+01  7.07945784e+02 -1.60187393e+01  7.07945784e+02 -1.31240907e+01  7.07945784e+02 -1.23275369e+01  7.07945784e+02 -1.06381560e+01  7.07945784e+02 -1.05404537e+01  7.07945784e+02 -1.09845256e+01  7.07945784e+02 -1.04241649e+01  7.07945784e+02 -1.20508237e+01  7.07945784e+02 -1.21635754e+01  7.07945784e+02 -9.75615196e+00  7.07945784e+02 -1.54830993e+01  7.07945784e+02 -1.44974555e+01  7.07945784e+02 -1.58917916e+01  7.07945784e+02 -1.13627596e+01  7.07945784e+02 -1.36452699e+01  7.07945784e+02 -1.20173701e+01  7.07945784e+02 -1.14978064e+01  7.07945784e+02 -1.30686781e+01  7.07945784e+02 -1.49202190e+01 
 7.35642254e+02 -1.46805611e+01  7.35642254e+02 -1.40729452e+01  7.35642254e+02 -1.03280682e+01  7.35642254e+02 -1.76814968e+01  7.35642254e+02 -1.42523570e+01  7.35642254e+02 -1.29381448e+01  7.35642254e+02 -1.25056086e+01  7.35642254e+02 -9.59484145e+00  7.35642254e+02 -1.73129491e+01  7.35642254e+02 -1.68403388e+01  7.35642254e+02 -1.33983741e+01  7.35642254e+02 -1.63403560e+01  7.35642254e+02 -1.34469124e+01  7.35642254e+02 -1.26436790e+01  7.35642254e+02 -1.09471788e+01  7.35642254e+02 -1.08538695e+01  7.35642254e+02 -1.12845844e+01  7.35642254e+02 -1.07330205e+01  7.35642254e+02 -1.23585084e+01  7.35642254e+02 -1.24761951e+01  7.35642254e+02 -1.00742162e+01  7.35642254e+02 -1.58043269e+01  7.35642254e+02 -1.48149568e+01  7.35642254e+02 -1.62143332e+01  7.35642254e+02 -1.16726669e+01  7.35642254e+02 -1.39636242e+01  7.35642254e+02 -1.23354821e+01  7.35642254e+02 -1.18057033e+01  7.35642254e+02 -1.33869929e+01  7.35642254e+02 -1.52428003e+01 
 7.64422274e+02 -1.50023407e+01  7.64422274e+02 -1.43952944e+01  7.64422274e+02 -1.06391388e+01  7.64422274e+02 -1.80056991e+01  7.64422274e+02 -1.45767914e+01  7.64422274e+02 -1.32533134e+01  7.64422274e+02 -1.28140427e+01  7.64422274e+02 -9.91038862e+00  7.64422274e+02 -1.76388005e+01  7.64422274e+02 -1.71681699e+01  7.64422274e+02 -1.37089931e+01  7.64422274e+02 -1.66628100e+01  7.64422274e+02 -1.37704880e+01  7.64422274e+02 -1.29610303e+01  7.64422274e+02 -1.12578757e+01  7.64422274e+02 -1.11686750e+01  7.64422274e+02 -1.15868725e+01  7.64422274e+02 -1.10435608e+01  7.64422274e+02 -1.26679522e+01  7.64422274e+02 -1.27902567e+01  7.64422274e+02 -1.03933605e+01  7.64422274e+02 -1.61264187e+01  7.64422274e+02 -1.51335761e+01  7.64422274e+02 -1.65376481e+01  7.64422274e+02 -1.19841916e+01  7.64422274e+02 -1.42830390e+01  7.64422274e+02 -1.26546708e+01  7.64422274e+02 -1.21153459e+01  7.64422274e+02 -1.37063709e+01  7.64422274e+02 -1.55661523e+01 
 7.94328235e+02 -1.53249463e+01  7.94328235e+02 -1.47184302e+01  7.94328235e+02 -1.09517520e+01  7.94328235e+02 -1.83305588e+01  7.94328235e+02 -1.49018670e+01  7.94328235e+02 -1.35697561e+01  7.94328235e+02 -1.31241884e+01  7.94328235e+02 -1.02271846e+01  7.94328235e+02 -1.79651931e+01  7.94328235e+02 -1.74964014e+01  7.94328235e+02 -1.40211838e+01  7.94328235e+02 -1.69860435e+01  7.94328235e+02 -1.40947649e+01  7.94328235e+02 -1.32795097e+01  7.94328235e+02 -1.15701393e+01  7.94328235e+02 -1.14847785e+01  7.94328235e+02 -1.18912549e+01  7.94328235e+02 -1.13556779e+01  7.94328235e+02 -1.29790432e+01  7.94328235e+02 -1.31056655e+01  7.94328235e+02 -1.07135116e+01  7.94328235e+02 -1.64493151e+01  7.94328235e+02 -1.54532379e+01  7.94328235e+02 -1.68616826e+01  7.94328235e+02 -1.22972294e+01  7.94328235e+02 -1.46034422e+01  7.94328235e+02 -1.29748634e+01  7.94328235e+02 -1.24266229e+01  7.94328235e+02 -1.40267398e+01  7.94328235e+02 -1.58902211e+01 
 8.25404185e+02 -1.56483209e+01  8.25404185e+02 -1.50422981e+01  8.25404185e+02 -1.12658074e+01  8.25404185e+02 -1.86560299e+01  8.25404185e+02 -1.52275386e+01  8.25404185e+02 -1.38873878e+01  8.25404185e+02 -1.34359363e+01  8.25404185e+02 -1.05451461e+01  8.25404185e+02 -1.82920886e+01  8.25404185e+02 -1.78250044e+01  8.25404185e+02 -1.43348443e+01  8.25404185e+02 -1.73100021e+01  8.25404185e+02 -1.44196940e+01  8.25404185e+02 -1.35990411e+01  8.25404185e+02 -1.18838679e+01  8.25404185e+02 -1.18020938e+01  8.25404185e+02 -1.21976031e+01  8.25404185e+02 -1.16692696e+01  8.25404185e+02 -1.32916753e+01  8.25404185e+02 -1.34223323e+01  8.25404185e+02 -1.10346009e+01  8.25404185e+02 -1.67729601e+01  8.25404185e+02 -1.57738713e+01  8.25404185e+02 -1.71863862e+01  8.25404185e+02 -1.26116818e+01  8.25404185e+02 -1.49247663e+01  8.25404185e+02 -1.32959913e+01  8.25404185e+02 -1.27394290e+01  8.25404185e+02 -1.43480319e+01  8.25404185e+02 -1.62149568e+01 
 8.57695899e+02 -1.59724108e+01  8.57695899e+02 -1.53668468e+01  8.57695899e+02 -1.15812105e+01  8.57695899e+02 -1.89820691e+01  8.57695899e+02 -1.55537642e+01  8.57695899e+02 -1.42061288e+01  8.57695899e+02 -1.37491828e+01  8.57695899e+02 -1.08641945e+01  8.57695899e+02 -1.86194512e+01  8.57695899e+02 -1.81539523e+01  8.57695899e+02 -1.46498784e+01  8.57695899e+02 -1.76346353e+01  8.57695899e+02 -1.47452295e+01  8.57695899e+02 -1.39195529e+01  8.57695899e+02 -1.21989657e+01  8.57695899e+02 -1.21205397e+01  8.57695899e+02 -1.25057946e+01  8.57695899e+02 -1.19842394e+01  8.57695899e+02 -1.36057485e+01  8.57695899e+02 -1.37401732e+01  8.57695899e+02 -1.13565639e+01  8.57695899e+02 -1.70973016e+01  8.57695899e+02 -1.60954098e+01  8.57695899e+02 -1.75117121e+01  8.57695899e+02 -1.29274555e+01  8.57695899e+02 -1.52469479e+01  8.57695899e+02 -1.36179902e+01  8.57695899e+02 -1.30536649e+01  8.57695899e+02 -1.46701838e+01  8.57695899e+02 -1.65403125e+01 
 8.91250938e+02 -1.62971660e+01  8.91250938e+02 -1.56920287e+01  8.91250938e+02 -1.18978720e+01  8.91250938e+02 -1.93086362e+01  8.91250938e+02 -1.58805046e+01  8.91250938e+02 -1.45259040e+01  8.91250938e+02 -1.40638300e+01  8.91250938e+02 -1.11842563e+01  8.91250938e+02 -1.89472476e+01  8.91250938e+02 -1.84832203e+01  8.91250938e+02 -1.49661954e+01  8.91250938e+02 -1.79598956e+01  8.91250938e+02 -1.50713286e+01  8.91250938e+02 -1.42409782e+01  8.91250938e+02 -1.25153422e+01  8.91250938e+02 -1.24400398e+01  8.91250938e+02 -1.28157130e+01  8.91250938e+02 -1.23004964e+01  8.91250938e+02 -1.39211681e+01  8.91250938e+02 -1.40591093e+01  8.91250938e+02 -1.16793403e+01  8.91250938e+02 -1.74222908e+01  8.91250938e+02 -1.64177910e+01  8.91250938e+02 -1.78376165e+01  8.91250938e+02 -1.32444630e+01  8.91250938e+02 -1.55699278e+01  8.91250938e+02 -1.39408001e+01  8.91250938e+02 -1.33692364e+01  8.91250938e+02 -1.49931360e+01  8.91250938e+02 -1.68662445e+01 
 9.26118728e+02 -1.66225399e+01  9.26118728e+02 -1.60177991e+01  9.26118728e+02 -1.22157079e+01  9.26118728e+02 -1.96356939e+01  9.26118728e+02 -1.62077231e+01  9.26118728e+02 -1.48466431e+01  9.26118728e+02 -1.43797859e+01  9.26118728e+02 -1.15052624e+01  9.26118728e+02 -1.92754467e+01  9.26118728e+02 -1.88127852e+01  9.26118728e+02 -1.52837100e+01  9.26118728e+02 -1.82857390e+01  9.26118728e+02 -1.53979515e+01  9.26118728e+02 -1.45632540e+01  9.26118728e+02 -1.28329122e+01  9.26118728e+02 -1.27605225e+01  9.26118728e+02 -1.31272481e+01  9.26118728e+02 -1.26179550e+01  9.26118728e+02 -1.42378451e+01  9.26118728e+02 -1.43790663e+01  9.26118728e+02 -1.20028738e+01  9.26118728e+02 -1.77478821e+01  9.26118728e+02 -1.67409567e+01  9.26118728e+02 -1.81640583e+01  9.26118728e+02 -1.35626218e+01  9.26118728e+02 -1.58936506e+01  9.26118728e+02 -1.42643647e+01  9.26118728e+02 -1.36860552e+01  9.26118728e+02 -1.53168330e+01  9.26118728e+02 -1.71927120e+01 
 9.62350626e+02 -1.69484887e+01  9.62350626e+02 -1.63441166e+01  9.62350626e+02 -1.25346393e+01  9.62350626e+02 -1.99632071e+01  9.62350626e+02 -1.65353857e+01  9.62350626e+02 -1.51682799e+01  9.62350626e+02 -1.46969633e+01  9.62350626e+02 -1.18271479e+01  9.62350626e+02 -1.96040198e+01  9.62350626e+02 -1.91426256e+01  9.62350626e+02 -1.56023417e+01  9.62350626e+02 -1.86121243e+01  9.62350626e+02 -1.57250608e+01  9.62350626e+02 -1.48863216e+01  9.62350626e+02 -1.31515956e+01  9.62350626e+02 -1.30819206e+01  9.62350626e+02 -1.34402957e+01  9.62350626e+02 -1.29365344e+01  9.62350626e+02 -1.45556955e+01  9.62350626e+02 -1.46999748e+01  9.62350626e+02 -1.23271115e+01  9.62350626e+02 -1.80740331e+01  9.62350626e+02 -1.70648524e+01  9.62350626e+02 -1.84909995e+01  9.62350626e+02 -1.38818542e+01  9.62350626e+02 -1.62180644e+01  9.62350626e+02 -1.45886314e+01  9.62350626e+02 -1.40040378e+01  9.62350626e+02 -1.56412229e+01  9.62350626e+02 -1.75196771e+01 
 1.00000000e+03 -1.72749720e+01  1.00000000e+03 -1.66709422e+01  1.00000000e+03 -1.28545920e+01  1.00000000e+03 -2.02911433e+01  1.00000000e+03 -1.68634606e+01  1.00000000e+03 -1.54907528e+01  1.00000000e+03 -1.50152806e+01  1.00000000e+03 -1.21498522e+01  1.00000000e+03 -1.99329399e+01  1.00000000e+03 -1.94727216e+01  1.00000000e+03 -1.59220150e+01  1.00000000e+03 -1.89390129e+01  1.00000000e+03 -1.60526220e+01  1.00000000e+03 -1.52101260e+01  1.00000000e+03 -1.34713171e+01  1.00000000e+03 -1.34041711e+01  1.00000000e+03 -1.37547572e+01  1.00000000e+03 -1.32561590e+01  1.00000000e+03 -1.48746403e+01  1.00000000e+03 -1.50217694e+01  1.00000000e+03 -1.26520042e+01  1.00000000e+03 -1.84007041e+01  1.00000000e+03 -1.73894269e+01  1.00000000e+03 -1.88184046e+01  1.00000000e+03 -1.42020875e+01  1.00000000e+03 -1.65431208e+01  1.00000000e+03 -1.49135510e+01  1.00000000e+03 -1.43231061e+01  1.00000000e+03 -1.59662570e+01  1.00000000e+03 -1.78471043e+01 
 1.03912230e+03 -1.76019517e+01  1.03912230e+03 -1.69982400e+01  1.03912230e+03 -1.31754964e+01  1.03912230e+03 -2.06194723e+01  1.03912230e+03 -1.71919184e+01  1.03912230e+03 -1.58140037e+01  1.03912230e+03 -1.53346608e+01  1.03912230e+03 -1.24733185e+01  1.03912230e+03 -2.02621820e+01  1.03912230e+03 -1.98030545e+01  1.03912230e+03 -1.62426591e+01  1.03912230e+03 -1.92663691e+01  1.03912230e+03 -1.63806028e+01  1.03912230e+03 -1.55346157e+01  1.03912230e+03 -1.37920061e+01  1.03912230e+03 -1.37272152e+01  1.03912230e+03 -1.40705394e+01  1.03912230e+03 -1.35767578e+01  1.03912230e+03 -1.51946056e+01  1.03912230e+03 -1.53443891e+01  1.03912230e+03 -1.29775058e+01  1.03912230e+03 -1.87278583e+01  1.03912230e+03 -1.77146328e+01  1.03912230e+03 -1.91462404e+01  1.03912230e+03 -1.45232532e+01  1.03912230e+03 -1.68687747e+01  1.03912230e+03 -1.52390776e+01  1.03912230e+03 -1.46431863e+01  1.03912230e+03 -1.62918902e+01  1.03912230e+03 -1.81749608e+01 
 1.07977516e+03 -1.79293924e+01  1.07977516e+03 -1.73259761e+01  1.07977516e+03 -1.34972873e+01  1.07977516e+03 -2.09481658e+01  1.07977516e+03 -1.75207315e+01  1.07977516e+03 -1.61379786e+01  1.07977516e+03 -1.56550318e+01  1.07977516e+03 -1.27974938e+01  1.07977516e+03 -2.05917230e+01  1.07977516e+03 -2.01336074e+01  1.07977516e+03 -1.65642075e+01  1.07977516e+03 -1.95941596e+01  1.07977516e+03 -1.67089732e+01  1.07977516e+03 -1.58597427e+01  1.07977516e+03 -1.41135964e+01  1.07977516e+03 -1.40509977e+01  1.07977516e+03 -1.43875549e+01  1.07977516e+03 -1.38982640e+01  1.07977516e+03 -1.55155217e+01  1.07977516e+03 -1.56677767e+01  1.07977516e+03 -1.33035735e+01  1.07977516e+03 -1.90554610e+01  1.07977516e+03 -1.80404256e+01  1.07977516e+03 -1.94744762e+01  1.07977516e+03 -1.48452875e+01  1.07977516e+03 -1.71949837e+01  1.07977516e+03 -1.55651685e+01  1.07977516e+03 -1.49642096e+01  1.07977516e+03 -1.66180800e+01  1.07977516e+03 -1.85032157e+01 
 1.12201845e+03 -1.82572614e+01  1.12201845e+03 -1.76541194e+01  1.12201845e+03 -1.38199035e+01  1.12201845e+03 -2.12771977e+01  1.12201845e+03 -1.78498743e+01  1.12201845e+03 -1.64626270e+01  1.12201845e+03 -1.59763258e+01  1.12201845e+03 -1.31223284e+01  1.12201845e+03 -2.09215412e+01  1.12201845e+03 -2.04643640e+01  1.12201845e+03 -1.68865981e+01  1.12201845e+03 -1.99223533e+01  1.12201845e+03 -1.70377051e+01  1.12201845e+03 -1.61854621e+01  1.12201845e+03 -1.44360259e+01  1.12201845e+03 -1.43754670e+01  1.12201845e+03 -1.47057211e+01  1.12201845e+03 -1.42206152e+01  1.12201845e+03 -1.58373234e+01  1.12201845e+03 -1.59918788e+01  1.12201845e+03 -1.36301670e+01  1.12201845e+03 -1.93834805e+01  1.12201845e+03 -1.83667637e+01  1.12201845e+03 -1.98030833e+01  1.12201845e+03 -1.51681302e+01  1.12201845e+03 -1.75217087e+01  1.12201845e+03 -1.58917837e+01  1.12201845e+03 -1.52861111e+01  1.12201845e+03 -1.69447871e+01  1.12201845e+03 -1.88318405e+01 
 1.16591440e+03 -1.85855280e+01  1.16591440e+03 -1.79826406e+01  1.16591440e+03 -1.41432878e+01  1.16591440e+03 -2.16065437e+01  1.16591440e+03 -1.81793232e+01  1.16591440e+03 -1.67879014e+01  1.16591440e+03 -1.62984795e+01  1.16591440e+03 -1.34477761e+01  1.16591440e+03 -2.12516166e+01  1.16591440e+03 -2.07953097e+01  1.16591440e+03 -1.72097724e+01  1.16591440e+03 -2.02509213e+01  1.16591440e+03 -1.73667727e+01  1.16591440e+03 -1.65117321e+01  1.16591440e+03 -1.47592365e+01  1.16591440e+03 -1.47005751e+01  1.16591440e+03 -1.50249604e+01  1.16591440e+03 -1.45437529e+01  1.16591440e+03 -1.61599498e+01  1.16591440e+03 -1.63166453e+01  1.16591440e+03 -1.39572492e+01  1.16591440e+03 -1.97118867e+01  1.16591440e+03 -1.86936087e+01  1.16591440e+03 -2.01320349e+01  1.16591440e+03 -1.54917253e+01  1.16591440e+03 -1.78489130e+01  1.16591440e+03 -1.62188860e+01  1.16591440e+03 -1.56088302e+01  1.16591440e+03 -1.72719748e+01  1.16591440e+03 -1.91608086e+01 
 1.21152766e+03 -1.89141637e+01  1.21152766e+03 -1.83115125e+01  1.21152766e+03 -1.44673868e+01  1.21152766e+03 -2.19361809e+01  1.21152766e+03 -1.85090559e+01  1.21152766e+03 -1.71137579e+01  1.21152766e+03 -1.66214334e+01  1.21152766e+03 -1.37737935e+01  1.21152766e+03 -2.15819305e+01  1.21152766e+03 -2.11264306e+01  1.21152766e+03 -1.75336761e+01  1.21152766e+03 -2.05798366e+01  1.21152766e+03 -1.76961517e+01  1.21152766e+03 -1.68385137e+01  1.21152766e+03 -1.50831739e+01  1.21152766e+03 -1.50262769e+01  1.21152766e+03 -1.53452001e+01  1.21152766e+03 -1.48676225e+01  1.21152766e+03 -1.64833436e+01  1.21152766e+03 -1.66420297e+01  1.21152766e+03 -1.42847852e+01  1.21152766e+03 -2.00406519e+01  1.21152766e+03 -1.90209243e+01  1.21152766e+03 -2.04613063e+01  1.21152766e+03 -1.58160204e+01  1.21152766e+03 -1.81765623e+01  1.21152766e+03 -1.65464406e+01  1.21152766e+03 -1.59323104e+01  1.21152766e+03 -1.75996087e+01  1.21152766e+03 -1.94900953e+01 
 1.25892541e+03 -1.92431418e+01  1.25892541e+03 -1.86407099e+01  1.25892541e+03 -1.47921506e+01  1.25892541e+03 -2.22660884e+01  1.25892541e+03 -1.88390520e+01  1.25892541e+03 -1.74401553e+01  1.25892541e+03 -1.69451320e+01  1.25892541e+03 -1.41003405e+01  1.25892541e+03 -2.19124656e+01  1.25892541e+03 -2.14577139e+01  1.25892541e+03 -1.78582581e+01  1.25892541e+03 -2.09090744e+01  1.25892541e+03 -1.80258196e+01  1.25892541e+03 -1.71657705e+01  1.25892541e+03 -1.54077873e+01  1.25892541e+03 -1.53525306e+01  1.25892541e+03 -1.56663718e+01  1.25892541e+03 -1.51921729e+01  1.25892541e+03 -1.68074514e+01  1.25892541e+03 -1.69679884e+01  1.25892541e+03 -1.46127426e+01  1.25892541e+03 -2.03697504e+01  1.25892541e+03 -1.93486771e+01  1.25892541e+03 -2.07908745e+01  1.25892541e+03 -1.61409665e+01  1.25892541e+03 -1.85046249e+01  1.25892541e+03 -1.68744153e+01  1.25892541e+03 -1.62564986e+01  1.25892541e+03 -1.79276570e+01  1.25892541e+03 -1.98196776e+01 
 1.30817747e+03 -1.95724379e+01  1.30817747e+03 -1.89702094e+01  1.30817747e+03 -1.51175323e+01  1.30817747e+03 -2.25962466e+01  1.30817747e+03 -1.91692923e+01  1.30817747e+03 -1.77670552e+01  1.30817747e+03 -1.72695233e+01  1.30817747e+03 -1.44273794e+01  1.30817747e+03 -2.22432058e+01  1.30817747e+03 -2.17891478e+01  1.30817747e+03 -1.81834710e+01  1.30817747e+03 -2.12386113e+01  1.30817747e+03 -1.83557556e+01  1.30817747e+03 -1.74934687e+01  1.30817747e+03 -1.57330293e+01  1.30817747e+03 -1.56792970e+01  1.30817747e+03 -1.59884117e+01  1.30817747e+03 -1.55173563e+01  1.30817747e+03 -1.71322232e+01  1.30817747e+03 -1.72944807e+01  1.30817747e+03 -1.49410912e+01  1.30817747e+03 -2.06991580e+01  1.30817747e+03 -1.96768357e+01  1.30817747e+03 -2.11207178e+01  1.30817747e+03 -1.64665177e+01  1.30817747e+03 -1.88330713e+01  1.30817747e+03 -1.72027800e+01  1.30817747e+03 -1.65813452e+01  1.30817747e+03 -1.82560900e+01  1.30817747e+03 -2.01495341e+01 
 1.35935639e+03 -1.99020288e+01  1.35935639e+03 -1.92999892e+01  1.35935639e+03 -1.54434885e+01  1.35935639e+03 -2.29266373e+01  1.35935639e+03 -1.94997592e+01  1.35935639e+03 -1.80944220e+01  1.35935639e+03 -1.75945588e+01  1.35935639e+03 -1.47548752e+01  1.35935639e+03 -2.25741362e+01  1.35935639e+03 -2.21207213e+01  1.35935639e+03 -1.85092702e+01  1.35935639e+03 -2.15684257e+01  1.35935639e+03 -1.86859402e+01  1.35935639e+03 -1.78215767e+01  1.35935639e+03 -1.60588556e+01  1.35935639e+03 -1.60065397e+01  1.35935639e+03 -1.63112596e+01  1.35935639e+03 -1.58431281e+01  1.35935639e+03 -1.74576126e+01  1.35935639e+03 -1.76214688e+01  1.35935639e+03 -1.52698030e+01  1.35935639e+03 -2.10288525e+01  1.35935639e+03 -2.00053712e+01  1.35935639e+03 -2.14508166e+01  1.35935639e+03 -1.67926314e+01  1.35935639e+03 -1.91618737e+01  1.35935639e+03 -1.75315067e+01  1.35935639e+03 -1.69068040e+01  1.35935639e+03 -1.85848802e+01  1.35935639e+03 -2.04796450e+01 
 1.41253754e+03 -2.02318934e+01  1.41253754e+03 -1.96300288e+01  1.41253754e+03 -1.57699786e+01  1.41253754e+03 -2.32572436e+01  1.41253754e+03 -1.98304362e+01  1.41253754e+03 -1.84222222e+01  1.41253754e+03 -1.79201932e+01  1.41253754e+03 -1.50827952e+01  1.41253754e+03 -2.29052430e+01  1.41253754e+03 -2.24524243e+01  1.41253754e+03 -1.88356144e+01  1.41253754e+03 -2.18984976e+01  1.41253754e+03 -1.90163554e+01  1.41253754e+03 -1.81500651e+01  1.41253754e+03 -1.63852250e+01  1.41253754e+03 -1.63342248e+01  1.41253754e+03 -1.66348596e+01  1.41253754e+03 -1.61694469e+01  1.41253754e+03 -1.77835758e+01  1.41253754e+03 -1.79489174e+01  1.41253754e+03 -1.55988518e+01  1.41253754e+03 -2.13588132e+01  1.41253754e+03 -2.03342564e+01  1.41253754e+03 -2.17811521e+01  1.41253754e+03 -1.71192678e+01  1.41253754e+03 -1.94910068e+01  1.41253754e+03 -1.78605694e+01  1.41253754e+03 -1.72328319e+01  1.41253754e+03 -1.89140017e+01  1.41253754e+03 -2.08099919e+01 
 1.46779927e+03 -2.05620118e+01  1.46779927e+03 -1.99603096e+01  1.46779927e+03 -1.60969646e+01  1.46779927e+03 -2.35880499e+01  1.46779927e+03 -2.01613080e+01  1.46779927e+03 -1.87504249e+01  1.46779927e+03 -1.82463842e+01  1.46779927e+03 -1.54111092e+01  1.46779927e+03 -2.32365132e+01  1.46779927e+03 -2.27842471e+01  1.46779927e+03 -1.91624649e+01  1.46779927e+03 -2.22288082e+01  1.46779927e+03 -1.93469845e+01  1.46779927e+03 -1.84789066e+01  1.46779927e+03 -1.67120989e+01  1.46779927e+03 -1.66623206e+01  1.46779927e+03 -1.69591592e+01  1.46779927e+03 -1.64962737e+01  1.46779927e+03 -1.81100724e+01  1.46779927e+03 -1.82767937e+01  1.46779927e+03 -1.59282134e+01  1.46779927e+03 -2.16890206e+01  1.46779927e+03 -2.06634662e+01  1.46779927e+03 -2.21117073e+01  1.46779927e+03 -1.74463898e+01  1.46779927e+03 -1.98204465e+01  1.46779927e+03 -1.81899438e+01  1.46779927e+03 -1.75593885e+01  1.46779927e+03 -1.92434308e+01  1.46779927e+03 -2.11405576e+01 
 1.52522296e+03 -2.08923656e+01  1.52522296e+03 -2.02908140e+01  1.52522296e+03 -1.64244112e+01  1.52522296e+03 -2.39190416e+01  1.52522296e+03 -2.04923604e+01  1.52522296e+03 -1.90790013e+01  1.52522296e+03 -1.85730924e+01  1.52522296e+03 -1.57397888e+01  1.52522296e+03 -2.35679350e+01  1.52522296e+03 -2.31161810e+01  1.52522296e+03 -1.94897857e+01  1.52522296e+03 -2.25593403e+01  1.52522296e+03 -1.96778118e+01  1.52522296e+03 -1.88080759e+01  1.52522296e+03 -1.70394414e+01  1.52522296e+03 -1.69907977e+01  1.52522296e+03 -1.72841094e+01  1.52522296e+03 -1.68235726e+01  1.52522296e+03 -1.84370645e+01  1.52522296e+03 -1.86050670e+01  1.52522296e+03 -1.62578652e+01  1.52522296e+03 -2.20194570e+01  1.52522296e+03 -2.09929772e+01  1.52522296e+03 -2.24424662e+01  1.52522296e+03 -1.77739627e+01  1.52522296e+03 -2.01501707e+01  1.52522296e+03 -1.85196076e+01  1.52522296e+03 -1.78864363e+01  1.52522296e+03 -1.95731452e+01  1.52522296e+03 -2.14713262e+01 
 1.58489319e+03 -2.12229376e+01  1.58489319e+03 -2.06215258e+01  1.58489319e+03 -1.67522857e+01  1.58489319e+03 -2.42502051e+01  1.58489319e+03 -2.08235802e+01  1.58489319e+03 -1.94079245e+01  1.58489319e+03 -1.89002811e+01  1.58489319e+03 -1.60688078e+01  1.58489319e+03 -2.38994973e+01  1.58489319e+03 -2.34482179e+01  1.58489319e+03 -1.98175433e+01  1.58489319e+03 -2.28900778e+01  1.58489319e+03 -2.00088230e+01  1.58489319e+03 -1.91375492e+01  1.58489319e+03 -1.73672192e+01  1.58489319e+03 -1.73196288e+01  1.58489319e+03 -1.76096645e+01  1.58489319e+03 -1.71513098e+01  1.58489319e+03 -1.87645168e+01  1.58489319e+03 -1.89337089e+01  1.58489319e+03 -1.65877863e+01  1.58489319e+03 -2.23501057e+01  1.58489319e+03 -2.13227675e+01  1.58489319e+03 -2.27734139e+01  1.58489319e+03 -1.81019544e+01  1.58489319e+03 -2.04801589e+01  1.58489319e+03 -1.88495396e+01  1.58489319e+03 -1.82139404e+01  1.58489319e+03 -1.99031243e+01  1.58489319e+03 -2.18022829e+01 
 1.64689787e+03 -2.15537122e+01  1.64689787e+03 -2.09524298e+01  1.64689787e+03 -1.70805573e+01  1.64689787e+03 -2.45815280e+01  1.64689787e+03 -2.11549553e+01  1.64689787e+03 -1.97371695e+01  1.64689787e+03 -1.92279159e+01  1.64689787e+03 -1.63981417e+01  1.64689787e+03 -2.42311898e+01  1.64689787e+03 -2.37803503e+01  1.64689787e+03 -2.01457065e+01  1.64689787e+03 -2.32210056e+01  1.64689787e+03 -2.03400046e+01  1.64689787e+03 -1.94673047e+01  1.64689787e+03 -1.76954011e+01  1.64689787e+03 -1.76487883e+01  1.64689787e+03 -1.79357819e+01  1.64689787e+03 -1.74794540e+01  1.64689787e+03 -1.90923965e+01  1.64689787e+03 -1.92626929e+01  1.64689787e+03 -1.69179570e+01  1.64689787e+03 -2.26809513e+01  1.64689787e+03 -2.16528170e+01  1.64689787e+03 -2.31045367e+01  1.64689787e+03 -1.84303349e+01  1.64689787e+03 -2.08103920e+01  1.64689787e+03 -1.91797206e+01  1.64689787e+03 -1.85418681e+01  1.64689787e+03 -2.02333489e+01  1.64689787e+03 -2.21334141e+01 
 1.71132830e+03 -2.18846744e+01  1.71132830e+03 -2.12835121e+01  1.71132830e+03 -1.74091977e+01  1.71132830e+03 -2.49129986e+01  1.71132830e+03 -2.14864743e+01  1.71132830e+03 -2.00667131e+01  1.71132830e+03 -1.95559651e+01  1.71132830e+03 -1.67277678e+01  1.71132830e+03 -2.45630029e+01  1.71132830e+03 -2.41125711e+01  1.71132830e+03 -2.04742461e+01  1.71132830e+03 -2.35521100e+01  1.71132830e+03 -2.06713443e+01  1.71132830e+03 -1.97973218e+01  1.71132830e+03 -1.80239581e+01  1.71132830e+03 -1.79782526e+01  1.71132830e+03 -1.82624216e+01  1.71132830e+03 -1.78079761e+01  1.71132830e+03 -1.94206730e+01  1.71132830e+03 -1.95919943e+01  1.71132830e+03 -1.72483593e+01  1.71132830e+03 -2.30119794e+01  1.71132830e+03 -2.19831070e+01  1.71132830e+03 -2.34358218e+01  1.71132830e+03 -1.87590762e+01  1.71132830e+03 -2.11408521e+01  1.71132830e+03 -1.95101325e+01  1.71132830e+03 -1.88701892e+01  1.71132830e+03 -2.05638012e+01  1.71132830e+03 -2.24647069e+01 
 1.77827941e+03 -2.22158107e+01  1.77827941e+03 -2.16147597e+01  1.77827941e+03 -1.77381802e+01  1.77827941e+03 -2.52446061e+01  1.77827941e+03 -2.18181266e+01  1.77827941e+03 -2.03965337e+01  1.77827941e+03 -1.98843990e+01  1.77827941e+03 -1.70576650e+01  1.77827941e+03 -2.48949279e+01  1.77827941e+03 -2.44448738e+01  1.77827941e+03 -2.08031352e+01  1.77827941e+03 -2.38833780e+01  1.77827941e+03 -2.10028305e+01  1.77827941e+03 -2.01275817e+01  1.77827941e+03 -1.83528633e+01  1.77827941e+03 -1.83079997e+01  1.77827941e+03 -1.85895467e+01  1.77827941e+03 -1.81368489e+01  1.77827941e+03 -1.97493179e+01  1.77827941e+03 -1.99215903e+01  1.77827941e+03 -1.75789764e+01  1.77827941e+03 -2.33431767e+01  1.77827941e+03 -2.23136198e+01  1.77827941e+03 -2.37672573e+01  1.77827941e+03 -1.90881525e+01  1.77827941e+03 -2.14715228e+01  1.77827941e+03 -1.98407584e+01  1.77827941e+03 -1.91988755e+01  1.77827941e+03 -2.08944646e+01  1.77827941e+03 -2.27961496e+01 
 1.84784980e+03 -2.25471082e+01  1.84784980e+03 -2.19461605e+01  1.84784980e+03 -1.80674803e+01  1.84784980e+03 -2.55763405e+01  1.84784980e+03 -2.21499026e+01  1.84784980e+03 -2.07266114e+01  1.84784980e+03 -2.02131899e+01  1.84784980e+03 -1.73878137e+01  1.84784980e+03 -2.52269566e+01  1.84784980e+03 -2.47772525e+01  1.84784980e+03 -2.11323485e+01  1.84784980e+03 -2.42147977e+01  1.84784980e+03 -2.13344524e+01  1.84784980e+03 -2.04580667e+01  1.84784980e+03 -1.86820916e+01  1.84784980e+03 -1.86380091e+01  1.84784980e+03 -1.89171225e+01  1.84784980e+03 -1.84660471e+01  1.84784980e+03 -2.00783046e+01  1.84784980e+03 -2.02514595e+01  1.84784980e+03 -1.79097927e+01  1.84784980e+03 -2.36745309e+01  1.84784980e+03 -2.26443394e+01  1.84784980e+03 -2.40988324e+01  1.84784980e+03 -1.94175396e+01  1.84784980e+03 -2.18023888e+01  1.84784980e+03 -2.01715828e+01  1.84784980e+03 -1.95279007e+01  1.84784980e+03 -2.12253238e+01  1.84784980e+03 -2.31277313e+01 
 1.92014194e+03 -2.28785554e+01  1.92014194e+03 -2.22777033e+01  1.92014194e+03 -1.83970750e+01  1.92014194e+03 -2.59081925e+01  1.92014194e+03 -2.24817931e+01  1.92014194e+03 -2.10569273e+01  1.92014194e+03 -2.05423121e+01  1.92014194e+03 -1.77181955e+01  1.92014194e+03 -2.55590812e+01  1.92014194e+03 -2.51097015e+01  1.92014194e+03 -2.14618628e+01  1.92014194e+03 -2.45463581e+01  1.92014194e+03 -2.16662001e+01  1.92014194e+03 -2.07887606e+01  1.92014194e+03 -1.90116198e+01  1.92014194e+03 -1.89682618e+01  1.92014194e+03 -1.92451169e+01  1.92014194e+03 -1.87955473e+01  1.92014194e+03 -2.04076086e+01  1.92014194e+03 -2.05815822e+01  1.92014194e+03 -1.82407937e+01  1.92014194e+03 -2.40060305e+01  1.92014194e+03 -2.29752508e+01  1.92014194e+03 -2.44305367e+01  1.92014194e+03 -1.97472150e+01  1.92014194e+03 -2.21334358e+01  1.92014194e+03 -2.05025914e+01  1.92014194e+03 -1.98572403e+01  1.92014194e+03 -2.15563646e+01  1.92014194e+03 -2.34594418e+01 
 1.99526231e+03 -2.32101411e+01  1.99526231e+03 -2.26093777e+01  1.99526231e+03 -1.87269431e+01  1.99526231e+03 -2.62401535e+01  1.99526231e+03 -2.28137898e+01  1.99526231e+03 -2.13874644e+01  1.99526231e+03 -2.08717419e+01  1.99526231e+03 -1.80487936e+01  1.99526231e+03 -2.58912949e+01  1.99526231e+03 -2.54422157e+01  1.99526231e+03 -2.17916562e+01  1.99526231e+03 -2.48780488e+01  1.99526231e+03 -2.19980645e+01  1.99526231e+03 -2.11196479e+01  1.99526231e+03 -1.93414261e+01  1.99526231e+03 -1.92987402e+01  1.99526231e+03 -1.95734998e+01  1.99526231e+03 -1.91253277e+01  1.99526231e+03 -2.07372069e+01  1.99526231e+03 -2.09119400e+01  1.99526231e+03 -1.85719658e+01  1.99526231e+03 -2.43376649e+01  1.99526231e+03 -2.33063398e+01  1.99526231e+03 -2.47623608e+01  1.99526231e+03 -2.00771579e+01  1.99526231e+03 -2.24646507e+01  1.99526231e+03 -2.08337705e+01  1.99526231e+03 -2.01868717e+01  1.99526231e+03 -2.18875736e+01  1.99526231e+03 -2.37912717e+01 
 2.07332157e+03 -2.35418554e+01  2.07332157e+03 -2.29411741e+01  2.07332157e+03 -1.90570647e+01  2.07332157e+03 -2.65722155e+01  2.07332157e+03 -2.31458849e+01  2.07332157e+03 -2.17182064e+01  2.07332157e+03 -2.12014569e+01  2.07332157e+03 -1.83795922e+01  2.07332157e+03 -2.62235911e+01  2.07332157e+03 -2.57747903e+01  2.07332157e+03 -2.21217086e+01  2.07332157e+03 -2.52098603e+01  2.07332157e+03 -2.23300370e+01  2.07332157e+03 -2.14507148e+01  2.07332157e+03 -1.96714904e+01  2.07332157e+03 -1.96294278e+01  2.07332157e+03 -1.99022435e+01  2.07332157e+03 -1.94553680e+01  2.07332157e+03 -2.10670783e+01  2.07332157e+03 -2.12425158e+01  2.07332157e+03 -1.89032967e+01  2.07332157e+03 -2.46694243e+01  2.07332157e+03 -2.36375936e+01  2.07332157e+03 -2.50942959e+01  2.07332157e+03 -2.04073489e+01  2.07332157e+03 -2.27960211e+01  2.07332157e+03 -2.11651079e+01  2.07332157e+03 -2.05167738e+01  2.07332157e+03 -2.22189387e+01  2.07332157e+03 -2.41232121e+01 
 2.15443469e+03 -2.38736887e+01  2.15443469e+03 -2.32730836e+01  2.15443469e+03 -1.93874215e+01  2.15443469e+03 -2.69043711e+01  2.15443469e+03 -2.34780711e+01  2.15443469e+03 -2.20491385e+01  2.15443469e+03 -2.15314365e+01  2.15443469e+03 -1.87105768e+01  2.15443469e+03 -2.65559636e+01  2.15443469e+03 -2.61074208e+01  2.15443469e+03 -2.24520011e+01  2.15443469e+03 -2.55417838e+01  2.15443469e+03 -2.26621096e+01  2.15443469e+03 -2.17819480e+01  2.15443469e+03 -2.00017941e+01  2.15443469e+03 -1.99603094e+01  2.15443469e+03 -2.02313219e+01  2.15443469e+03 -1.97856494e+01  2.15443469e+03 -2.13972031e+01  2.15443469e+03 -2.15732937e+01  2.15443469e+03 -1.92347746e+01  2.15443469e+03 -2.50012994e+01  2.15443469e+03 -2.39690002e+01  2.15443469e+03 -2.54263340e+01  2.15443469e+03 -2.07377701e+01  2.15443469e+03 -2.31275358e+01  2.15443469e+03 -2.14965919e+01  2.15443469e+03 -2.08469270e+01  2.15443469e+03 -2.25504484e+01  2.15443469e+03 -2.44552551e+01 
 2.23872114e+03 -2.42056324e+01  2.23872114e+03 -2.36050978e+01  2.23872114e+03 -1.97179963e+01  2.23872114e+03 -2.72366134e+01  2.23872114e+03 -2.38103419e+01  2.23872114e+03 -2.23802469e+01  2.23872114e+03 -2.18616616e+01  2.23872114e+03 -1.90417338e+01  2.23872114e+03 -2.68884069e+01  2.23872114e+03 -2.64401031e+01  2.23872114e+03 -2.27825164e+01  2.23872114e+03 -2.58738110e+01  2.23872114e+03 -2.29942751e+01  2.23872114e+03 -2.21133356e+01  2.23872114e+03 -2.03323197e+01  2.23872114e+03 -2.02913710e+01  2.23872114e+03 -2.05607110e+01  2.23872114e+03 -2.01161543e+01  2.23872114e+03 -2.17275627e+01  2.23872114e+03 -2.19042591e+01  2.23872114e+03 -1.95663890e+01  2.23872114e+03 -2.53332818e+01  2.23872114e+03 -2.43005484e+01  2.23872114e+03 -2.57584674e+01  2.23872114e+03 -2.10684047e+01  2.23872114e+03 -2.34591842e+01  2.23872114e+03 -2.18282119e+01  2.23872114e+03 -2.11773131e+01  2.23872114e+03 -2.28820921e+01  2.23872114e+03 -2.47873930e+01 
 2.32630507e+03 -2.45376784e+01  2.32630507e+03 -2.39372092e+01  2.32630507e+03 -2.00487734e+01  2.32630507e+03 -2.75689361e+01  2.32630507e+03 -2.41426908e+01  2.32630507e+03 -2.27115186e+01  2.32630507e+03 -2.21921143e+01  2.32630507e+03 -1.93730506e+01  2.32630507e+03 -2.72209159e+01  2.32630507e+03 -2.67728334e+01  2.32630507e+03 -2.31132383e+01  2.32630507e+03 -2.62059344e+01  2.32630507e+03 -2.33265265e+01  2.32630507e+03 -2.24448660e+01  2.32630507e+03 -2.06630511e+01  2.32630507e+03 -2.06225993e+01  2.32630507e+03 -2.08903883e+01  2.32630507e+03 -2.04468666e+01  2.32630507e+03 -2.20581403e+01  2.32630507e+03 -2.22353984e+01  2.32630507e+03 -1.98981297e+01  2.32630507e+03 -2.56653636e+01  2.32630507e+03 -2.46322278e+01  2.32630507e+03 -2.60906891e+01  2.32630507e+03 -2.13992372e+01  2.32630507e+03 -2.37909565e+01  2.32630507e+03 -2.21599578e+01  2.32630507e+03 -2.15079151e+01  2.32630507e+03 -2.32138601e+01  2.32630507e+03 -2.51196190e+01 
 2.41731548e+03 -2.48698191e+01  2.41731548e+03 -2.42694105e+01  2.41731548e+03 -2.03797381e+01  2.41731548e+03 -2.79013333e+01  2.41731548e+03 -2.44751124e+01  2.41731548e+03 -2.30429417e+01  2.41731548e+03 -2.25227782e+01  2.41731548e+03 -1.97045156e+01  2.41731548e+03 -2.75534856e+01  2.41731548e+03 -2.71056083e+01  2.41731548e+03 -2.34441518e+01  2.41731548e+03 -2.65381468e+01  2.41731548e+03 -2.36588576e+01  2.41731548e+03 -2.27765291e+01  2.41731548e+03 -2.09939734e+01  2.41731548e+03 -2.09539822e+01  2.41731548e+03 -2.12203329e+01  2.41731548e+03 -2.07777710e+01  2.41731548e+03 -2.23889198e+01  2.41731548e+03 -2.25666987e+01  2.41731548e+03 -2.02299876e+01  2.41731548e+03 -2.59975376e+01  2.41731548e+03 -2.49640288e+01  2.41731548e+03 -2.64229928e+01  2.41731548e+03 -2.17302531e+01  2.41731548e+03 -2.41228436e+01  2.41731548e+03 -2.24918205e+01  2.41731548e+03 -2.18387174e+01  2.41731548e+03 -2.35457432e+01  2.41731548e+03 -2.54519265e+01 
 2.51188643e+03 -2.52020477e+01  2.51188643e+03 -2.46016952e+01  2.51188643e+03 -2.07108765e+01  2.51188643e+03 -2.82337994e+01  2.51188643e+03 -2.48076011e+01  2.51188643e+03 -2.33745052e+01  2.51188643e+03 -2.28536378e+01  2.51188643e+03 -2.00361178e+01  2.51188643e+03 -2.78861116e+01  2.51188643e+03 -2.74384243e+01  2.51188643e+03 -2.37752428e+01  2.51188643e+03 -2.68704418e+01  2.51188643e+03 -2.39912626e+01  2.51188643e+03 -2.31083149e+01  2.51188643e+03 -2.13250726e+01  2.51188643e+03 -2.12855085e+01  2.51188643e+03 -2.15505255e+01  2.51188643e+03 -2.11088538e+01  2.51188643e+03 -2.27198868e+01  2.51188643e+03 -2.28981484e+01  2.51188643e+03 -2.05619540e+01  2.51188643e+03 -2.63297969e+01  2.51188643e+03 -2.52959425e+01  2.51188643e+03 -2.67553722e+01  2.51188643e+03 -2.20614392e+01  2.51188643e+03 -2.44548371e+01  2.51188643e+03 -2.28237914e+01  2.51188643e+03 -2.21697054e+01  2.51188643e+03 -2.38777330e+01  2.51188643e+03 -2.57843096e+01 
 2.61015722e+03 -2.55343576e+01  2.61015722e+03 -2.49340571e+01  2.61015722e+03 -2.10421762e+01  2.61015722e+03 -2.85663294e+01  2.61015722e+03 -2.51401521e+01  2.61015722e+03 -2.37061988e+01  2.61015722e+03 -2.31846790e+01  2.61015722e+03 -2.03678474e+01  2.61015722e+03 -2.82187897e+01  2.61015722e+03 -2.77712785e+01  2.61015722e+03 -2.41064984e+01  2.61015722e+03 -2.72028133e+01  2.61015722e+03 -2.43237360e+01  2.61015722e+03 -2.34402146e+01  2.61015722e+03 -2.16563358e+01  2.61015722e+03 -2.16171675e+01  2.61015722e+03 -2.18809482e+01  2.61015722e+03 -2.14401017e+01  2.61015722e+03 -2.30510274e+01  2.61015722e+03 -2.32297365e+01  2.61015722e+03 -2.08940211e+01  2.61015722e+03 -2.66621354e+01  2.61015722e+03 -2.56279608e+01  2.61015722e+03 -2.70878220e+01  2.61015722e+03 -2.23927830e+01  2.61015722e+03 -2.47869292e+01  2.61015722e+03 -2.31558625e+01  2.61015722e+03 -2.25008655e+01  2.61015722e+03 -2.42098218e+01  2.61015722e+03 -2.61167628e+01 
 2.71227258e+03 -2.58667429e+01  2.71227258e+03 -2.52664907e+01  2.71227258e+03 -2.13736252e+01  2.71227258e+03 -2.88989187e+01  2.71227258e+03 -2.54727607e+01  2.71227258e+03 -2.40380130e+01  2.71227258e+03 -2.35158884e+01  2.71227258e+03 -2.06996949e+01  2.71227258e+03 -2.85515162e+01  2.71227258e+03 -2.81041680e+01  2.71227258e+03 -2.44379067e+01  2.71227258e+03 -2.75352557e+01  2.71227258e+03 -2.46562728e+01  2.71227258e+03 -2.37722198e+01  2.71227258e+03 -2.19877511e+01  2.71227258e+03 -2.19489497e+01  2.71227258e+03 -2.22115841e+01  2.71227258e+03 -2.17715029e+01  2.71227258e+03 -2.33823290e+01  2.71227258e+03 -2.35614529e+01  2.71227258e+03 -2.12261813e+01  2.71227258e+03 -2.69945472e+01  2.71227258e+03 -2.59600758e+01  2.71227258e+03 -2.74203369e+01  2.71227258e+03 -2.27242729e+01  2.71227258e+03 -2.51191128e+01  2.71227258e+03 -2.34880266e+01  2.71227258e+03 -2.28321852e+01  2.71227258e+03 -2.45420021e+01  2.71227258e+03 -2.64492808e+01 
 2.81838293e+03 -2.61991981e+01  2.81838293e+03 -2.55989905e+01  2.81838293e+03 -2.17052127e+01  2.81838293e+03 -2.92315628e+01  2.81838293e+03 -2.58054228e+01  2.81838293e+03 -2.43699390e+01  2.81838293e+03 -2.38472538e+01  2.81838293e+03 -2.10316517e+01  2.81838293e+03 -2.88842874e+01  2.81838293e+03 -2.84370903e+01  2.81838293e+03 -2.47694564e+01  2.81838293e+03 -2.78677638e+01  2.81838293e+03 -2.49888683e+01  2.81838293e+03 -2.41043227e+01  2.81838293e+03 -2.23193074e+01  2.81838293e+03 -2.22808461e+01  2.81838293e+03 -2.25424179e+01  2.81838293e+03 -2.21030460e+01  2.81838293e+03 -2.37137798e+01  2.81838293e+03 -2.38932882e+01  2.81838293e+03 -2.15584280e+01  2.81838293e+03 -2.73270268e+01  2.81838293e+03 -2.62922805e+01  2.81838293e+03 -2.77529121e+01  2.81838293e+03 -2.30558983e+01  2.81838293e+03 -2.54513810e+01  2.81838293e+03 -2.38202768e+01  2.81838293e+03 -2.31636528e+01  2.81838293e+03 -2.48742674e+01  2.81838293e+03 -2.67818589e+01 
 2.92864456e+03 -2.65317180e+01  2.92864456e+03 -2.59315518e+01  2.92864456e+03 -2.20369286e+01  2.92864456e+03 -2.95642577e+01  2.92864456e+03 -2.61381344e+01  2.92864456e+03 -2.47019686e+01  2.92864456e+03 -2.41787638e+01  2.92864456e+03 -2.13637099e+01  2.92864456e+03 -2.92171001e+01  2.92864456e+03 -2.87700429e+01  2.92864456e+03 -2.51011372e+01  2.92864456e+03 -2.82003326e+01  2.92864456e+03 -2.53215182e+01  2.92864456e+03 -2.44365163e+01  2.92864456e+03 -2.26509943e+01  2.92864456e+03 -2.26128481e+01  2.92864456e+03 -2.28734350e+01  2.92864456e+03 -2.24347207e+01  2.92864456e+03 -2.40453691e+01  2.92864456e+03 -2.42252338e+01  2.92864456e+03 -2.18907547e+01  2.92864456e+03 -2.76595694e+01  2.92864456e+03 -2.66245684e+01  2.92864456e+03 -2.80855432e+01  2.92864456e+03 -2.33876493e+01  2.92864456e+03 -2.57837276e+01  2.92864456e+03 -2.41526068e+01  2.92864456e+03 -2.34952576e+01  2.92864456e+03 -2.52066114e+01  2.92864456e+03 -2.71144926e+01 
 3.04321989e+03 -2.68642978e+01  3.04321989e+03 -2.62641700e+01  3.04321989e+03 -2.23687635e+01  3.04321989e+03 -2.98969998e+01  3.04321989e+03 -2.64708918e+01  3.04321989e+03 -2.50340941e+01  3.04321989e+03 -2.45104078e+01  3.04321989e+03 -2.16958619e+01  3.04321989e+03 -2.95499512e+01  3.04321989e+03 -2.91030236e+01  3.04321989e+03 -2.54329396e+01  3.04321989e+03 -2.85329579e+01  3.04321989e+03 -2.56542185e+01  3.04321989e+03 -2.47687938e+01  3.04321989e+03 -2.29828022e+01  3.04321989e+03 -2.29449482e+01  3.04321989e+03 -2.32046222e+01  3.04321989e+03 -2.27665174e+01  3.04321989e+03 -2.43770865e+01  3.04321989e+03 -2.45572815e+01  3.04321989e+03 -2.22231556e+01  3.04321989e+03 -2.79921703e+01  3.04321989e+03 -2.69569333e+01  3.04321989e+03 -2.84182261e+01  3.04321989e+03 -2.37195167e+01  3.04321989e+03 -2.61161470e+01  3.04321989e+03 -2.44850107e+01  3.04321989e+03 -2.38269894e+01  3.04321989e+03 -2.55390282e+01  3.04321989e+03 -2.74471780e+01 
 3.16227766e+03 -2.71969332e+01  3.16227766e+03 -2.65968409e+01  3.16227766e+03 -2.27007085e+01  3.16227766e+03 -3.02297854e+01  3.16227766e+03 -2.68036917e+01  3.16227766e+03 -2.53663086e+01  3.16227766e+03 -2.48421760e+01  3.16227766e+03 -2.20281009e+01  3.16227766e+03 -2.98828379e+01  3.16227766e+03 -2.94360303e+01  3.16227766e+03 -2.57648546e+01  3.16227766e+03 -2.88656353e+01  3.16227766e+03 -2.59869654e+01  3.16227766e+03 -2.51011490e+01  3.16227766e+03 -2.33147224e+01  3.16227766e+03 -2.32771390e+01  3.16227766e+03 -2.35359670e+01  3.16227766e+03 -2.30984272e+01  3.16227766e+03 -2.47089228e+01  3.16227766e+03 -2.48894238e+01  3.16227766e+03 -2.25556251e+01  3.16227766e+03 -2.83248252e+01  3.16227766e+03 -2.72893695e+01  3.16227766e+03 -2.87509570e+01  3.16227766e+03 -2.40514920e+01  3.16227766e+03 -2.64486337e+01  3.16227766e+03 -2.48174831e+01  3.16227766e+03 -2.41588391e+01  3.16227766e+03 -2.58715126e+01  3.16227766e+03 -2.77799111e+01 
 3.28599325e+03 -2.75296201e+01  3.28599325e+03 -2.69295607e+01  3.28599325e+03 -2.30327558e+01  3.28599325e+03 -3.05626114e+01  3.28599325e+03 -2.71365310e+01  3.28599325e+03 -2.56986054e+01  3.28599325e+03 -2.51740594e+01  3.28599325e+03 -2.23604205e+01  3.28599325e+03 -3.02157576e+01  3.28599325e+03 -2.97690612e+01  3.28599325e+03 -2.60968740e+01  3.28599325e+03 -2.91983611e+01  3.28599325e+03 -2.63197557e+01  3.28599325e+03 -2.54335763e+01  3.28599325e+03 -2.36467466e+01  3.28599325e+03 -2.36094140e+01  3.28599325e+03 -2.38674578e+01  3.28599325e+03 -2.34304417e+01  3.28599325e+03 -2.50408693e+01  3.28599325e+03 -2.52216539e+01  3.28599325e+03 -2.28881584e+01  3.28599325e+03 -2.86575301e+01  3.28599325e+03 -2.76218718e+01  3.28599325e+03 -2.90837323e+01  3.28599325e+03 -2.43835672e+01  3.28599325e+03 -2.67811828e+01  3.28599325e+03 -2.51500190e+01  3.28599325e+03 -2.44907979e+01  3.28599325e+03 -2.62040595e+01  3.28599325e+03 -2.81126886e+01 
 3.41454887e+03 -2.78623547e+01  3.41454887e+03 -2.72623257e+01  3.41454887e+03 -2.33648977e+01  3.41454887e+03 -3.08954749e+01  3.41454887e+03 -2.74694067e+01  3.41454887e+03 -2.60309786e+01  3.41454887e+03 -2.55060495e+01  3.41454887e+03 -2.26928148e+01  3.41454887e+03 -3.05487077e+01  3.41454887e+03 -3.01021144e+01  3.41454887e+03 -2.64289901e+01  3.41454887e+03 -2.95311317e+01  3.41454887e+03 -2.66525860e+01  3.41454887e+03 -2.57660704e+01  3.41454887e+03 -2.39788672e+01  3.41454887e+03 -2.39417670e+01  3.41454887e+03 -2.41990841e+01  3.41454887e+03 -2.37625533e+01  3.41454887e+03 -2.53729178e+01  3.41454887e+03 -2.55539652e+01  3.41454887e+03 -2.32207506e+01  3.41454887e+03 -2.89902814e+01  3.41454887e+03 -2.79544354e+01  3.41454887e+03 -2.94165487e+01  3.41454887e+03 -2.47157351e+01  3.41454887e+03 -2.71137897e+01  3.41454887e+03 -2.54826136e+01  3.41454887e+03 -2.48228579e+01  3.41454887e+03 -2.65366645e+01  3.41454887e+03 -2.84455070e+01 
 3.54813389e+03 -2.81951334e+01  3.54813389e+03 -2.75951326e+01  3.54813389e+03 -2.36971274e+01  3.54813389e+03 -3.12283730e+01  3.54813389e+03 -2.78023162e+01  3.54813389e+03 -2.63634226e+01  3.54813389e+03 -2.58381384e+01  3.54813389e+03 -2.30252783e+01  3.54813389e+03 -3.08816862e+01  3.54813389e+03 -3.04351882e+01  3.54813389e+03 -2.67611958e+01  3.54813389e+03 -2.98639439e+01  3.54813389e+03 -2.69854534e+01  3.54813389e+03 -2.60986264e+01  3.54813389e+03 -2.43110770e+01  3.54813389e+03 -2.42741922e+01  3.54813389e+03 -2.45308360e+01  3.54813389e+03 -2.40947548e+01  3.54813389e+03 -2.57050609e+01  3.54813389e+03 -2.58863518e+01  3.54813389e+03 -2.35533974e+01  3.54813389e+03 -2.93230756e+01  3.54813389e+03 -2.82870558e+01  3.54813389e+03 -2.97494033e+01  3.54813389e+03 -2.50479888e+01  3.54813389e+03 -2.74464502e+01  3.54813389e+03 -2.58152627e+01  3.54813389e+03 -2.51550116e+01  3.54813389e+03 -2.68693231e+01  3.54813389e+03 -2.87783634e+01 
 3.68694506e+03 -2.85279530e+01  3.68694506e+03 -2.79279784e+01  3.68694506e+03 -2.40294384e+01  3.68694506e+03 -3.15613033e+01  3.68694506e+03 -2.81352570e+01  3.68694506e+03 -2.66959321e+01  3.68694506e+03 -2.61703190e+01  3.68694506e+03 -2.33578059e+01  3.68694506e+03 -3.12146908e+01  3.68694506e+03 -3.07682812e+01  3.68694506e+03 -2.70934845e+01  3.68694506e+03 -3.01967945e+01  3.68694506e+03 -2.73183552e+01  3.68694506e+03 -2.64312396e+01  3.68694506e+03 -2.46433696e+01  3.68694506e+03 -2.46066843e+01  3.68694506e+03 -2.48627041e+01  3.68694506e+03 -2.44270397e+01  3.68694506e+03 -2.60372916e+01  3.68694506e+03 -2.62188081e+01  3.68694506e+03 -2.38860949e+01  3.68694506e+03 -2.96559096e+01  3.68694506e+03 -2.86197287e+01  3.68694506e+03 -3.00822932e+01  3.68694506e+03 -2.53803220e+01  3.68694506e+03 -2.77791603e+01  3.68694506e+03 -2.61479623e+01  3.68694506e+03 -2.54872522e+01  3.68694506e+03 -2.72020315e+01  3.68694506e+03 -2.91112550e+01 
 3.83118685e+03 -2.88608105e+01  3.83118685e+03 -2.82608602e+01  3.83118685e+03 -2.43618247e+01  3.83118685e+03 -3.18942633e+01  3.83118685e+03 -2.84682267e+01  3.83118685e+03 -2.70285024e+01  3.83118685e+03 -2.65025844e+01  3.83118685e+03 -2.36903929e+01  3.83118685e+03 -3.15477197e+01  3.83118685e+03 -3.11013920e+01  3.83118685e+03 -2.74258503e+01  3.83118685e+03 -3.05296807e+01  3.83118685e+03 -2.76512888e+01  3.83118685e+03 -2.67639060e+01  3.83118685e+03 -2.49757389e+01  3.83118685e+03 -2.49392384e+01  3.83118685e+03 -2.51946801e+01  3.83118685e+03 -2.47594018e+01  3.83118685e+03 -2.63696036e+01  3.83118685e+03 -2.65513291e+01  3.83118685e+03 -2.42188393e+01  3.83118685e+03 -2.99887804e+01  3.83118685e+03 -2.89524503e+01  3.83118685e+03 -3.04152159e+01  3.83118685e+03 -2.57127289e+01  3.83118685e+03 -2.81119164e+01  3.83118685e+03 -2.64807086e+01  3.83118685e+03 -2.58195733e+01  3.83118685e+03 -2.75347860e+01  3.83118685e+03 -2.94441792e+01 
 3.98107171e+03 -2.91937031e+01  3.98107171e+03 -2.85937752e+01  3.98107171e+03 -2.46942807e+01  3.98107171e+03 -3.22272508e+01  3.98107171e+03 -2.88012233e+01  3.98107171e+03 -2.73611289e+01  3.98107171e+03 -2.68349285e+01  3.98107171e+03 -2.40230349e+01  3.98107171e+03 -3.18807711e+01  3.98107171e+03 -3.14345192e+01  3.98107171e+03 -2.77582873e+01  3.98107171e+03 -3.08625999e+01  3.98107171e+03 -2.79842519e+01  3.98107171e+03 -2.70966215e+01  3.98107171e+03 -2.53081792e+01  3.98107171e+03 -2.52718500e+01  3.98107171e+03 -2.55267559e+01  3.98107171e+03 -2.50918355e+01  3.98107171e+03 -2.67019908e+01  3.98107171e+03 -2.68839100e+01  3.98107171e+03 -2.45516271e+01  3.98107171e+03 -3.03216854e+01  3.98107171e+03 -2.92852171e+01  3.98107171e+03 -3.07481688e+01  3.98107171e+03 -2.60452040e+01  3.98107171e+03 -2.84447151e+01  3.98107171e+03 -2.68134981e+01  3.98107171e+03 -2.61519689e+01  3.98107171e+03 -2.78675831e+01  3.98107171e+03 -2.97771336e+01 
 4.13682040e+03 -2.95266283e+01  4.13682040e+03 -2.89267212e+01  4.13682040e+03 -2.50268014e+01  4.13682040e+03 -3.25602639e+01  4.13682040e+03 -2.91342447e+01  4.13682040e+03 -2.76938075e+01  4.13682040e+03 -2.71673455e+01  4.13682040e+03 -2.43557279e+01  4.13682040e+03 -3.22138433e+01  4.13682040e+03 -3.17676616e+01  4.13682040e+03 -2.80907904e+01  4.13682040e+03 -3.11955496e+01  4.13682040e+03 -2.83172424e+01  4.13682040e+03 -2.74293826e+01  4.13682040e+03 -2.56406853e+01  4.13682040e+03 -2.56045147e+01  4.13682040e+03 -2.58589244e+01  4.13682040e+03 -2.54243355e+01  4.13682040e+03 -2.70344477e+01  4.13682040e+03 -2.72165464e+01  4.13682040e+03 -2.48844552e+01  4.13682040e+03 -3.06546219e+01  4.13682040e+03 -2.96180256e+01  4.13682040e+03 -3.10811498e+01  4.13682040e+03 -2.63777424e+01  4.13682040e+03 -2.87775531e+01  4.13682040e+03 -2.71463279e+01  4.13682040e+03 -2.64844337e+01  4.13682040e+03 -2.82004199e+01  4.13682040e+03 -3.01101159e+01 
 4.29866235e+03 -2.98595836e+01  4.29866235e+03 -2.92596957e+01  4.29866235e+03 -2.53593821e+01  4.29866235e+03 -3.28933006e+01  4.29866235e+03 -2.94672892e+01  4.29866235e+03 -2.80265344e+01  4.29866235e+03 -2.74998300e+01  4.29866235e+03 -2.46884681e+01  4.29866235e+03 -3.25469348e+01  4.29866235e+03 -3.21008181e+01  4.29866235e+03 -2.84233546e+01  4.29866235e+03 -3.15285277e+01  4.29866235e+03 -2.86502581e+01  4.29866235e+03 -2.77621860e+01  4.29866235e+03 -2.59732524e+01  4.29866235e+03 -2.59372288e+01  4.29866235e+03 -2.61911786e+01  4.29866235e+03 -2.57568969e+01  4.29866235e+03 -2.73669692e+01  4.29866235e+03 -2.75492341e+01  4.29866235e+03 -2.52173205e+01  4.29866235e+03 -3.09875877e+01  4.29866235e+03 -2.99508728e+01  4.29866235e+03 -3.14141569e+01  4.29866235e+03 -2.67103395e+01  4.29866235e+03 -2.91104278e+01  4.29866235e+03 -2.74791947e+01  4.29866235e+03 -2.68169624e+01  4.29866235e+03 -2.85332932e+01  4.29866235e+03 -3.04431242e+01 
 4.46683592e+03 -3.01925668e+01  4.46683592e+03 -2.95926967e+01  4.46683592e+03 -2.56920182e+01  4.46683592e+03 -3.32263592e+01  4.46683592e+03 -2.98003549e+01  4.46683592e+03 -2.83593060e+01  4.46683592e+03 -2.78323771e+01  4.46683592e+03 -2.50212521e+01  4.46683592e+03 -3.28800441e+01  4.46683592e+03 -3.24339877e+01  4.46683592e+03 -2.87559756e+01  4.46683592e+03 -3.18615320e+01  4.46683592e+03 -2.89832973e+01  4.46683592e+03 -2.80950284e+01  4.46683592e+03 -2.63058760e+01  4.46683592e+03 -2.62699886e+01  4.46683592e+03 -2.65235123e+01  4.46683592e+03 -2.60895153e+01  4.46683592e+03 -2.76995506e+01  4.46683592e+03 -2.78819695e+01  4.46683592e+03 -2.55502204e+01  4.46683592e+03 -3.13205807e+01  4.46683592e+03 -3.02837559e+01  4.46683592e+03 -3.17471880e+01  4.46683592e+03 -2.70429908e+01  4.46683592e+03 -2.94433363e+01  4.46683592e+03 -2.78120960e+01  4.46683592e+03 -2.71495505e+01  4.46683592e+03 -2.88662006e+01  4.46683592e+03 -3.07761565e+01 
 4.64158883e+03 -3.05255758e+01  4.64158883e+03 -2.99257222e+01  4.64158883e+03 -2.60247057e+01  4.64158883e+03 -3.35594381e+01  4.64158883e+03 -3.01334405e+01  4.64158883e+03 -2.86921191e+01  4.64158883e+03 -2.81649822e+01  4.64158883e+03 -2.53540766e+01  4.64158883e+03 -3.32131700e+01  4.64158883e+03 -3.27671693e+01  4.64158883e+03 -2.90886491e+01  4.64158883e+03 -3.21945605e+01  4.64158883e+03 -2.93163582e+01  4.64158883e+03 -2.84279070e+01  4.64158883e+03 -2.66385519e+01  4.64158883e+03 -2.66027906e+01  4.64158883e+03 -2.68559197e+01  4.64158883e+03 -2.64221863e+01  4.64158883e+03 -2.80321874e+01  4.64158883e+03 -2.82147489e+01  4.64158883e+03 -2.58831522e+01  4.64158883e+03 -3.16535988e+01  4.64158883e+03 -3.06166723e+01  4.64158883e+03 -3.20802414e+01  4.64158883e+03 -2.73756923e+01  4.64158883e+03 -2.97762761e+01  4.64158883e+03 -2.81450292e+01  4.64158883e+03 -2.74821935e+01  4.64158883e+03 -2.91991393e+01  4.64158883e+03 -3.11092110e+01 
 4.82317848e+03 -3.08586087e+01  4.82317848e+03 -3.02587705e+01  4.82317848e+03 -2.63574409e+01  4.82317848e+03 -3.38925358e+01  4.82317848e+03 -3.04665443e+01  4.82317848e+03 -2.90249705e+01  4.82317848e+03 -2.84976409e+01  4.82317848e+03 -2.56869387e+01  4.82317848e+03 -3.35463112e+01  4.82317848e+03 -3.31003622e+01  4.82317848e+03 -2.94213712e+01  4.82317848e+03 -3.25276116e+01  4.82317848e+03 -2.96494393e+01  4.82317848e+03 -2.87608192e+01  4.82317848e+03 -2.69712763e+01  4.82317848e+03 -2.69356319e+01  4.82317848e+03 -2.71883953e+01  4.82317848e+03 -2.67549062e+01  4.82317848e+03 -2.83648755e+01  4.82317848e+03 -2.85475692e+01  4.82317848e+03 -2.62161137e+01  4.82317848e+03 -3.19866402e+01  4.82317848e+03 -3.09496194e+01  4.82317848e+03 -3.24133155e+01  4.82317848e+03 -2.77084405e+01  4.82317848e+03 -3.01092450e+01  4.82317848e+03 -2.84779919e+01  4.82317848e+03 -2.78148875e+01  4.82317848e+03 -2.95321072e+01  4.82317848e+03 -3.14422860e+01 
 5.01187234e+03 -3.11916639e+01  5.01187234e+03 -3.05918398e+01  5.01187234e+03 -2.66902201e+01  5.01187234e+03 -3.42256509e+01  5.01187234e+03 -3.07996651e+01  5.01187234e+03 -2.93578575e+01  5.01187234e+03 -2.88303494e+01  5.01187234e+03 -2.60198355e+01  5.01187234e+03 -3.38794665e+01  5.01187234e+03 -3.34335654e+01  5.01187234e+03 -2.97541385e+01  5.01187234e+03 -3.28606835e+01  5.01187234e+03 -2.99825389e+01  5.01187234e+03 -2.90937625e+01  5.01187234e+03 -2.73040456e+01  5.01187234e+03 -2.72685095e+01  5.01187234e+03 -2.75209341e+01  5.01187234e+03 -2.70876713e+01  5.01187234e+03 -2.86976113e+01  5.01187234e+03 -2.88804274e+01  5.01187234e+03 -2.65491026e+01  5.01187234e+03 -3.23197031e+01  5.01187234e+03 -3.12825950e+01  5.01187234e+03 -3.27464087e+01  5.01187234e+03 -2.80412319e+01  5.01187234e+03 -3.04422407e+01  5.01187234e+03 -2.88109819e+01  5.01187234e+03 -2.81476286e+01  5.01187234e+03 -2.98651020e+01  5.01187234e+03 -3.17753802e+01 
 5.20794833e+03 -3.15247395e+01  5.20794833e+03 -3.09249286e+01  5.20794833e+03 -2.70230403e+01  5.20794833e+03 -3.45587821e+01  5.20794833e+03 -3.11328015e+01  5.20794833e+03 -2.96907774e+01  5.20794833e+03 -2.91631040e+01  5.20794833e+03 -2.63527645e+01  5.20794833e+03 -3.42126351e+01  5.20794833e+03 -3.37667783e+01  5.20794833e+03 -3.00869475e+01  5.20794833e+03 -3.31937747e+01  5.20794833e+03 -3.03156558e+01  5.20794833e+03 -2.94267345e+01  5.20794833e+03 -2.76368566e+01  5.20794833e+03 -2.76014207e+01  5.20794833e+03 -2.78535315e+01  5.20794833e+03 -2.74204784e+01  5.20794833e+03 -2.90303911e+01  5.20794833e+03 -2.92133206e+01  5.20794833e+03 -2.68821170e+01  5.20794833e+03 -3.26527859e+01  5.20794833e+03 -3.16155970e+01  5.20794833e+03 -3.30795196e+01  5.20794833e+03 -2.83740632e+01  5.20794833e+03 -3.07752614e+01  5.20794833e+03 -2.91439973e+01  5.20794833e+03 -2.84804133e+01  5.20794833e+03 -3.01981218e+01  5.20794833e+03 -3.21084920e+01 
 5.41169527e+03 -3.18578342e+01  5.41169527e+03 -3.12580355e+01  5.41169527e+03 -2.73558983e+01  5.41169527e+03 -3.48919282e+01  5.41169527e+03 -3.14659525e+01  5.41169527e+03 -3.00237279e+01  5.41169527e+03 -2.94959013e+01  5.41169527e+03 -2.66857234e+01  5.41169527e+03 -3.45458157e+01  5.41169527e+03 -3.41000000e+01  5.41169527e+03 -3.04197951e+01  5.41169527e+03 -3.35268838e+01  5.41169527e+03 -3.06487887e+01  5.41169527e+03 -2.97597332e+01  5.41169527e+03 -2.79697060e+01  5.41169527e+03 -2.79343630e+01  5.41169527e+03 -2.81861831e+01  5.41169527e+03 -2.77533243e+01  5.41169527e+03 -2.93632117e+01  5.41169527e+03 -2.95462463e+01  5.41169527e+03 -2.72151549e+01  5.41169527e+03 -3.29858873e+01  5.41169527e+03 -3.19486235e+01  5.41169527e+03 -3.34126470e+01  5.41169527e+03 -2.87069316e+01  5.41169527e+03 -3.11083052e+01  5.41169527e+03 -2.94770362e+01  5.41169527e+03 -2.88132386e+01  5.41169527e+03 -3.05311648e+01  5.41169527e+03 -3.24416201e+01 
 5.62341325e+03 -3.21909465e+01  5.62341325e+03 -3.15911590e+01  5.62341325e+03 -2.76887914e+01  5.62341325e+03 -3.52250881e+01  5.62341325e+03 -3.17991170e+01  5.62341325e+03 -3.03567066e+01  5.62341325e+03 -2.98287381e+01  5.62341325e+03 -2.70187099e+01  5.62341325e+03 -3.48790077e+01  5.62341325e+03 -3.44332300e+01  5.62341325e+03 -3.07526786e+01  5.62341325e+03 -3.38600095e+01  5.62341325e+03 -3.09819364e+01  5.62341325e+03 -3.00927567e+01  5.62341325e+03 -2.83025912e+01  5.62341325e+03 -2.82673342e+01  5.62341325e+03 -2.85188851e+01  5.62341325e+03 -2.80862061e+01  5.62341325e+03 -2.96960702e+01  5.62341325e+03 -2.98792021e+01  5.62341325e+03 -2.75482146e+01  5.62341325e+03 -3.33190058e+01  5.62341325e+03 -3.22816726e+01  5.62341325e+03 -3.37457896e+01  5.62341325e+03 -2.90398343e+01  5.62341325e+03 -3.14413703e+01  5.62341325e+03 -2.98100968e+01  5.62341325e+03 -2.91461013e+01  5.62341325e+03 -3.08642292e+01  5.62341325e+03 -3.27747634e+01 
 5.84341413e+03 -3.25240752e+01  5.84341413e+03 -3.19242981e+01  5.84341413e+03 -2.80217169e+01  5.84341413e+03 -3.55582609e+01  5.84341413e+03 -3.21322939e+01  5.84341413e+03 -3.06897115e+01  5.84341413e+03 -3.01616115e+01  5.84341413e+03 -2.73517220e+01  5.84341413e+03 -3.52122101e+01  5.84341413e+03 -3.47664676e+01  5.84341413e+03 -3.10855953e+01  5.84341413e+03 -3.41931504e+01  5.84341413e+03 -3.13150978e+01  5.84341413e+03 -3.04258030e+01  5.84341413e+03 -2.86355094e+01  5.84341413e+03 -2.86003321e+01  5.84341413e+03 -2.88516335e+01  5.84341413e+03 -2.84191212e+01  5.84341413e+03 -3.00289637e+01  5.84341413e+03 -3.02121858e+01  5.84341413e+03 -2.78812945e+01  5.84341413e+03 -3.36521401e+01  5.84341413e+03 -3.26147427e+01  5.84341413e+03 -3.40789463e+01  5.84341413e+03 -2.93727687e+01  5.84341413e+03 -3.17744553e+01  5.84341413e+03 -3.01431775e+01  5.84341413e+03 -2.94789987e+01  5.84341413e+03 -3.11973135e+01  5.84341413e+03 -3.31079208e+01 
 6.07202196e+03 -3.28572189e+01  6.07202196e+03 -3.22574515e+01  6.07202196e+03 -2.83546726e+01  6.07202196e+03 -3.58914455e+01  6.07202196e+03 -3.24654824e+01  6.07202196e+03 -3.10227406e+01  6.07202196e+03 -3.04945189e+01  6.07202196e+03 -2.76847578e+01  6.07202196e+03 -3.55454222e+01  6.07202196e+03 -3.50997123e+01  6.07202196e+03 -3.14185428e+01  6.07202196e+03 -3.45263056e+01  6.07202196e+03 -3.16482719e+01  6.07202196e+03 -3.07588704e+01  6.07202196e+03 -2.89684583e+01  6.07202196e+03 -2.89333548e+01  6.07202196e+03 -2.91844252e+01  6.07202196e+03 -2.87520673e+01  6.07202196e+03 -3.03618897e+01  6.07202196e+03 -3.05451952e+01  6.07202196e+03 -2.82143931e+01  6.07202196e+03 -3.39852892e+01  6.07202196e+03 -3.29478322e+01  6.07202196e+03 -3.44121160e+01  6.07202196e+03 -2.97057326e+01  6.07202196e+03 -3.21075586e+01  6.07202196e+03 -3.04762769e+01  6.07202196e+03 -2.98119283e+01  6.07202196e+03 -3.15304161e+01  6.07202196e+03 -3.34410911e+01 
 6.30957344e+03 -3.31903767e+01  6.30957344e+03 -3.25906182e+01  6.30957344e+03 -2.86876561e+01  6.30957344e+03 -3.62246411e+01  6.30957344e+03 -3.27986816e+01  6.30957344e+03 -3.13557922e+01  6.30957344e+03 -3.08274577e+01  6.30957344e+03 -2.80178155e+01  6.30957344e+03 -3.58786432e+01  6.30957344e+03 -3.54329636e+01  6.30957344e+03 -3.17515187e+01  6.30957344e+03 -3.48594740e+01  6.30957344e+03 -3.19814577e+01  6.30957344e+03 -3.10919576e+01  6.30957344e+03 -2.93014355e+01  6.30957344e+03 -2.92664004e+01  6.30957344e+03 -2.95172568e+01  6.30957344e+03 -2.90850418e+01  6.30957344e+03 -3.06948457e+01  6.30957344e+03 -3.08782286e+01  6.30957344e+03 -2.85475090e+01  6.30957344e+03 -3.43184519e+01  6.30957344e+03 -3.32809398e+01  6.30957344e+03 -3.47452978e+01  6.30957344e+03 -3.00387238e+01  6.30957344e+03 -3.24406788e+01  6.30957344e+03 -3.08093935e+01  6.30957344e+03 -3.01448877e+01  6.30957344e+03 -3.18635358e+01  6.30957344e+03 -3.37742735e+01 
 6.55641849e+03 -3.35235474e+01  6.55641849e+03 -3.29237972e+01  6.55641849e+03 -2.90206655e+01  6.55641849e+03 -3.65578468e+01  6.55641849e+03 -3.31318907e+01  6.55641849e+03 -3.16888645e+01  6.55641849e+03 -3.11604256e+01  6.55641849e+03 -2.83508937e+01  6.55641849e+03 -3.62118725e+01  6.55641849e+03 -3.57662209e+01  6.55641849e+03 -3.20845210e+01  6.55641849e+03 -3.51926545e+01  6.55641849e+03 -3.23146545e+01  6.55641849e+03 -3.14250628e+01  6.55641849e+03 -2.96344390e+01  6.55641849e+03 -2.95994673e+01  6.55641849e+03 -2.98501254e+01  6.55641849e+03 -2.94180429e+01  6.55641849e+03 -3.10278296e+01  6.55641849e+03 -3.12112841e+01  6.55641849e+03 -2.88806410e+01  6.55641849e+03 -3.46516271e+01  6.55641849e+03 -3.36140640e+01  6.55641849e+03 -3.50784907e+01  6.55641849e+03 -3.03717402e+01  6.55641849e+03 -3.27738148e+01  6.55641849e+03 -3.11425262e+01  6.55641849e+03 -3.04778747e+01  6.55641849e+03 -3.21966712e+01  6.55641849e+03 -3.41074670e+01 
 6.81292069e+03 -3.38567301e+01  6.81292069e+03 -3.32569876e+01  6.81292069e+03 -2.93536987e+01  6.81292069e+03 -3.68910620e+01  6.81292069e+03 -3.34651090e+01  6.81292069e+03 -3.20219562e+01  6.81292069e+03 -3.14934205e+01  6.81292069e+03 -2.86839906e+01  6.81292069e+03 -3.65451095e+01  6.81292069e+03 -3.60994838e+01  6.81292069e+03 -3.24175478e+01  6.81292069e+03 -3.55258463e+01  6.81292069e+03 -3.26478613e+01  6.81292069e+03 -3.17581850e+01  6.81292069e+03 -2.99674669e+01  6.81292069e+03 -2.99325538e+01  6.81292069e+03 -3.01830283e+01  6.81292069e+03 -2.97510685e+01  6.81292069e+03 -3.13608392e+01  6.81292069e+03 -3.15443601e+01  6.81292069e+03 -2.92137879e+01  6.81292069e+03 -3.49848140e+01  6.81292069e+03 -3.39472036e+01  6.81292069e+03 -3.54116941e+01  6.81292069e+03 -3.07047800e+01  6.81292069e+03 -3.31069654e+01  6.81292069e+03 -3.14756737e+01  6.81292069e+03 -3.08108873e+01  6.81292069e+03 -3.25298213e+01  6.81292069e+03 -3.44406708e+01 
 7.07945784e+03 -3.41899240e+01  7.07945784e+03 -3.35901886e+01  7.07945784e+03 -2.96867542e+01  7.07945784e+03 -3.72242859e+01  7.07945784e+03 -3.37983357e+01  7.07945784e+03 -3.23550657e+01  7.07945784e+03 -3.18264404e+01  7.07945784e+03 -2.90171050e+01  7.07945784e+03 -3.68783537e+01  7.07945784e+03 -3.64327519e+01  7.07945784e+03 -3.27505971e+01  7.07945784e+03 -3.58590485e+01  7.07945784e+03 -3.29810775e+01  7.07945784e+03 -3.20913227e+01  7.07945784e+03 -3.03005173e+01  7.07945784e+03 -3.02656586e+01  7.07945784e+03 -3.05159629e+01  7.07945784e+03 -3.00841168e+01  7.07945784e+03 -3.16938728e+01  7.07945784e+03 -3.18774552e+01  7.07945784e+03 -2.95469485e+01  7.07945784e+03 -3.53180118e+01  7.07945784e+03 -3.42803576e+01  7.07945784e+03 -3.57449070e+01  7.07945784e+03 -3.10378415e+01  7.07945784e+03 -3.34401295e+01  7.07945784e+03 -3.18088349e+01  7.07945784e+03 -3.11439235e+01  7.07945784e+03 -3.28629849e+01  7.07945784e+03 -3.47738842e+01 
 7.35642254e+03 -3.45231281e+01  7.35642254e+03 -3.39233993e+01  7.35642254e+03 -3.00198301e+01  7.35642254e+03 -3.75575179e+01  7.35642254e+03 -3.41315704e+01  7.35642254e+03 -3.26881917e+01  7.35642254e+03 -3.21594834e+01  7.35642254e+03 -2.93502356e+01  7.35642254e+03 -3.72116044e+01  7.35642254e+03 -3.67660248e+01  7.35642254e+03 -3.30836675e+01  7.35642254e+03 -3.61922605e+01  7.35642254e+03 -3.33143023e+01  7.35642254e+03 -3.24244749e+01  7.35642254e+03 -3.06335886e+01  7.35642254e+03 -3.05987802e+01  7.35642254e+03 -3.08489270e+01  7.35642254e+03 -3.04171862e+01  7.35642254e+03 -3.20269285e+01  7.35642254e+03 -3.22105678e+01  7.35642254e+03 -2.98801219e+01  7.35642254e+03 -3.56512196e+01  7.35642254e+03 -3.46135248e+01  7.35642254e+03 -3.60781289e+01  7.35642254e+03 -3.13709230e+01  7.35642254e+03 -3.37733060e+01  7.35642254e+03 -3.21420088e+01  7.35642254e+03 -3.14769817e+01  7.35642254e+03 -3.31961610e+01  7.35642254e+03 -3.51071065e+01 
 7.64422274e+03 -3.48563418e+01  7.64422274e+03 -3.42566191e+01  7.64422274e+03 -3.03529250e+01  7.64422274e+03 -3.78907574e+01  7.64422274e+03 -3.44648123e+01  7.64422274e+03 -3.30213330e+01  7.64422274e+03 -3.24925479e+01  7.64422274e+03 -2.96833811e+01  7.64422274e+03 -3.75448612e+01  7.64422274e+03 -3.70993022e+01  7.64422274e+03 -3.34167572e+01  7.64422274e+03 -3.65254814e+01  7.64422274e+03 -3.36475352e+01  7.64422274e+03 -3.27576404e+01  7.64422274e+03 -3.09666793e+01  7.64422274e+03 -3.09319175e+01  7.64422274e+03 -3.11819183e+01  7.64422274e+03 -3.07502750e+01  7.64422274e+03 -3.23600047e+01  7.64422274e+03 -3.25436967e+01  7.64422274e+03 -3.02133071e+01  7.64422274e+03 -3.59844366e+01  7.64422274e+03 -3.49467042e+01  7.64422274e+03 -3.64113590e+01  7.64422274e+03 -3.17040231e+01  7.64422274e+03 -3.41064942e+01  7.64422274e+03 -3.24751945e+01  7.64422274e+03 -3.18100602e+01  7.64422274e+03 -3.35293488e+01  7.64422274e+03 -3.54403370e+01 
 7.94328235e+03 -3.51895643e+01  7.94328235e+03 -3.45898472e+01  7.94328235e+03 -3.06860376e+01  7.94328235e+03 -3.82240038e+01  7.94328235e+03 -3.47980610e+01  7.94328235e+03 -3.33544885e+01  7.94328235e+03 -3.28256322e+01  7.94328235e+03 -3.00165406e+01  7.94328235e+03 -3.78781236e+01  7.94328235e+03 -3.74325838e+01  7.94328235e+03 -3.37498649e+01  7.94328235e+03 -3.68587106e+01  7.94328235e+03 -3.39807754e+01  7.94328235e+03 -3.30908183e+01  7.94328235e+03 -3.12997878e+01  7.94328235e+03 -3.12650692e+01  7.94328235e+03 -3.15149349e+01  7.94328235e+03 -3.10833819e+01  7.94328235e+03 -3.26930998e+01  7.94328235e+03 -3.28768407e+01  7.94328235e+03 -3.05465033e+01  7.94328235e+03 -3.63176622e+01  7.94328235e+03 -3.52798951e+01  7.94328235e+03 -3.67445967e+01  7.94328235e+03 -3.20371405e+01  7.94328235e+03 -3.44396930e+01  7.94328235e+03 -3.28083911e+01  7.94328235e+03 -3.21431575e+01  7.94328235e+03 -3.38625473e+01  7.94328235e+03 -3.57735750e+01 
 8.25404185e+03 -3.55227950e+01  8.25404185e+03 -3.49230832e+01  8.25404185e+03 -3.10191664e+01  8.25404185e+03 -3.85572566e+01  8.25404185e+03 -3.51313159e+01  8.25404185e+03 -3.36876571e+01  8.25404185e+03 -3.31587349e+01  8.25404185e+03 -3.03497128e+01  8.25404185e+03 -3.82113913e+01  8.25404185e+03 -3.77658691e+01  8.25404185e+03 -3.40829893e+01  8.25404185e+03 -3.71919475e+01  8.25404185e+03 -3.43140226e+01  8.25404185e+03 -3.34240078e+01  8.25404185e+03 -3.16329130e+01  8.25404185e+03 -3.15982343e+01  8.25404185e+03 -3.18479749e+01  8.25404185e+03 -3.14165056e+01  8.25404185e+03 -3.30262126e+01  8.25404185e+03 -3.32099987e+01  8.25404185e+03 -3.08797095e+01  8.25404185e+03 -3.66508958e+01  8.25404185e+03 -3.56130964e+01  8.25404185e+03 -3.70778414e+01  8.25404185e+03 -3.23702738e+01  8.25404185e+03 -3.47729018e+01  8.25404185e+03 -3.31415977e+01  8.25404185e+03 -3.24762722e+01  8.25404185e+03 -3.41957557e+01  8.25404185e+03 -3.61068201e+01 
 8.57695899e+03 -3.58560333e+01  8.57695899e+03 -3.52563263e+01  8.57695899e+03 -3.13523103e+01  8.57695899e+03 -3.88905154e+01  8.57695899e+03 -3.54645766e+01  8.57695899e+03 -3.40208379e+01  8.57695899e+03 -3.34918546e+01  8.57695899e+03 -3.06828970e+01  8.57695899e+03 -3.85446639e+01  8.57695899e+03 -3.80991580e+01  8.57695899e+03 -3.44161292e+01  8.57695899e+03 -3.75251915e+01  8.57695899e+03 -3.46472761e+01  8.57695899e+03 -3.37572078e+01  8.57695899e+03 -3.19660535e+01  8.57695899e+03 -3.19314119e+01  8.57695899e+03 -3.21810365e+01  8.57695899e+03 -3.17496447e+01  8.57695899e+03 -3.33593416e+01  8.57695899e+03 -3.35431696e+01  8.57695899e+03 -3.12129252e+01  8.57695899e+03 -3.69841367e+01  8.57695899e+03 -3.59463075e+01  8.57695899e+03 -3.74110927e+01  8.57695899e+03 -3.27034219e+01  8.57695899e+03 -3.51061198e+01  8.57695899e+03 -3.34748138e+01  8.57695899e+03 -3.28094031e+01  8.57695899e+03 -3.45289734e+01  8.57695899e+03 -3.64400717e+01 
 8.91250938e+03 -3.61892786e+01  8.91250938e+03 -3.55895761e+01  8.91250938e+03 -3.16854683e+01  8.91250938e+03 -3.92237797e+01  8.91250938e+03 -3.57978427e+01  8.91250938e+03 -3.43540300e+01  8.91250938e+03 -3.38249901e+01  8.91250938e+03 -3.10160921e+01  8.91250938e+03 -3.88779409e+01  8.91250938e+03 -3.84324502e+01  8.91250938e+03 -3.47492833e+01  8.91250938e+03 -3.78584421e+01  8.91250938e+03 -3.49805355e+01  8.91250938e+03 -3.40904177e+01  8.91250938e+03 -3.22992083e+01  8.91250938e+03 -3.22646010e+01  8.91250938e+03 -3.25141181e+01  8.91250938e+03 -3.20827981e+01  8.91250938e+03 -3.36924858e+01  8.91250938e+03 -3.38763525e+01  8.91250938e+03 -3.15461495e+01  8.91250938e+03 -3.73173845e+01  8.91250938e+03 -3.62795277e+01  8.91250938e+03 -3.77443501e+01  8.91250938e+03 -3.30365836e+01  8.91250938e+03 -3.54393463e+01  8.91250938e+03 -3.38080385e+01  8.91250938e+03 -3.31425489e+01  8.91250938e+03 -3.48621996e+01  8.91250938e+03 -3.67733294e+01 
 9.26118728e+03 -3.65225304e+01  9.26118728e+03 -3.59228321e+01  9.26118728e+03 -3.20186391e+01  9.26118728e+03 -3.95570491e+01  9.26118728e+03 -3.61311138e+01  9.26118728e+03 -3.46872325e+01  9.26118728e+03 -3.41581402e+01  9.26118728e+03 -3.13492975e+01  9.26118728e+03 -3.92112221e+01  9.26118728e+03 -3.87657454e+01  9.26118728e+03 -3.50824506e+01  9.26118728e+03 -3.81916989e+01  9.26118728e+03 -3.53138003e+01  9.26118728e+03 -3.44236367e+01  9.26118728e+03 -3.26323762e+01  9.26118728e+03 -3.25978007e+01  9.26118728e+03 -3.28472184e+01  9.26118728e+03 -3.24159648e+01  9.26118728e+03 -3.40256439e+01  9.26118728e+03 -3.42095466e+01  9.26118728e+03 -3.18793819e+01  9.26118728e+03 -3.76506386e+01  9.26118728e+03 -3.66127561e+01  9.26118728e+03 -3.80776131e+01  9.26118728e+03 -3.33697580e+01  9.26118728e+03 -3.57725807e+01  9.26118728e+03 -3.41412712e+01  9.26118728e+03 -3.34757086e+01  9.26118728e+03 -3.51954338e+01  9.26118728e+03 -3.71065926e+01 
 9.62350626e+03 -3.68557883e+01  9.62350626e+03 -3.62560938e+01  9.62350626e+03 -3.23518220e+01  9.62350626e+03 -3.98903232e+01  9.62350626e+03 -3.64643894e+01  9.62350626e+03 -3.50204446e+01  9.62350626e+03 -3.44913038e+01  9.62350626e+03 -3.16825123e+01  9.62350626e+03 -3.95445072e+01  9.62350626e+03 -3.90990435e+01  9.62350626e+03 -3.54156302e+01  9.62350626e+03 -3.85249613e+01  9.62350626e+03 -3.56470703e+01  9.62350626e+03 -3.47568641e+01  9.62350626e+03 -3.29655564e+01  9.62350626e+03 -3.29310103e+01  9.62350626e+03 -3.31803359e+01  9.62350626e+03 -3.27491438e+01  9.62350626e+03 -3.43588149e+01  9.62350626e+03 -3.45427509e+01  9.62350626e+03 -3.22126218e+01  9.62350626e+03 -3.79838985e+01  9.62350626e+03 -3.69459924e+01  9.62350626e+03 -3.84108813e+01  9.62350626e+03 -3.37029442e+01  9.62350626e+03 -3.61058224e+01  9.62350626e+03 -3.44745114e+01  9.62350626e+03 -3.38088811e+01  9.62350626e+03 -3.55286752e+01  9.62350626e+03 -3.74398611e+01 
 1.00000000e+04 -3.71890517e+01  1.00000000e+04 -3.65893607e+01  1.00000000e+04 -3.26850160e+01  1.00000000e+04 -4.02236017e+01  1.00000000e+04 -3.67976693e+01  1.00000000e+04 -3.53536657e+01  1.00000000e+04 -3.48244800e+01  1.00000000e+04 -3.20157359e+01  1.00000000e+04 -3.98777958e+01  1.00000000e+04 -3.94323441e+01  1.00000000e+04 -3.57488212e+01  1.00000000e+04 -3.88582289e+01  1.00000000e+04 -3.59803449e+01  1.00000000e+04 -3.50900994e+01  1.00000000e+04 -3.32987479e+01  1.00000000e+04 -3.32642290e+01  1.00000000e+04 -3.35134693e+01  1.00000000e+04 -3.30823343e+01  1.00000000e+04 -3.46919979e+01  1.00000000e+04 -3.48759647e+01  1.00000000e+04 -3.25458685e+01  1.00000000e+04 -3.83171639e+01  1.00000000e+04 -3.72792358e+01  1.00000000e+04 -3.87441542e+01  1.00000000e+04 -3.40361412e+01  1.00000000e+04 -3.64390709e+01  1.00000000e+04 -3.48077584e+01  1.00000000e+04 -3.41420654e+01  1.00000000e+04 -3.58619235e+01  1.00000000e+04 -3.77731343e+01 
 1.03912230e+04 -3.75223202e+01  1.03912230e+04 -3.69226326e+01  1.03912230e+04 -3.30182203e+01  1.03912230e+04 -4.05568842e+01  1.03912230e+04 -3.71309532e+01  1.03912230e+04 -3.56868951e+01  1.03912230e+04 -3.51576677e+01  1.03912230e+04 -3.23489676e+01  1.03912230e+04 -4.02110877e+01  1.03912230e+04 -3.97656472e+01  1.03912230e+04 -3.60820226e+01  1.03912230e+04 -3.91915014e+01  1.03912230e+04 -3.63136238e+01  1.03912230e+04 -3.54233419e+01  1.03912230e+04 -3.36319498e+01  1.03912230e+04 -3.35974562e+01  1.03912230e+04 -3.38466174e+01  1.03912230e+04 -3.34155353e+01  1.03912230e+04 -3.50251920e+01  1.03912230e+04 -3.52091874e+01  1.03912230e+04 -3.28791217e+01  1.03912230e+04 -3.86504343e+01  1.03912230e+04 -3.76124858e+01  1.03912230e+04 -3.90774317e+01  1.03912230e+04 -3.43693483e+01  1.03912230e+04 -3.67723257e+01  1.03912230e+04 -3.51410118e+01  1.03912230e+04 -3.44752608e+01  1.03912230e+04 -3.61951780e+01  1.03912230e+04 -3.81064119e+01 
 1.07977516e+04 -3.78555936e+01  1.07977516e+04 -3.72559090e+01  1.07977516e+04 -3.33514341e+01  1.07977516e+04 -4.08901705e+01  1.07977516e+04 -3.74642407e+01  1.07977516e+04 -3.60201322e+01  1.07977516e+04 -3.54908662e+01  1.07977516e+04 -3.26822068e+01  1.07977516e+04 -4.05443827e+01  1.07977516e+04 -4.00989525e+01  1.07977516e+04 -3.64152338e+01  1.07977516e+04 -3.95247784e+01  1.07977516e+04 -3.66469068e+01  1.07977516e+04 -3.57565911e+01  1.07977516e+04 -3.39651615e+01  1.07977516e+04 -3.39306913e+01  1.07977516e+04 -3.41797793e+01  1.07977516e+04 -3.37487460e+01  1.07977516e+04 -3.53583964e+01  1.07977516e+04 -3.55424182e+01  1.07977516e+04 -3.32123808e+01  1.07977516e+04 -3.89837093e+01  1.07977516e+04 -3.79457420e+01  1.07977516e+04 -3.94107133e+01  1.07977516e+04 -3.47025647e+01  1.07977516e+04 -3.71055862e+01  1.07977516e+04 -3.54742711e+01  1.07977516e+04 -3.48084664e+01  1.07977516e+04 -3.65284383e+01  1.07977516e+04 -3.84396937e+01 
 1.12201845e+04 -3.81888714e+01  1.12201845e+04 -3.75891896e+01  1.12201845e+04 -3.36846567e+01  1.12201845e+04 -4.12234602e+01  1.12201845e+04 -3.77975316e+01  1.12201845e+04 -3.63533764e+01  1.12201845e+04 -3.58240747e+01  1.12201845e+04 -3.30154529e+01  1.12201845e+04 -4.08776805e+01  1.12201845e+04 -4.04322598e+01  1.12201845e+04 -3.67484541e+01  1.12201845e+04 -3.98580595e+01  1.12201845e+04 -3.69801934e+01  1.12201845e+04 -3.60898466e+01  1.12201845e+04 -3.42983821e+01  1.12201845e+04 -3.42639336e+01  1.12201845e+04 -3.45129538e+01  1.12201845e+04 -3.40819658e+01  1.12201845e+04 -3.56916104e+01  1.12201845e+04 -3.58756567e+01  1.12201845e+04 -3.35456453e+01  1.12201845e+04 -3.93169887e+01  1.12201845e+04 -3.82790039e+01  1.12201845e+04 -3.97439987e+01  1.12201845e+04 -3.50357898e+01  1.12201845e+04 -3.74388521e+01  1.12201845e+04 -3.58075359e+01  1.12201845e+04 -3.51416814e+01  1.12201845e+04 -3.68617041e+01  1.12201845e+04 -3.87729793e+01 
 1.16591440e+04 -3.85221533e+01  1.16591440e+04 -3.79224742e+01  1.16591440e+04 -3.40178875e+01  1.16591440e+04 -4.15567532e+01  1.16591440e+04 -3.81308257e+01  1.16591440e+04 -3.66866272e+01  1.16591440e+04 -3.61572924e+01  1.16591440e+04 -3.33487055e+01  1.16591440e+04 -4.12109809e+01  1.16591440e+04 -4.07655691e+01  1.16591440e+04 -3.70816827e+01  1.16591440e+04 -4.01913445e+01  1.16591440e+04 -3.73134836e+01  1.16591440e+04 -3.64231077e+01  1.16591440e+04 -3.46316111e+01  1.16591440e+04 -3.45971826e+01  1.16591440e+04 -3.48461400e+01  1.16591440e+04 -3.44151940e+01  1.16591440e+04 -3.60248331e+01  1.16591440e+04 -3.62089021e+01  1.16591440e+04 -3.38789149e+01  1.16591440e+04 -3.96502720e+01  1.16591440e+04 -3.86122711e+01  1.16591440e+04 -4.00772876e+01  1.16591440e+04 -3.53690228e+01  1.16591440e+04 -3.77721231e+01  1.16591440e+04 -3.61408058e+01  1.16591440e+04 -3.54749051e+01  1.16591440e+04 -3.71949748e+01  1.16591440e+04 -3.91062684e+01 
 1.21152766e+04 -3.88554390e+01  1.21152766e+04 -3.82557623e+01  1.21152766e+04 -3.43511259e+01  1.21152766e+04 -4.18900492e+01  1.21152766e+04 -3.84641226e+01  1.21152766e+04 -3.70198840e+01  1.21152766e+04 -3.64905186e+01  1.21152766e+04 -3.36819641e+01  1.21152766e+04 -4.15442838e+01  1.21152766e+04 -4.10988802e+01  1.21152766e+04 -3.74149190e+01  1.21152766e+04 -4.05246331e+01  1.21152766e+04 -3.76467769e+01  1.21152766e+04 -3.67563743e+01  1.21152766e+04 -3.49648478e+01  1.21152766e+04 -3.49304378e+01  1.21152766e+04 -3.51793371e+01  1.21152766e+04 -3.47484300e+01  1.21152766e+04 -3.63580640e+01  1.21152766e+04 -3.65421540e+01  1.21152766e+04 -3.42121893e+01  1.21152766e+04 -3.99835590e+01  1.21152766e+04 -3.89455432e+01  1.21152766e+04 -4.04105798e+01  1.21152766e+04 -3.57022633e+01  1.21152766e+04 -3.81053986e+01  1.21152766e+04 -3.64740803e+01  1.21152766e+04 -3.58081369e+01  1.21152766e+04 -3.75282502e+01  1.21152766e+04 -3.94395608e+01 
 1.25892541e+04 -3.91887282e+01  1.25892541e+04 -3.85890537e+01  1.25892541e+04 -3.46843713e+01  1.25892541e+04 -4.22233479e+01  1.25892541e+04 -3.87974222e+01  1.25892541e+04 -3.73531465e+01  1.25892541e+04 -3.68237528e+01  1.25892541e+04 -3.40152281e+01  1.25892541e+04 -4.18775889e+01  1.25892541e+04 -4.14321929e+01  1.25892541e+04 -3.77481625e+01  1.25892541e+04 -4.08579249e+01  1.25892541e+04 -3.79800732e+01  1.25892541e+04 -3.70896457e+01  1.25892541e+04 -3.52980916e+01  1.25892541e+04 -3.52636988e+01  1.25892541e+04 -3.55125443e+01  1.25892541e+04 -3.50816731e+01  1.25892541e+04 -3.66913025e+01  1.25892541e+04 -3.68754119e+01  1.25892541e+04 -3.45454680e+01  1.25892541e+04 -4.03168495e+01  1.25892541e+04 -3.92788197e+01  1.25892541e+04 -4.07438751e+01  1.25892541e+04 -3.60355106e+01  1.25892541e+04 -3.84386784e+01  1.25892541e+04 -3.68073592e+01  1.25892541e+04 -3.61413762e+01  1.25892541e+04 -3.78615298e+01  1.25892541e+04 -3.97728562e+01 
 1.30817747e+04 -3.95220207e+01  1.30817747e+04 -3.89223483e+01  1.30817747e+04 -3.50176232e+01  1.30817747e+04 -4.25566492e+01  1.30817747e+04 -3.91307243e+01  1.30817747e+04 -3.76864143e+01  1.30817747e+04 -3.71569943e+01  1.30817747e+04 -3.43484973e+01  1.30817747e+04 -4.22108961e+01  1.30817747e+04 -4.17655071e+01  1.30817747e+04 -3.80814126e+01  1.30817747e+04 -4.11912199e+01  1.30817747e+04 -3.83133722e+01  1.30817747e+04 -3.74229217e+01  1.30817747e+04 -3.56313420e+01  1.30817747e+04 -3.55969652e+01  1.30817747e+04 -3.58457607e+01  1.30817747e+04 -3.54149229e+01  1.30817747e+04 -3.70245480e+01  1.30817747e+04 -3.72086755e+01  1.30817747e+04 -3.48787507e+01  1.30817747e+04 -4.06501431e+01  1.30817747e+04 -3.96121005e+01  1.30817747e+04 -4.10771731e+01  1.30817747e+04 -3.63687643e+01  1.30817747e+04 -3.87719621e+01  1.30817747e+04 -3.71406421e+01  1.30817747e+04 -3.64746225e+01  1.30817747e+04 -3.81948134e+01  1.30817747e+04 -4.01061544e+01 
 1.35935639e+04 -3.98553161e+01  1.35935639e+04 -3.92556457e+01  1.35935639e+04 -3.53508811e+01  1.35935639e+04 -4.28899528e+01  1.35935639e+04 -3.94640288e+01  1.35935639e+04 -3.80196869e+01  1.35935639e+04 -3.74902425e+01  1.35935639e+04 -3.46817713e+01  1.35935639e+04 -4.25442052e+01  1.35935639e+04 -4.20988228e+01  1.35935639e+04 -3.84146688e+01  1.35935639e+04 -4.15245176e+01  1.35935639e+04 -3.86466737e+01  1.35935639e+04 -3.77562020e+01  1.35935639e+04 -3.59645986e+01  1.35935639e+04 -3.59302365e+01  1.35935639e+04 -3.61789859e+01  1.35935639e+04 -3.57481789e+01  1.35935639e+04 -3.73578000e+01  1.35935639e+04 -3.75419441e+01  1.35935639e+04 -3.52120372e+01  1.35935639e+04 -4.09834396e+01  1.35935639e+04 -3.99453852e+01  1.35935639e+04 -4.14104738e+01  1.35935639e+04 -3.67020238e+01  1.35935639e+04 -3.91052495e+01  1.35935639e+04 -3.74739287e+01  1.35935639e+04 -3.68078752e+01  1.35935639e+04 -3.85281007e+01  1.35935639e+04 -4.04394552e+01 
 1.41253754e+04 -4.01886144e+01  1.41253754e+04 -3.95889458e+01  1.41253754e+04 -3.56841446e+01  1.41253754e+04 -4.32232587e+01  1.41253754e+04 -3.97973353e+01  1.41253754e+04 -3.83529640e+01  1.41253754e+04 -3.78234971e+01  1.41253754e+04 -3.50150496e+01  1.41253754e+04 -4.28775162e+01  1.41253754e+04 -4.24321397e+01  1.41253754e+04 -3.87479308e+01  1.41253754e+04 -4.18578180e+01  1.41253754e+04 -3.89799776e+01  1.41253754e+04 -3.80894862e+01  1.41253754e+04 -3.62978608e+01  1.41253754e+04 -3.62635124e+01  1.41253754e+04 -3.65122190e+01  1.41253754e+04 -3.60814406e+01  1.41253754e+04 -3.76910579e+01  1.41253754e+04 -3.78752176e+01  1.41253754e+04 -3.55453271e+01  1.41253754e+04 -4.13167389e+01  1.41253754e+04 -4.02786734e+01  1.41253754e+04 -4.17437769e+01  1.41253754e+04 -3.70352888e+01  1.41253754e+04 -3.94385403e+01  1.41253754e+04 -3.78072188e+01  1.41253754e+04 -3.71411339e+01  1.41253754e+04 -3.88613914e+01  1.41253754e+04 -4.07727584e+01 
 1.46779927e+04 -4.05219153e+01  1.46779927e+04 -3.99222483e+01  1.46779927e+04 -3.60174133e+01  1.46779927e+04 -4.35565666e+01  1.46779927e+04 -4.01306439e+01  1.46779927e+04 -3.86862452e+01  1.46779927e+04 -3.81567574e+01  1.46779927e+04 -3.53483320e+01  1.46779927e+04 -4.32108287e+01  1.46779927e+04 -4.27654579e+01  1.46779927e+04 -3.90811980e+01  1.46779927e+04 -4.21911209e+01  1.46779927e+04 -3.93132837e+01  1.46779927e+04 -3.84227740e+01  1.46779927e+04 -3.66311283e+01  1.46779927e+04 -3.65967925e+01  1.46779927e+04 -3.68454595e+01  1.46779927e+04 -3.64147076e+01  1.46779927e+04 -3.80243215e+01  1.46779927e+04 -3.82084954e+01  1.46779927e+04 -3.58786203e+01  1.46779927e+04 -4.16500407e+01  1.46779927e+04 -4.06119650e+01  1.46779927e+04 -4.20770822e+01  1.46779927e+04 -3.73685589e+01  1.46779927e+04 -3.97718342e+01  1.46779927e+04 -3.81405121e+01  1.46779927e+04 -3.74743981e+01  1.46779927e+04 -3.91946852e+01  1.46779927e+04 -4.11060638e+01 
 1.52522296e+04 -4.08552186e+01  1.52522296e+04 -4.02555531e+01  1.52522296e+04 -3.63506867e+01  1.52522296e+04 -4.38898763e+01  1.52522296e+04 -4.04639542e+01  1.52522296e+04 -3.90195303e+01  1.52522296e+04 -3.84900232e+01  1.52522296e+04 -3.56816181e+01  1.52522296e+04 -4.35441428e+01  1.52522296e+04 -4.30987772e+01  1.52522296e+04 -3.94144701e+01  1.52522296e+04 -4.25244260e+01  1.52522296e+04 -3.96465918e+01  1.52522296e+04 -3.87560651e+01  1.52522296e+04 -3.69644006e+01  1.52522296e+04 -3.69300766e+01  1.52522296e+04 -3.71787068e+01  1.52522296e+04 -3.67479795e+01  1.52522296e+04 -3.83575902e+01  1.52522296e+04 -3.85417774e+01  1.52522296e+04 -3.62119164e+01  1.52522296e+04 -4.19833448e+01  1.52522296e+04 -4.09452597e+01  1.52522296e+04 -4.24103896e+01  1.52522296e+04 -3.77018336e+01  1.52522296e+04 -4.01051311e+01  1.52522296e+04 -3.84738083e+01  1.52522296e+04 -3.78076673e+01  1.52522296e+04 -3.95279820e+01  1.52522296e+04 -4.14393713e+01 
 1.58489319e+04 -4.11885241e+01  1.58489319e+04 -4.05888600e+01  1.58489319e+04 -3.66839645e+01  1.58489319e+04 -4.42231878e+01  1.58489319e+04 -4.07972663e+01  1.58489319e+04 -3.93528189e+01  1.58489319e+04 -3.88232939e+01  1.58489319e+04 -3.60149077e+01  1.58489319e+04 -4.38774584e+01  1.58489319e+04 -4.34320975e+01  1.58489319e+04 -3.97477468e+01  1.58489319e+04 -4.28577331e+01  1.58489319e+04 -3.99799017e+01  1.58489319e+04 -3.90893594e+01  1.58489319e+04 -3.72976774e+01  1.58489319e+04 -3.72633643e+01  1.58489319e+04 -3.75119605e+01  1.58489319e+04 -3.70812559e+01  1.58489319e+04 -3.86908637e+01  1.58489319e+04 -3.88750631e+01  1.58489319e+04 -3.65452153e+01  1.58489319e+04 -4.23166511e+01  1.58489319e+04 -4.12785572e+01  1.58489319e+04 -4.27436989e+01  1.58489319e+04 -3.80351127e+01  1.58489319e+04 -4.04384306e+01  1.58489319e+04 -3.88071073e+01  1.58489319e+04 -3.81409413e+01  1.58489319e+04 -3.98612814e+01  1.58489319e+04 -4.17726807e+01 
 1.64689787e+04 -4.15218316e+01  1.64689787e+04 -4.09221689e+01  1.64689787e+04 -3.70172465e+01  1.64689787e+04 -4.45565009e+01  1.64689787e+04 -4.11305799e+01  1.64689787e+04 -3.96861109e+01  1.64689787e+04 -3.91565693e+01  1.64689787e+04 -3.63482006e+01  1.64689787e+04 -4.42107752e+01  1.64689787e+04 -4.37654188e+01  1.64689787e+04 -4.00810276e+01  1.64689787e+04 -4.31910422e+01  1.64689787e+04 -4.03132134e+01  1.64689787e+04 -3.94226566e+01  1.64689787e+04 -3.76309585e+01  1.64689787e+04 -3.75966553e+01  1.64689787e+04 -3.78452201e+01  1.64689787e+04 -3.74145365e+01  1.64689787e+04 -3.90241416e+01  1.64689787e+04 -3.92083524e+01  1.64689787e+04 -3.68785167e+01  1.64689787e+04 -4.26499593e+01  1.64689787e+04 -4.16118574e+01  1.64689787e+04 -4.30770100e+01  1.64689787e+04 -3.83683957e+01  1.64689787e+04 -4.07717327e+01  1.64689787e+04 -3.91404088e+01  1.64689787e+04 -3.84742197e+01  1.64689787e+04 -4.01945834e+01  1.64689787e+04 -4.21059919e+01 
 1.71132830e+04 -4.18551411e+01  1.71132830e+04 -4.12554796e+01  1.71132830e+04 -3.73505322e+01  1.71132830e+04 -4.48898155e+01  1.71132830e+04 -4.14638950e+01  1.71132830e+04 -4.00194059e+01  1.71132830e+04 -3.94898489e+01  1.71132830e+04 -3.66814964e+01  1.71132830e+04 -4.45440933e+01  1.71132830e+04 -4.40987409e+01  1.71132830e+04 -4.04143123e+01  1.71132830e+04 -4.35243531e+01  1.71132830e+04 -4.06465267e+01  1.71132830e+04 -3.97559564e+01  1.71132830e+04 -3.79642433e+01  1.71132830e+04 -3.79299495e+01  1.71132830e+04 -3.81784852e+01  1.71132830e+04 -3.77478211e+01  1.71132830e+04 -3.93574236e+01  1.71132830e+04 -3.95416449e+01  1.71132830e+04 -3.72118204e+01  1.71132830e+04 -4.29832694e+01  1.71132830e+04 -4.19451600e+01  1.71132830e+04 -4.34103227e+01  1.71132830e+04 -3.87016825e+01  1.71132830e+04 -4.11050370e+01  1.71132830e+04 -3.94737126e+01  1.71132830e+04 -3.88075022e+01  1.71132830e+04 -4.05278876e+01  1.71132830e+04 -4.24393047e+01 
 1.77827941e+04 -4.21884523e+01  1.77827941e+04 -4.15887919e+01  1.77827941e+04 -3.76838215e+01  1.77827941e+04 -4.52231315e+01  1.77827941e+04 -4.17972115e+01  1.77827941e+04 -4.03527037e+01  1.77827941e+04 -3.98231326e+01  1.77827941e+04 -3.70147950e+01  1.77827941e+04 -4.48774125e+01  1.77827941e+04 -4.44320639e+01  1.77827941e+04 -4.07476006e+01  1.77827941e+04 -4.38576657e+01  1.77827941e+04 -4.09798415e+01  1.77827941e+04 -4.00892587e+01  1.77827941e+04 -3.82975318e+01  1.77827941e+04 -3.82632466e+01  1.77827941e+04 -3.85117552e+01  1.77827941e+04 -3.80811092e+01  1.77827941e+04 -3.96907093e+01  1.77827941e+04 -3.98749405e+01  1.77827941e+04 -3.75451264e+01  1.77827941e+04 -4.33165813e+01  1.77827941e+04 -4.22784649e+01  1.77827941e+04 -4.37436370e+01  1.77827941e+04 -3.90349727e+01  1.77827941e+04 -4.14383435e+01  1.77827941e+04 -3.98070187e+01  1.77827941e+04 -3.91407884e+01  1.77827941e+04 -4.08611941e+01  1.77827941e+04 -4.27726190e+01 
 1.84784980e+04 -4.25217651e+01  1.84784980e+04 -4.19221058e+01  1.84784980e+04 -3.80171140e+01  1.84784980e+04 -4.55564488e+01  1.84784980e+04 -4.21305291e+01  1.84784980e+04 -4.06860042e+01  1.84784980e+04 -4.01564198e+01  1.84784980e+04 -3.73480962e+01  1.84784980e+04 -4.52107327e+01  1.84784980e+04 -4.47653877e+01  1.84784980e+04 -4.10808922e+01  1.84784980e+04 -4.41909798e+01  1.84784980e+04 -4.13131576e+01  1.84784980e+04 -4.04225634e+01  1.84784980e+04 -3.86308236e+01  1.84784980e+04 -3.85965464e+01  1.84784980e+04 -3.88450300e+01  1.84784980e+04 -3.84144006e+01  1.84784980e+04 -4.00239986e+01  1.84784980e+04 -4.02082388e+01  1.84784980e+04 -3.78784344e+01  1.84784980e+04 -4.36498947e+01  1.84784980e+04 -4.26117719e+01  1.84784980e+04 -4.40769526e+01  1.84784980e+04 -3.93682661e+01  1.84784980e+04 -4.17716520e+01  1.84784980e+04 -4.01403267e+01  1.84784980e+04 -3.94740781e+01  1.84784980e+04 -4.11945025e+01  1.84784980e+04 -4.31059347e+01 
 1.92014194e+04 -4.28550795e+01  1.92014194e+04 -4.22554211e+01  1.92014194e+04 -3.83504095e+01  1.92014194e+04 -4.58897672e+01  1.92014194e+04 -4.24638480e+01  1.92014194e+04 -4.10193071e+01  1.92014194e+04 -4.04897105e+01  1.92014194e+04 -3.76813998e+01  1.92014194e+04 -4.55440539e+01  1.92014194e+04 -4.50987121e+01  1.92014194e+04 -4.14141869e+01  1.92014194e+04 -4.45242953e+01  1.92014194e+04 -4.16464750e+01  1.92014194e+04 -4.07558701e+01  1.92014194e+04 -3.89641184e+01  1.92014194e+04 -3.89298486e+01  1.92014194e+04 -3.91783091e+01  1.92014194e+04 -3.87476952e+01  1.92014194e+04 -4.03572912e+01  1.92014194e+04 -4.05415397e+01  1.92014194e+04 -3.82117442e+01  1.92014194e+04 -4.39832096e+01  1.92014194e+04 -4.29450808e+01  1.92014194e+04 -4.44102696e+01  1.92014194e+04 -3.97015625e+01  1.92014194e+04 -4.21049623e+01  1.92014194e+04 -4.04736367e+01  1.92014194e+04 -3.98073710e+01  1.92014194e+04 -4.15278127e+01  1.92014194e+04 -4.34392517e+01 
 1.99526231e+04 -4.31883953e+01  1.99526231e+04 -4.25887378e+01  1.99526231e+04 -3.86837078e+01  1.99526231e+04 -4.62230868e+01  1.99526231e+04 -4.27971679e+01  1.99526231e+04 -4.13526122e+01  1.99526231e+04 -4.08230044e+01  1.99526231e+04 -3.80147055e+01  1.99526231e+04 -4.58773760e+01  1.99526231e+04 -4.54320373e+01  1.99526231e+04 -4.17474845e+01  1.99526231e+04 -4.48576121e+01  1.99526231e+04 -4.19797936e+01  1.99526231e+04 -4.10891788e+01  1.99526231e+04 -3.92974161e+01  1.99526231e+04 -3.92631532e+01  1.99526231e+04 -3.95115922e+01  1.99526231e+04 -3.90809926e+01  1.99526231e+04 -4.06905868e+01  1.99526231e+04 -4.08748430e+01  1.99526231e+04 -3.85450558e+01  1.99526231e+04 -4.43165259e+01  1.99526231e+04 -4.32783916e+01  1.99526231e+04 -4.47435878e+01  1.99526231e+04 -4.00348616e+01  1.99526231e+04 -4.24382743e+01  1.99526231e+04 -4.08069483e+01  1.99526231e+04 -4.01406669e+01  1.99526231e+04 -4.18611247e+01  1.99526231e+04 -4.37725700e+01 
 2.07332157e+04 -4.35217123e+01  2.07332157e+04 -4.29220557e+01  2.07332157e+04 -3.90170087e+01  2.07332157e+04 -4.65564073e+01  2.07332157e+04 -4.31304888e+01  2.07332157e+04 -4.16859194e+01  2.07332157e+04 -4.11563011e+01  2.07332157e+04 -3.83480133e+01  2.07332157e+04 -4.62106989e+01  2.07332157e+04 -4.57653630e+01  2.07332157e+04 -4.20807847e+01  2.07332157e+04 -4.51909301e+01  2.07332157e+04 -4.23131132e+01  2.07332157e+04 -4.14224893e+01  2.07332157e+04 -3.96307164e+01  2.07332157e+04 -3.95964598e+01  2.07332157e+04 -3.98448790e+01  2.07332157e+04 -3.94142927e+01  2.07332157e+04 -4.10238851e+01  2.07332157e+04 -4.12081486e+01  2.07332157e+04 -3.88783690e+01  2.07332157e+04 -4.46498434e+01  2.07332157e+04 -4.36117040e+01  2.07332157e+04 -4.50769071e+01  2.07332157e+04 -4.03681632e+01  2.07332157e+04 -4.27715879e+01  2.07332157e+04 -4.11402616e+01  2.07332157e+04 -4.04739656e+01  2.07332157e+04 -4.21944382e+01  2.07332157e+04 -4.41058893e+01 
 2.15443469e+04 -4.38550306e+01  2.15443469e+04 -4.32553747e+01  2.15443469e+04 -3.93503120e+01  2.15443469e+04 -4.68897289e+01  2.15443469e+04 -4.34638106e+01  2.15443469e+04 -4.20192286e+01  2.15443469e+04 -4.14896006e+01  2.15443469e+04 -3.86813230e+01  2.15443469e+04 -4.65440226e+01  2.15443469e+04 -4.60986893e+01  2.15443469e+04 -4.24140873e+01  2.15443469e+04 -4.55242493e+01  2.15443469e+04 -4.26464339e+01  2.15443469e+04 -4.17558015e+01  2.15443469e+04 -3.99640192e+01  2.15443469e+04 -3.99297685e+01  2.15443469e+04 -4.01781692e+01  2.15443469e+04 -3.97475952e+01  2.15443469e+04 -4.13571861e+01  2.15443469e+04 -4.15414561e+01  2.15443469e+04 -3.92116836e+01  2.15443469e+04 -4.49831621e+01  2.15443469e+04 -4.39450179e+01  2.15443469e+04 -4.54102274e+01  2.15443469e+04 -4.07014671e+01  2.15443469e+04 -4.31049030e+01  2.15443469e+04 -4.14735763e+01  2.15443469e+04 -4.08072668e+01  2.15443469e+04 -4.25277532e+01  2.15443469e+04 -4.44392097e+01 
 2.23872114e+04 -4.41883500e+01  2.23872114e+04 -4.35886948e+01  2.23872114e+04 -3.96836175e+01  2.23872114e+04 -4.72230512e+01  2.23872114e+04 -4.37971333e+01  2.23872114e+04 -4.23525395e+01  2.23872114e+04 -4.18229025e+01  2.23872114e+04 -3.90146344e+01  2.23872114e+04 -4.68773470e+01  2.23872114e+04 -4.64320161e+01  2.23872114e+04 -4.27473923e+01  2.23872114e+04 -4.58575695e+01  2.23872114e+04 -4.29797555e+01  2.23872114e+04 -4.20891153e+01  2.23872114e+04 -4.02973242e+01  2.23872114e+04 -4.02630789e+01  2.23872114e+04 -4.05114626e+01  2.23872114e+04 -4.00809001e+01  2.23872114e+04 -4.16904894e+01  2.23872114e+04 -4.18747656e+01  2.23872114e+04 -3.95449997e+01  2.23872114e+04 -4.53164818e+01  2.23872114e+04 -4.42783333e+01  2.23872114e+04 -4.57435487e+01  2.23872114e+04 -4.10347733e+01  2.23872114e+04 -4.34382194e+01  2.23872114e+04 -4.18068924e+01  2.23872114e+04 -4.11405704e+01  2.23872114e+04 -4.28610696e+01  2.23872114e+04 -4.47725310e+01 
 2.32630507e+04 -4.45216704e+01  2.32630507e+04 -4.39220159e+01  2.32630507e+04 -4.00169251e+01  2.32630507e+04 -4.75563744e+01  2.32630507e+04 -4.41304568e+01  2.32630507e+04 -4.26858521e+01  2.32630507e+04 -4.21562068e+01  2.32630507e+04 -3.93479475e+01  2.32630507e+04 -4.72106721e+01  2.32630507e+04 -4.67653434e+01  2.32630507e+04 -4.30806993e+01  2.32630507e+04 -4.61908907e+01  2.32630507e+04 -4.33130780e+01  2.32630507e+04 -4.24224305e+01  2.32630507e+04 -4.06306313e+01  2.32630507e+04 -4.05963911e+01  2.32630507e+04 -4.08447590e+01  2.32630507e+04 -4.04142070e+01  2.32630507e+04 -4.20237949e+01  2.32630507e+04 -4.22080769e+01  2.32630507e+04 -3.98783170e+01  2.32630507e+04 -4.56498026e+01  2.32630507e+04 -4.46116500e+01  2.32630507e+04 -4.60768709e+01  2.32630507e+04 -4.13680814e+01  2.32630507e+04 -4.37715370e+01  2.32630507e+04 -4.21402098e+01  2.32630507e+04 -4.14738762e+01  2.32630507e+04 -4.31943872e+01  2.32630507e+04 -4.51058533e+01 
 2.41731548e+04 -4.48549918e+01  2.41731548e+04 -4.42553379e+01  2.41731548e+04 -4.03502346e+01  2.41731548e+04 -4.78896984e+01  2.41731548e+04 -4.44637810e+01  2.41731548e+04 -4.30191662e+01  2.41731548e+04 -4.24895132e+01  2.41731548e+04 -3.96812620e+01  2.41731548e+04 -4.75439978e+01  2.41731548e+04 -4.70986711e+01  2.41731548e+04 -4.34140082e+01  2.41731548e+04 -4.65242128e+01  2.41731548e+04 -4.36464013e+01  2.41731548e+04 -4.27557470e+01  2.41731548e+04 -4.09639404e+01  2.41731548e+04 -4.09297048e+01  2.41731548e+04 -4.11780581e+01  2.41731548e+04 -4.07475158e+01  2.41731548e+04 -4.23571025e+01  2.41731548e+04 -4.25413898e+01  2.41731548e+04 -4.02116355e+01  2.41731548e+04 -4.59831243e+01  2.41731548e+04 -4.49449680e+01  2.41731548e+04 -4.64101939e+01  2.41731548e+04 -4.17013914e+01  2.41731548e+04 -4.41048558e+01  2.41731548e+04 -4.24735284e+01  2.41731548e+04 -4.18071840e+01  2.41731548e+04 -4.35277059e+01  2.41731548e+04 -4.54391763e+01 
 2.51188643e+04 -4.51883140e+01  2.51188643e+04 -4.45886607e+01  2.51188643e+04 -4.06835458e+01  2.51188643e+04 -4.82230230e+01  2.51188643e+04 -4.47971058e+01  2.51188643e+04 -4.33524817e+01  2.51188643e+04 -4.28228217e+01  2.51188643e+04 -4.00145780e+01  2.51188643e+04 -4.78773240e+01  2.51188643e+04 -4.74319993e+01  2.51188643e+04 -4.37473190e+01  2.51188643e+04 -4.68575357e+01  2.51188643e+04 -4.39797253e+01  2.51188643e+04 -4.30890648e+01  2.51188643e+04 -4.12972512e+01  2.51188643e+04 -4.12630200e+01  2.51188643e+04 -4.15113597e+01  2.51188643e+04 -4.10808265e+01  2.51188643e+04 -4.26904120e+01  2.51188643e+04 -4.28747042e+01  2.51188643e+04 -4.05449552e+01  2.51188643e+04 -4.63164469e+01  2.51188643e+04 -4.52782871e+01  2.51188643e+04 -4.67435176e+01  2.51188643e+04 -4.20347031e+01  2.51188643e+04 -4.44381757e+01  2.51188643e+04 -4.28068480e+01  2.51188643e+04 -4.21404938e+01  2.51188643e+04 -4.38610258e+01  2.51188643e+04 -4.57725001e+01 
 2.61015722e+04 -4.55216371e+01  2.61015722e+04 -4.49219843e+01  2.61015722e+04 -4.10168587e+01  2.61015722e+04 -4.85563483e+01  2.61015722e+04 -4.51304313e+01  2.61015722e+04 -4.36857986e+01  2.61015722e+04 -4.31561319e+01  2.61015722e+04 -4.03478952e+01  2.61015722e+04 -4.82106508e+01  2.61015722e+04 -4.77653278e+01  2.61015722e+04 -4.40806314e+01  2.61015722e+04 -4.71908594e+01  2.61015722e+04 -4.43130500e+01  2.61015722e+04 -4.34223837e+01  2.61015722e+04 -4.16305637e+01  2.61015722e+04 -4.15963365e+01  2.61015722e+04 -4.18446637e+01  2.61015722e+04 -4.14141389e+01  2.61015722e+04 -4.30237233e+01  2.61015722e+04 -4.32080199e+01  2.61015722e+04 -4.08782758e+01  2.61015722e+04 -4.66497702e+01  2.61015722e+04 -4.56116072e+01  2.61015722e+04 -4.70768421e+01  2.61015722e+04 -4.23680165e+01  2.61015722e+04 -4.47714966e+01  2.61015722e+04 -4.31401687e+01  2.61015722e+04 -4.24738052e+01  2.61015722e+04 -4.41943466e+01  2.61015722e+04 -4.61058246e+01 
 2.71227258e+04 -4.58549609e+01  2.71227258e+04 -4.52553086e+01  2.71227258e+04 -4.13501731e+01  2.71227258e+04 -4.88896742e+01  2.71227258e+04 -4.54637574e+01  2.71227258e+04 -4.40191167e+01  2.71227258e+04 -4.34894439e+01  2.71227258e+04 -4.06812136e+01  2.71227258e+04 -4.85439781e+01  2.71227258e+04 -4.80986567e+01  2.71227258e+04 -4.44139454e+01  2.71227258e+04 -4.75241838e+01  2.71227258e+04 -4.46463754e+01  2.71227258e+04 -4.37557037e+01  2.71227258e+04 -4.19638778e+01  2.71227258e+04 -4.19296542e+01  2.71227258e+04 -4.21779699e+01  2.71227258e+04 -4.17474528e+01  2.71227258e+04 -4.33570362e+01  2.71227258e+04 -4.35413370e+01  2.71227258e+04 -4.12115973e+01  2.71227258e+04 -4.69830943e+01  2.71227258e+04 -4.59449283e+01  2.71227258e+04 -4.74101672e+01  2.71227258e+04 -4.27013312e+01  2.71227258e+04 -4.51048184e+01  2.71227258e+04 -4.34734903e+01  2.71227258e+04 -4.28071183e+01  2.71227258e+04 -4.45276684e+01  2.71227258e+04 -4.64391498e+01 
 2.81838293e+04 -4.61882854e+01  2.81838293e+04 -4.55886336e+01  2.81838293e+04 -4.16834889e+01  2.81838293e+04 -4.92230006e+01  2.81838293e+04 -4.57970840e+01  2.81838293e+04 -4.43524359e+01  2.81838293e+04 -4.38227574e+01  2.81838293e+04 -4.10145331e+01  2.81838293e+04 -4.88773058e+01  2.81838293e+04 -4.84319859e+01  2.81838293e+04 -4.47472608e+01  2.81838293e+04 -4.78575089e+01  2.81838293e+04 -4.49797013e+01  2.81838293e+04 -4.40890247e+01  2.81838293e+04 -4.22971932e+01  2.81838293e+04 -4.22629731e+01  2.81838293e+04 -4.25112780e+01  2.81838293e+04 -4.20807681e+01  2.81838293e+04 -4.36903506e+01  2.81838293e+04 -4.38746553e+01  2.81838293e+04 -4.15449198e+01  2.81838293e+04 -4.73164191e+01  2.81838293e+04 -4.62782503e+01  2.81838293e+04 -4.77434930e+01  2.81838293e+04 -4.30346474e+01  2.81838293e+04 -4.54381410e+01  2.81838293e+04 -4.38068127e+01  2.81838293e+04 -4.31404329e+01  2.81838293e+04 -4.48609910e+01  2.81838293e+04 -4.67724755e+01 
 2.92864456e+04 -4.65216106e+01  2.92864456e+04 -4.59219591e+01  2.92864456e+04 -4.20168060e+01  2.92864456e+04 -4.95563275e+01  2.92864456e+04 -4.61304111e+01  2.92864456e+04 -4.46857561e+01  2.92864456e+04 -4.41560724e+01  2.92864456e+04 -4.13478536e+01  2.92864456e+04 -4.92106339e+01  2.92864456e+04 -4.87653154e+01  2.92864456e+04 -4.50805775e+01  2.92864456e+04 -4.81908346e+01  2.92864456e+04 -4.53130278e+01  2.92864456e+04 -4.44223466e+01  2.92864456e+04 -4.26305100e+01  2.92864456e+04 -4.25962931e+01  2.92864456e+04 -4.28445880e+01  2.92864456e+04 -4.24140848e+01  2.92864456e+04 -4.40236664e+01  2.92864456e+04 -4.42079747e+01  2.92864456e+04 -4.18782430e+01  2.92864456e+04 -4.76497445e+01  2.92864456e+04 -4.66115732e+01  2.92864456e+04 -4.80768193e+01  2.92864456e+04 -4.33679649e+01  2.92864456e+04 -4.57714645e+01  2.92864456e+04 -4.41401360e+01  2.92864456e+04 -4.34737488e+01  2.92864456e+04 -4.51943144e+01  2.92864456e+04 -4.71058019e+01 
 3.04321989e+04 -4.68549364e+01  3.04321989e+04 -4.62552853e+01  3.04321989e+04 -4.23501242e+01  3.04321989e+04 -4.98896550e+01  3.04321989e+04 -4.64637387e+01  3.04321989e+04 -4.50190773e+01  3.04321989e+04 -4.44893888e+01  3.04321989e+04 -4.16811751e+01  3.04321989e+04 -4.95439624e+01  3.04321989e+04 -4.90986453e+01  3.04321989e+04 -4.54138955e+01  3.04321989e+04 -4.85241608e+01  3.04321989e+04 -4.56463548e+01  3.04321989e+04 -4.47556694e+01  3.04321989e+04 -4.29638280e+01  3.04321989e+04 -4.29296140e+01  3.04321989e+04 -4.31778998e+01  3.04321989e+04 -4.27474027e+01  3.04321989e+04 -4.43569835e+01  3.04321989e+04 -4.45412951e+01  3.04321989e+04 -4.22115670e+01  3.04321989e+04 -4.79830705e+01  3.04321989e+04 -4.69448968e+01  3.04321989e+04 -4.84101461e+01  3.04321989e+04 -4.37012835e+01  3.04321989e+04 -4.61047886e+01  3.04321989e+04 -4.44734600e+01  3.04321989e+04 -4.38070661e+01  3.04321989e+04 -4.55276386e+01  3.04321989e+04 -4.74391287e+01 
 3.16227766e+04 -4.71882627e+01  3.16227766e+04 -4.65886120e+01  3.16227766e+04 -4.26834436e+01  3.16227766e+04 -5.02229828e+01  3.16227766e+04 -4.67970666e+01  3.16227766e+04 -4.53523994e+01  3.16227766e+04 -4.48227064e+01  3.16227766e+04 -4.20144975e+01  3.16227766e+04 -4.98772913e+01  3.16227766e+04 -4.94319753e+01  3.16227766e+04 -4.57472146e+01  3.16227766e+04 -4.88574876e+01  3.16227766e+04 -4.59796822e+01  3.16227766e+04 -4.50889929e+01  3.16227766e+04 -4.32971472e+01  3.16227766e+04 -4.32629359e+01  3.16227766e+04 -4.35112131e+01  3.16227766e+04 -4.30807217e+01  3.16227766e+04 -4.46903018e+01  3.16227766e+04 -4.48746165e+01  3.16227766e+04 -4.25448917e+01  3.16227766e+04 -4.83163970e+01  3.16227766e+04 -4.72782211e+01  3.16227766e+04 -4.87434734e+01  3.16227766e+04 -4.40346032e+01  3.16227766e+04 -4.64381135e+01  3.16227766e+04 -4.48067847e+01  3.16227766e+04 -4.41403845e+01  3.16227766e+04 -4.58609634e+01  3.16227766e+04 -4.77724560e+01 
 3.28599325e+04 -4.75215896e+01  3.28599325e+04 -4.69219392e+01  3.28599325e+04 -4.30167641e+01  3.28599325e+04 -5.05563111e+01  3.28599325e+04 -4.71303950e+01  3.28599325e+04 -4.56857224e+01  3.28599325e+04 -4.51560251e+01  3.28599325e+04 -4.23478206e+01  3.28599325e+04 -5.02106204e+01  3.28599325e+04 -4.97653056e+01  3.28599325e+04 -4.60805347e+01  3.28599325e+04 -4.91908148e+01  3.28599325e+04 -4.63130101e+01  3.28599325e+04 -4.54223171e+01  3.28599325e+04 -4.36304674e+01  3.28599325e+04 -4.35962586e+01  3.28599325e+04 -4.38445279e+01  3.28599325e+04 -4.34140418e+01  3.28599325e+04 -4.50236212e+01  3.28599325e+04 -4.52079388e+01  3.28599325e+04 -4.28782170e+01  3.28599325e+04 -4.86497241e+01  3.28599325e+04 -4.76115461e+01  3.28599325e+04 -4.90768011e+01  3.28599325e+04 -4.43679239e+01  3.28599325e+04 -4.67714390e+01  3.28599325e+04 -4.51401101e+01  3.28599325e+04 -4.44737040e+01  3.28599325e+04 -4.61942888e+01  3.28599325e+04 -4.81057838e+01 
 3.41454887e+04 -4.78549169e+01  3.41454887e+04 -4.72552668e+01  3.41454887e+04 -4.33500854e+01  3.41454887e+04 -5.08896397e+01  3.41454887e+04 -4.74637238e+01  3.41454887e+04 -4.60190461e+01  3.41454887e+04 -4.54893450e+01  3.41454887e+04 -4.26811446e+01  3.41454887e+04 -5.05439499e+01  3.41454887e+04 -5.00986361e+01  3.41454887e+04 -4.64138558e+01  3.41454887e+04 -4.95241425e+01  3.41454887e+04 -4.66463384e+01  3.41454887e+04 -4.57556420e+01  3.41454887e+04 -4.39637885e+01  3.41454887e+04 -4.39295821e+01  3.41454887e+04 -4.41778441e+01  3.41454887e+04 -4.37473629e+01  3.41454887e+04 -4.53569416e+01  3.41454887e+04 -4.55412619e+01  3.41454887e+04 -4.32115429e+01  3.41454887e+04 -4.89830516e+01  3.41454887e+04 -4.79448717e+01  3.41454887e+04 -4.94101293e+01  3.41454887e+04 -4.47012455e+01  3.41454887e+04 -4.71047650e+01  3.41454887e+04 -4.54734360e+01  3.41454887e+04 -4.48070246e+01  3.41454887e+04 -4.65276149e+01  3.41454887e+04 -4.84391120e+01 
 3.54813389e+04 -4.81882447e+01  3.54813389e+04 -4.75885949e+01  3.54813389e+04 -4.36834077e+01  3.54813389e+04 -5.12229687e+01  3.54813389e+04 -4.77970529e+01  3.54813389e+04 -4.63523705e+01  3.54813389e+04 -4.58226658e+01  3.54813389e+04 -4.30144692e+01  3.54813389e+04 -5.08772797e+01  3.54813389e+04 -5.04319669e+01  3.54813389e+04 -4.67471778e+01  3.54813389e+04 -4.98574706e+01  3.54813389e+04 -4.69796671e+01  3.54813389e+04 -4.60889676e+01  3.54813389e+04 -4.42971106e+01  3.54813389e+04 -4.42629064e+01  3.54813389e+04 -4.45111615e+01  3.54813389e+04 -4.40806848e+01  3.54813389e+04 -4.56902630e+01  3.54813389e+04 -4.58745857e+01  3.54813389e+04 -4.35448693e+01  3.54813389e+04 -4.93163795e+01  3.54813389e+04 -4.82781979e+01  3.54813389e+04 -4.97434578e+01  3.54813389e+04 -4.50345680e+01  3.54813389e+04 -4.74380916e+01  3.54813389e+04 -4.58067625e+01  3.54813389e+04 -4.51403461e+01  3.54813389e+04 -4.68609414e+01  3.54813389e+04 -4.87724405e+01 
 3.68694506e+04 -4.85215729e+01  3.68694506e+04 -4.79219233e+01  3.68694506e+04 -4.40167308e+01  3.68694506e+04 -5.15562980e+01  3.68694506e+04 -4.81303823e+01  3.68694506e+04 -4.66856956e+01  3.68694506e+04 -4.61559876e+01  3.68694506e+04 -4.33477944e+01  3.68694506e+04 -5.12106098e+01  3.68694506e+04 -5.07652978e+01  3.68694506e+04 -4.70805007e+01  3.68694506e+04 -5.01907991e+01  3.68694506e+04 -4.73129961e+01  3.68694506e+04 -4.64222937e+01  3.68694506e+04 -4.46304335e+01  3.68694506e+04 -4.45962313e+01  3.68694506e+04 -4.48444801e+01  3.68694506e+04 -4.44140077e+01  3.68694506e+04 -4.60235853e+01  3.68694506e+04 -4.62079102e+01  3.68694506e+04 -4.38781963e+01  3.68694506e+04 -4.96497078e+01  3.68694506e+04 -4.86115246e+01  3.68694506e+04 -5.00767867e+01  3.68694506e+04 -4.53678913e+01  3.68694506e+04 -4.77714187e+01  3.68694506e+04 -4.61400895e+01  3.68694506e+04 -4.54736684e+01  3.68694506e+04 -4.71942685e+01  3.68694506e+04 -4.91057694e+01 
 3.83118685e+04 -4.88549015e+01  3.83118685e+04 -4.82552522e+01  3.83118685e+04 -4.43500546e+01  3.83118685e+04 -5.18896276e+01  3.83118685e+04 -4.84637120e+01  3.83118685e+04 -4.70190213e+01  3.83118685e+04 -4.64893102e+01  3.83118685e+04 -4.36811203e+01  3.83118685e+04 -5.15439400e+01  3.83118685e+04 -5.10986289e+01  3.83118685e+04 -4.74138243e+01  3.83118685e+04 -5.05241280e+01  3.83118685e+04 -4.76463254e+01  3.83118685e+04 -4.67556204e+01  3.83118685e+04 -4.49637572e+01  3.83118685e+04 -4.49295568e+01  3.83118685e+04 -4.51777998e+01  3.83118685e+04 -4.47473313e+01  3.83118685e+04 -4.63569084e+01  3.83118685e+04 -4.65412354e+01  3.83118685e+04 -4.42115237e+01  3.83118685e+04 -4.99830365e+01  3.83118685e+04 -4.89448518e+01  3.83118685e+04 -5.04101159e+01  3.83118685e+04 -4.57012153e+01  3.83118685e+04 -4.81047462e+01  3.83118685e+04 -4.64734169e+01  3.83118685e+04 -4.58069916e+01  3.83118685e+04 -4.75275960e+01  3.83118685e+04 -4.94390987e+01 
 3.98107171e+04 -4.91882304e+01  3.98107171e+04 -4.85885813e+01  3.98107171e+04 -4.46833791e+01  3.98107171e+04 -5.22229574e+01  3.98107171e+04 -4.87970419e+01  3.98107171e+04 -4.73523475e+01  3.98107171e+04 -4.68226336e+01  3.98107171e+04 -4.40144467e+01  3.98107171e+04 -5.18772706e+01  3.98107171e+04 -5.14319602e+01  3.98107171e+04 -4.77471487e+01  3.98107171e+04 -5.08574572e+01  3.98107171e+04 -4.79796551e+01  3.98107171e+04 -4.70889475e+01  3.98107171e+04 -4.52970815e+01  3.98107171e+04 -4.52628829e+01  3.98107171e+04 -4.55111205e+01  3.98107171e+04 -4.50806556e+01  3.98107171e+04 -4.66902322e+01  3.98107171e+04 -4.68745612e+01  3.98107171e+04 -4.45448516e+01  3.98107171e+04 -5.03163656e+01  3.98107171e+04 -4.92781795e+01  3.98107171e+04 -5.07434455e+01  3.98107171e+04 -4.60345401e+01  3.98107171e+04 -4.84380742e+01  3.98107171e+04 -4.68067448e+01  3.98107171e+04 -4.61403156e+01  3.98107171e+04 -4.78609240e+01  3.98107171e+04 -4.97724282e+01 
 4.13682040e+04 -4.95215596e+01  4.13682040e+04 -4.89219108e+01  4.13682040e+04 -4.50167043e+01  4.13682040e+04 -5.25562876e+01  4.13682040e+04 -4.91303721e+01  4.13682040e+04 -4.76856743e+01  4.13682040e+04 -4.71559578e+01  4.13682040e+04 -4.43477736e+01  4.13682040e+04 -5.22106013e+01  4.13682040e+04 -5.17652916e+01  4.13682040e+04 -4.80804737e+01  4.13682040e+04 -5.11907866e+01  4.13682040e+04 -4.83129850e+01  4.13682040e+04 -4.74222751e+01  4.13682040e+04 -4.56304066e+01  4.13682040e+04 -4.55962095e+01  4.13682040e+04 -4.58444422e+01  4.13682040e+04 -4.54139805e+01  4.13682040e+04 -4.70235568e+01  4.13682040e+04 -4.72078876e+01  4.13682040e+04 -4.48781799e+01  4.13682040e+04 -5.06496949e+01  4.13682040e+04 -4.96115076e+01  4.13682040e+04 -5.10767753e+01  4.13682040e+04 -4.63678654e+01  4.13682040e+04 -4.87714026e+01  4.13682040e+04 -4.71400731e+01  4.13682040e+04 -4.64736402e+01  4.13682040e+04 -4.81942524e+01  4.13682040e+04 -5.01057580e+01 
 4.29866235e+04 -4.98548892e+01  4.29866235e+04 -4.92552405e+01  4.29866235e+04 -4.53500301e+01  4.29866235e+04 -5.28896179e+01  4.29866235e+04 -4.94637026e+01  4.29866235e+04 -4.80190015e+01  4.29866235e+04 -4.74892826e+01  4.29866235e+04 -4.46811010e+01  4.29866235e+04 -5.25439322e+01  4.29866235e+04 -5.20986232e+01  4.29866235e+04 -4.84137993e+01  4.29866235e+04 -5.15241164e+01  4.29866235e+04 -4.86463151e+01  4.29866235e+04 -4.77556031e+01  4.29866235e+04 -4.59637322e+01  4.29866235e+04 -4.59295366e+01  4.29866235e+04 -4.61777647e+01  4.29866235e+04 -4.57473061e+01  4.29866235e+04 -4.73568820e+01  4.29866235e+04 -4.75412144e+01  4.29866235e+04 -4.52115085e+01  4.29866235e+04 -5.09830246e+01  4.29866235e+04 -4.99448360e+01  4.29866235e+04 -5.14101053e+01  4.29866235e+04 -4.67011914e+01  4.29866235e+04 -4.91047313e+01  4.29866235e+04 -4.74734018e+01  4.29866235e+04 -4.68069655e+01  4.29866235e+04 -4.85275811e+01  4.29866235e+04 -5.04390881e+01 
 4.46683592e+04 -5.01882190e+01  4.46683592e+04 -4.95885705e+01  4.46683592e+04 -4.56833565e+01  4.46683592e+04 -5.32229485e+01  4.46683592e+04 -4.97970332e+01  4.46683592e+04 -4.83523292e+01  4.46683592e+04 -4.78226081e+01  4.46683592e+04 -4.50144288e+01  4.46683592e+04 -5.28772633e+01  4.46683592e+04 -5.24319549e+01  4.46683592e+04 -4.87471255e+01  4.46683592e+04 -5.18574465e+01  4.46683592e+04 -4.89796455e+01  4.46683592e+04 -4.80889315e+01  4.46683592e+04 -4.62970584e+01  4.46683592e+04 -4.62628642e+01  4.46683592e+04 -4.65110880e+01  4.46683592e+04 -4.60806323e+01  4.46683592e+04 -4.76902078e+01  4.46683592e+04 -4.78745418e+01  4.46683592e+04 -4.55448375e+01  4.46683592e+04 -5.13163545e+01  4.46683592e+04 -5.02781649e+01  4.46683592e+04 -5.17434356e+01  4.46683592e+04 -4.70345179e+01  4.46683592e+04 -4.94380604e+01  4.46683592e+04 -4.78067308e+01  4.46683592e+04 -4.71402913e+01  4.46683592e+04 -4.88609102e+01  4.46683592e+04 -5.07724184e+01 
 4.64158883e+04 -5.05215491e+01  4.64158883e+04 -4.99219008e+01  4.64158883e+04 -4.60166833e+01  4.64158883e+04 -5.35562793e+01  4.64158883e+04 -5.01303641e+01  4.64158883e+04 -4.86856574e+01  4.64158883e+04 -4.81559341e+01  4.64158883e+04 -4.53477571e+01  4.64158883e+04 -5.32105945e+01  4.64158883e+04 -5.27652867e+01  4.64158883e+04 -4.90804522e+01  4.64158883e+04 -5.21907767e+01  4.64158883e+04 -4.93129761e+01  4.64158883e+04 -4.84222603e+01  4.64158883e+04 -4.66303852e+01  4.64158883e+04 -4.65961922e+01  4.64158883e+04 -4.68444120e+01  4.64158883e+04 -4.64139590e+01  4.64158883e+04 -4.80235341e+01  4.64158883e+04 -4.82078696e+01  4.64158883e+04 -4.58781668e+01  4.64158883e+04 -5.16496847e+01  4.64158883e+04 -5.06114940e+01  4.64158883e+04 -5.20767662e+01  4.64158883e+04 -4.73678449e+01  4.64158883e+04 -4.97713898e+01  4.64158883e+04 -4.81400601e+01  4.64158883e+04 -4.74736177e+01  4.64158883e+04 -4.91942395e+01  4.64158883e+04 -5.11057490e+01 
 4.82317848e+04 -5.08548794e+01  4.82317848e+04 -5.02552312e+01  4.82317848e+04 -4.63500107e+01  4.82317848e+04 -5.38896103e+01  4.82317848e+04 -5.04636951e+01  4.82317848e+04 -4.90189859e+01  4.82317848e+04 -4.84892607e+01  4.82317848e+04 -4.56810857e+01  4.82317848e+04 -5.35439260e+01  4.82317848e+04 -5.30986186e+01  4.82317848e+04 -4.94137794e+01  4.82317848e+04 -5.25241073e+01  4.82317848e+04 -4.96463069e+01  4.82317848e+04 -4.87555894e+01  4.82317848e+04 -4.69637124e+01  4.82317848e+04 -4.69295207e+01  4.82317848e+04 -4.71777368e+01  4.82317848e+04 -4.67472862e+01  4.82317848e+04 -4.83568610e+01  4.82317848e+04 -4.85411978e+01  4.82317848e+04 -4.62114964e+01  4.82317848e+04 -5.19830151e+01  4.82317848e+04 -5.09448235e+01  4.82317848e+04 -5.24100969e+01  4.82317848e+04 -4.77011724e+01  4.82317848e+04 -5.01047195e+01  4.82317848e+04 -4.84733897e+01  4.82317848e+04 -4.78069447e+01  4.82317848e+04 -4.95275692e+01  4.82317848e+04 -5.14390797e+01 
 5.01187234e+04 -5.11882100e+01  5.01187234e+04 -5.05885619e+01  5.01187234e+04 -4.66833385e+01  5.01187234e+04 -5.42229414e+01  5.01187234e+04 -5.07970263e+01  5.01187234e+04 -4.93523147e+01  5.01187234e+04 -4.88225877e+01  5.01187234e+04 -4.60144146e+01  5.01187234e+04 -5.38772575e+01  5.01187234e+04 -5.34319506e+01  5.01187234e+04 -4.97471071e+01  5.01187234e+04 -5.28574380e+01  5.01187234e+04 -4.99796379e+01  5.01187234e+04 -4.90889189e+01  5.01187234e+04 -4.72970401e+01  5.01187234e+04 -4.72628494e+01  5.01187234e+04 -4.75110622e+01  5.01187234e+04 -4.70806138e+01  5.01187234e+04 -4.86901883e+01  5.01187234e+04 -4.88745263e+01  5.01187234e+04 -4.65448263e+01  5.01187234e+04 -5.23163457e+01  5.01187234e+04 -5.12781532e+01  5.01187234e+04 -5.27434278e+01  5.01187234e+04 -4.80345003e+01  5.01187234e+04 -5.04380495e+01  5.01187234e+04 -4.88067196e+01  5.01187234e+04 -4.81402721e+01  5.01187234e+04 -4.98608992e+01  5.01187234e+04 -5.17724107e+01 
 5.20794833e+04 -5.15215407e+01  5.20794833e+04 -5.09218928e+01  5.20794833e+04 -4.70166667e+01  5.20794833e+04 -5.45562727e+01  5.20794833e+04 -5.11303577e+01  5.20794833e+04 -4.96856439e+01  5.20794833e+04 -4.91559153e+01  5.20794833e+04 -4.63477439e+01  5.20794833e+04 -5.42105892e+01  5.20794833e+04 -5.37652828e+01  5.20794833e+04 -5.00804352e+01  5.20794833e+04 -5.31907689e+01  5.20794833e+04 -5.03129691e+01  5.20794833e+04 -4.94222486e+01  5.20794833e+04 -4.76303682e+01  5.20794833e+04 -4.75961785e+01  5.20794833e+04 -4.78443881e+01  5.20794833e+04 -4.74139419e+01  5.20794833e+04 -4.90235161e+01  5.20794833e+04 -4.92078553e+01  5.20794833e+04 -4.68781565e+01  5.20794833e+04 -5.26496766e+01  5.20794833e+04 -5.16114833e+01  5.20794833e+04 -5.30767590e+01  5.20794833e+04 -4.83678286e+01  5.20794833e+04 -5.07713797e+01  5.20794833e+04 -4.91400498e+01  5.20794833e+04 -4.84735999e+01  5.20794833e+04 -5.01942294e+01  5.20794833e+04 -5.21057418e+01 
 5.41169527e+04 -5.18548717e+01  5.41169527e+04 -5.12552239e+01  5.41169527e+04 -4.73499952e+01  5.41169527e+04 -5.48896042e+01  5.41169527e+04 -5.14636892e+01  5.41169527e+04 -5.00189734e+01  5.41169527e+04 -4.94892432e+01  5.41169527e+04 -4.66810735e+01  5.41169527e+04 -5.45439210e+01  5.41169527e+04 -5.40986150e+01  5.41169527e+04 -5.04137636e+01  5.41169527e+04 -5.35241000e+01  5.41169527e+04 -5.06463004e+01  5.41169527e+04 -4.97555786e+01  5.41169527e+04 -4.79636967e+01  5.41169527e+04 -4.79295079e+01  5.41169527e+04 -4.81777146e+01  5.41169527e+04 -4.77472703e+01  5.41169527e+04 -4.93568443e+01  5.41169527e+04 -4.95411845e+01  5.41169527e+04 -4.72114868e+01  5.41169527e+04 -5.29830076e+01  5.41169527e+04 -5.19448135e+01  5.41169527e+04 -5.34100902e+01  5.41169527e+04 -4.87011573e+01  5.41169527e+04 -5.11047101e+01  5.41169527e+04 -4.94733801e+01  5.41169527e+04 -4.88069281e+01  5.41169527e+04 -5.05275598e+01  5.41169527e+04 -5.24390731e+01 
 5.62341325e+04 -5.21882028e+01  5.62341325e+04 -5.15885551e+01  5.62341325e+04 -4.76833241e+01  5.62341325e+04 -5.52229358e+01  5.62341325e+04 -5.17970209e+01  5.62341325e+04 -5.03523032e+01  5.62341325e+04 -4.98225716e+01  5.62341325e+04 -4.70144034e+01  5.62341325e+04 -5.48772529e+01  5.62341325e+04 -5.44319473e+01  5.62341325e+04 -5.07470925e+01  5.62341325e+04 -5.38574312e+01  5.62341325e+04 -5.09796319e+01  5.62341325e+04 -5.00889088e+01  5.62341325e+04 -4.82970255e+01  5.62341325e+04 -4.82628377e+01  5.62341325e+04 -4.85110416e+01  5.62341325e+04 -4.80805992e+01  5.62341325e+04 -4.96901729e+01  5.62341325e+04 -4.98745141e+01  5.62341325e+04 -4.75448174e+01  5.62341325e+04 -5.33163388e+01  5.62341325e+04 -5.22781440e+01  5.62341325e+04 -5.37434217e+01  5.62341325e+04 -4.90344863e+01  5.62341325e+04 -5.14380407e+01  5.62341325e+04 -4.98067107e+01  5.62341325e+04 -4.91402568e+01  5.62341325e+04 -5.08608904e+01  5.62341325e+04 -5.27724045e+01 
 5.84341413e+04 -5.25215341e+01  5.84341413e+04 -5.19218865e+01  5.84341413e+04 -4.80166534e+01  5.84341413e+04 -5.55562675e+01  5.84341413e+04 -5.21303526e+01  5.84341413e+04 -5.06856333e+01  5.84341413e+04 -5.01559003e+01  5.84341413e+04 -4.73477335e+01  5.84341413e+04 -5.52105849e+01  5.84341413e+04 -5.47652797e+01  5.84341413e+04 -5.10804216e+01  5.84341413e+04 -5.41907626e+01  5.84341413e+04 -5.13129635e+01  5.84341413e+04 -5.04222393e+01  5.84341413e+04 -4.86303547e+01  5.84341413e+04 -4.85961676e+01  5.84341413e+04 -4.88443691e+01  5.84341413e+04 -4.84139283e+01  5.84341413e+04 -5.00235018e+01  5.84341413e+04 -5.02078439e+01  5.84341413e+04 -4.78781482e+01  5.84341413e+04 -5.36496701e+01  5.84341413e+04 -5.26114747e+01  5.84341413e+04 -5.40767532e+01  5.84341413e+04 -4.93678156e+01  5.84341413e+04 -5.17713716e+01  5.84341413e+04 -5.01400416e+01  5.84341413e+04 -4.94735857e+01  5.84341413e+04 -5.11942213e+01  5.84341413e+04 -5.31057361e+01 
 6.07202196e+04 -5.28548655e+01  6.07202196e+04 -5.22552180e+01  6.07202196e+04 -4.83499830e+01  6.07202196e+04 -5.58895994e+01  6.07202196e+04 -5.24636845e+01  6.07202196e+04 -5.10189635e+01  6.07202196e+04 -5.04892294e+01  6.07202196e+04 -4.76810638e+01  6.07202196e+04 -5.55439171e+01  6.07202196e+04 -5.50986121e+01  6.07202196e+04 -5.14137511e+01  6.07202196e+04 -5.45240942e+01  6.07202196e+04 -5.16462953e+01  6.07202196e+04 -5.07555699e+01  6.07202196e+04 -4.89636842e+01  6.07202196e+04 -4.89294979e+01  6.07202196e+04 -4.91776970e+01  6.07202196e+04 -4.87472578e+01  6.07202196e+04 -5.03568311e+01  6.07202196e+04 -5.05411740e+01  6.07202196e+04 -4.82114792e+01  6.07202196e+04 -5.39830016e+01  6.07202196e+04 -5.29448056e+01  6.07202196e+04 -5.44100849e+01  6.07202196e+04 -4.97011453e+01  6.07202196e+04 -5.21047026e+01  6.07202196e+04 -5.04733725e+01  6.07202196e+04 -4.98069150e+01  6.07202196e+04 -5.15275523e+01  6.07202196e+04 -5.34390678e+01 
 6.30957344e+04 -5.31881971e+01  6.30957344e+04 -5.25885497e+01  6.30957344e+04 -4.86833128e+01  6.30957344e+04 -5.62229313e+01  6.30957344e+04 -5.27970165e+01  6.30957344e+04 -5.13522941e+01  6.30957344e+04 -5.08225588e+01  6.30957344e+04 -4.80143944e+01  6.30957344e+04 -5.58772493e+01  6.30957344e+04 -5.54319446e+01  6.30957344e+04 -5.17470809e+01  6.30957344e+04 -5.48574259e+01  6.30957344e+04 -5.19796271e+01  6.30957344e+04 -5.10889008e+01  6.30957344e+04 -4.92970140e+01  6.30957344e+04 -4.92628283e+01  6.30957344e+04 -4.95110253e+01  6.30957344e+04 -4.90805875e+01  6.30957344e+04 -5.06901606e+01  6.30957344e+04 -5.08745043e+01  6.30957344e+04 -4.85448104e+01  6.30957344e+04 -5.43163332e+01  6.30957344e+04 -5.32781367e+01  6.30957344e+04 -5.47434167e+01  6.30957344e+04 -5.00344752e+01  6.30957344e+04 -5.24380338e+01  6.30957344e+04 -5.08067037e+01  6.30957344e+04 -5.01402446e+01  6.30957344e+04 -5.18608835e+01  6.30957344e+04 -5.37723996e+01 
 6.55641849e+04 -5.35215288e+01  6.55641849e+04 -5.29218815e+01  6.55641849e+04 -4.90166429e+01  6.55641849e+04 -5.65562634e+01  6.55641849e+04 -5.31303486e+01  6.55641849e+04 -5.16856248e+01  6.55641849e+04 -5.11558885e+01  6.55641849e+04 -4.83477252e+01  6.55641849e+04 -5.62105816e+01  6.55641849e+04 -5.57652772e+01  6.55641849e+04 -5.20804109e+01  6.55641849e+04 -5.51907577e+01  6.55641849e+04 -5.23129591e+01  6.55641849e+04 -5.14222319e+01  6.55641849e+04 -4.96303440e+01  6.55641849e+04 -4.95961590e+01  6.55641849e+04 -4.98443540e+01  6.55641849e+04 -4.94139175e+01  6.55641849e+04 -5.10234905e+01  6.55641849e+04 -5.12078349e+01  6.55641849e+04 -4.88781417e+01  6.55641849e+04 -5.46496650e+01  6.55641849e+04 -5.36114679e+01  6.55641849e+04 -5.50767487e+01  6.55641849e+04 -5.03678053e+01  6.55641849e+04 -5.27713652e+01  6.55641849e+04 -5.11400350e+01  6.55641849e+04 -5.04735745e+01  6.55641849e+04 -5.21942148e+01  6.55641849e+04 -5.41057315e+01 
 6.81292069e+04 -5.38548606e+01  6.81292069e+04 -5.32552134e+01  6.81292069e+04 -4.93499732e+01  6.81292069e+04 -5.68895955e+01  6.81292069e+04 -5.34636808e+01  6.81292069e+04 -5.20189557e+01  6.81292069e+04 -5.14892184e+01  6.81292069e+04 -4.86810562e+01  6.81292069e+04 -5.65439139e+01  6.81292069e+04 -5.60986098e+01  6.81292069e+04 -5.24137411e+01  6.81292069e+04 -5.55240896e+01  6.81292069e+04 -5.26462911e+01  6.81292069e+04 -5.17555631e+01  6.81292069e+04 -4.99636743e+01  6.81292069e+04 -4.99294898e+01  6.81292069e+04 -5.01776830e+01  6.81292069e+04 -4.97472478e+01  6.81292069e+04 -5.13568206e+01  6.81292069e+04 -5.15411656e+01  6.81292069e+04 -4.92114732e+01  6.81292069e+04 -5.49829968e+01  6.81292069e+04 -5.39447993e+01  6.81292069e+04 -5.54100807e+01  6.81292069e+04 -5.07011357e+01  6.81292069e+04 -5.31046967e+01  6.81292069e+04 -5.14733665e+01  6.81292069e+04 -5.08069046e+01  6.81292069e+04 -5.25275463e+01  6.81292069e+04 -5.44390636e+01 
 7.07945784e+04 -5.41881926e+01  7.07945784e+04 -5.35885454e+01  7.07945784e+04 -4.96833038e+01  7.07945784e+04 -5.72229278e+01  7.07945784e+04 -5.37970130e+01  7.07945784e+04 -5.23522868e+01  7.07945784e+04 -5.18225486e+01  7.07945784e+04 -4.90143873e+01  7.07945784e+04 -5.68772464e+01  7.07945784e+04 -5.64319425e+01  7.07945784e+04 -5.27470716e+01  7.07945784e+04 -5.58574216e+01  7.07945784e+04 -5.29796233e+01  7.07945784e+04 -5.20888945e+01  7.07945784e+04 -5.02970048e+01  7.07945784e+04 -5.02628209e+01  7.07945784e+04 -5.05110124e+01  7.07945784e+04 -5.00805782e+01  7.07945784e+04 -5.16901509e+01  7.07945784e+04 -5.18744966e+01  7.07945784e+04 -4.95448048e+01  7.07945784e+04 -5.53163288e+01  7.07945784e+04 -5.42781309e+01  7.07945784e+04 -5.57434128e+01  7.07945784e+04 -5.10344663e+01  7.07945784e+04 -5.34380283e+01  7.07945784e+04 -5.18066981e+01  7.07945784e+04 -5.11402350e+01  7.07945784e+04 -5.28608780e+01  7.07945784e+04 -5.47723957e+01 
 7.35642254e+04 -5.45215246e+01  7.35642254e+04 -5.39218775e+01  7.35642254e+04 -5.00166345e+01  7.35642254e+04 -5.75562601e+01  7.35642254e+04 -5.41303454e+01  7.35642254e+04 -5.26856181e+01  7.35642254e+04 -5.21558790e+01  7.35642254e+04 -4.93477186e+01  7.35642254e+04 -5.72105789e+01  7.35642254e+04 -5.67652752e+01  7.35642254e+04 -5.30804023e+01  7.35642254e+04 -5.61907537e+01  7.35642254e+04 -5.33129556e+01  7.35642254e+04 -5.24222260e+01  7.35642254e+04 -5.06303355e+01  7.35642254e+04 -5.05961521e+01  7.35642254e+04 -5.08443420e+01  7.35642254e+04 -5.04139089e+01  7.35642254e+04 -5.20234815e+01  7.35642254e+04 -5.22078277e+01  7.35642254e+04 -4.98781365e+01  7.35642254e+04 -5.56496609e+01  7.35642254e+04 -5.46114625e+01  7.35642254e+04 -5.60767450e+01  7.35642254e+04 -5.13677971e+01  7.35642254e+04 -5.37713601e+01  7.35642254e+04 -5.21400299e+01  7.35642254e+04 -5.14735655e+01  7.35642254e+04 -5.31942097e+01  7.35642254e+04 -5.51057279e+01 
 7.64422274e+04 -5.48548567e+01  7.64422274e+04 -5.42552097e+01  7.64422274e+04 -5.03499655e+01  7.64422274e+04 -5.78895925e+01  7.64422274e+04 -5.44636778e+01  7.64422274e+04 -5.30189495e+01  7.64422274e+04 -5.24892097e+01  7.64422274e+04 -4.96810501e+01  7.64422274e+04 -5.75439114e+01  7.64422274e+04 -5.70986080e+01  7.64422274e+04 -5.34137332e+01  7.64422274e+04 -5.65240859e+01  7.64422274e+04 -5.36462879e+01  7.64422274e+04 -5.27555576e+01  7.64422274e+04 -5.09636664e+01  7.64422274e+04 -5.09294835e+01  7.64422274e+04 -5.11776719e+01  7.64422274e+04 -5.07472398e+01  7.64422274e+04 -5.23568122e+01  7.64422274e+04 -5.25411590e+01  7.64422274e+04 -5.02114684e+01  7.64422274e+04 -5.59829931e+01  7.64422274e+04 -5.49447943e+01  7.64422274e+04 -5.64100773e+01  7.64422274e+04 -5.17011281e+01  7.64422274e+04 -5.41046920e+01  7.64422274e+04 -5.24733617e+01  7.64422274e+04 -5.18068963e+01  7.64422274e+04 -5.35275416e+01  7.64422274e+04 -5.54390602e+01 
 7.94328235e+04 -5.51881890e+01  7.94328235e+04 -5.45885420e+01  7.94328235e+04 -5.06832966e+01  7.94328235e+04 -5.82229249e+01  7.94328235e+04 -5.47970103e+01  7.94328235e+04 -5.33522810e+01  7.94328235e+04 -5.28225405e+01  7.94328235e+04 -5.00143817e+01  7.94328235e+04 -5.78772441e+01  7.94328235e+04 -5.74319408e+01  7.94328235e+04 -5.37470643e+01  7.94328235e+04 -5.68574182e+01  7.94328235e+04 -5.39796203e+01  7.94328235e+04 -5.30888894e+01  7.94328235e+04 -5.12969975e+01  7.94328235e+04 -5.12628150e+01  7.94328235e+04 -5.15110021e+01  7.94328235e+04 -5.10805709e+01  7.94328235e+04 -5.26901432e+01  7.94328235e+04 -5.28744904e+01  7.94328235e+04 -5.05448003e+01  7.94328235e+04 -5.63163253e+01  7.94328235e+04 -5.52781262e+01  7.94328235e+04 -5.67434097e+01  7.94328235e+04 -5.20344593e+01  7.94328235e+04 -5.44380240e+01  7.94328235e+04 -5.28066937e+01  7.94328235e+04 -5.21402273e+01  7.94328235e+04 -5.38608736e+01  7.94328235e+04 -5.57723926e+01 
 8.25404185e+04 -5.55215213e+01  8.25404185e+04 -5.49218744e+01  8.25404185e+04 -5.10166279e+01  8.25404185e+04 -5.85562575e+01  8.25404185e+04 -5.51303428e+01  8.25404185e+04 -5.36856127e+01  8.25404185e+04 -5.31558715e+01  8.25404185e+04 -5.03477134e+01  8.25404185e+04 -5.82105767e+01  8.25404185e+04 -5.77652737e+01  8.25404185e+04 -5.40803956e+01  8.25404185e+04 -5.71907506e+01  8.25404185e+04 -5.43129528e+01  8.25404185e+04 -5.34222213e+01  8.25404185e+04 -5.16303287e+01  8.25404185e+04 -5.15961466e+01  8.25404185e+04 -5.18443325e+01  8.25404185e+04 -5.14139021e+01  8.25404185e+04 -5.30234743e+01  8.25404185e+04 -5.32078220e+01  8.25404185e+04 -5.08781324e+01  8.25404185e+04 -5.66496577e+01  8.25404185e+04 -5.56114582e+01  8.25404185e+04 -5.70767422e+01  8.25404185e+04 -5.23677907e+01  8.25404185e+04 -5.47713560e+01  8.25404185e+04 -5.31400257e+01  8.25404185e+04 -5.24735584e+01  8.25404185e+04 -5.41942057e+01  8.25404185e+04 -5.61057250e+01 
 8.57695899e+04 -5.58548536e+01  8.57695899e+04 -5.52552068e+01  8.57695899e+04 -5.13499593e+01  8.57695899e+04 -5.88895901e+01  8.57695899e+04 -5.54636754e+01  8.57695899e+04 -5.40189445e+01  8.57695899e+04 -5.34892027e+01  8.57695899e+04 -5.06810452e+01  8.57695899e+04 -5.85439095e+01  8.57695899e+04 -5.80986066e+01  8.57695899e+04 -5.44137270e+01  8.57695899e+04 -5.75240830e+01  8.57695899e+04 -5.46462853e+01  8.57695899e+04 -5.37555533e+01  8.57695899e+04 -5.19636601e+01  8.57695899e+04 -5.19294784e+01  8.57695899e+04 -5.21776631e+01  8.57695899e+04 -5.17472335e+01  8.57695899e+04 -5.33568056e+01  8.57695899e+04 -5.35411537e+01  8.57695899e+04 -5.12114645e+01  8.57695899e+04 -5.69829901e+01  8.57695899e+04 -5.59447903e+01  8.57695899e+04 -5.74100747e+01  8.57695899e+04 -5.27011221e+01  8.57695899e+04 -5.51046882e+01  8.57695899e+04 -5.34733579e+01  8.57695899e+04 -5.28068897e+01  8.57695899e+04 -5.45275379e+01  8.57695899e+04 -5.64390576e+01 
 8.91250938e+04 -5.61881861e+01  8.91250938e+04 -5.55885393e+01  8.91250938e+04 -5.16832909e+01  8.91250938e+04 -5.92229227e+01  8.91250938e+04 -5.57970081e+01  8.91250938e+04 -5.43522764e+01  8.91250938e+04 -5.38225341e+01  8.91250938e+04 -5.10143772e+01  8.91250938e+04 -5.88772422e+01  8.91250938e+04 -5.84319395e+01  8.91250938e+04 -5.47470585e+01  8.91250938e+04 -5.78574155e+01  8.91250938e+04 -5.49796179e+01  8.91250938e+04 -5.40888854e+01  8.91250938e+04 -5.22969917e+01  8.91250938e+04 -5.22628103e+01  8.91250938e+04 -5.25109939e+01  8.91250938e+04 -5.20805650e+01  8.91250938e+04 -5.36901370e+01  8.91250938e+04 -5.38744856e+01  8.91250938e+04 -5.15447968e+01  8.91250938e+04 -5.73163225e+01  8.91250938e+04 -5.62781226e+01  8.91250938e+04 -5.77434073e+01  8.91250938e+04 -5.30344537e+01  8.91250938e+04 -5.54380205e+01  8.91250938e+04 -5.38066902e+01  8.91250938e+04 -5.31402212e+01  8.91250938e+04 -5.48608701e+01  8.91250938e+04 -5.67723901e+01 
 9.26118728e+04 -5.65215186e+01  9.26118728e+04 -5.59218718e+01  9.26118728e+04 -5.20166226e+01  9.26118728e+04 -5.95562554e+01  9.26118728e+04 -5.61303408e+01  9.26118728e+04 -5.46856085e+01  9.26118728e+04 -5.41558656e+01  9.26118728e+04 -5.13477092e+01  9.26118728e+04 -5.92105751e+01  9.26118728e+04 -5.87652724e+01  9.26118728e+04 -5.50803902e+01  9.26118728e+04 -5.81907481e+01  9.26118728e+04 -5.53129505e+01  9.26118728e+04 -5.44222176e+01  9.26118728e+04 -5.26303234e+01  9.26118728e+04 -5.25961423e+01  9.26118728e+04 -5.28443249e+01  9.26118728e+04 -5.24138967e+01  9.26118728e+04 -5.40234686e+01  9.26118728e+04 -5.42078175e+01  9.26118728e+04 -5.18781291e+01  9.26118728e+04 -5.76496551e+01  9.26118728e+04 -5.66114548e+01  9.26118728e+04 -5.80767399e+01  9.26118728e+04 -5.33677855e+01  9.26118728e+04 -5.57713528e+01  9.26118728e+04 -5.41400225e+01  9.26118728e+04 -5.34735528e+01  9.26118728e+04 -5.51942025e+01  9.26118728e+04 -5.71057228e+01 
 9.62350626e+04 -5.68548512e+01  9.62350626e+04 -5.62552045e+01  9.62350626e+04 -5.23499544e+01  9.62350626e+04 -5.98895881e+01  9.62350626e+04 -5.64636736e+01  9.62350626e+04 -5.50189406e+01  9.62350626e+04 -5.44891972e+01  9.62350626e+04 -5.16810414e+01  9.62350626e+04 -5.95439079e+01  9.62350626e+04 -5.90986054e+01  9.62350626e+04 -5.54137220e+01  9.62350626e+04 -5.85240807e+01  9.62350626e+04 -5.56462832e+01  9.62350626e+04 -5.47555499e+01  9.62350626e+04 -5.29636552e+01  9.62350626e+04 -5.29294744e+01  9.62350626e+04 -5.31776561e+01  9.62350626e+04 -5.27472285e+01  9.62350626e+04 -5.43568003e+01  9.62350626e+04 -5.45411495e+01  9.62350626e+04 -5.22114615e+01  9.62350626e+04 -5.79829877e+01  9.62350626e+04 -5.69447872e+01  9.62350626e+04 -5.84100726e+01  9.62350626e+04 -5.37011174e+01  9.62350626e+04 -5.61046852e+01  9.62350626e+04 -5.44733549e+01  9.62350626e+04 -5.38068845e+01  9.62350626e+04 -5.55275349e+01  9.62350626e+04 -5.74390555e+01 
 1.00000000e+05 -5.71881838e+01  1.00000000e+05 -5.65885371e+01  1.00000000e+05 -5.26832864e+01  1.00000000e+05 -6.02229209e+01  1.00000000e+05 -5.67970064e+01  1.00000000e+05 -5.53522728e+01  1.00000000e+05 -5.48225290e+01  1.00000000e+05 -5.20143736e+01  1.00000000e+05 -5.98772408e+01  1.00000000e+05 -5.94319384e+01  1.00000000e+05 -5.57470539e+01  1.00000000e+05 -5.88574134e+01  1.00000000e+05 -5.59796160e+01  1.00000000e+05 -5.50888822e+01  1.00000000e+05 -5.32969871e+01  1.00000000e+05 -5.32628066e+01  1.00000000e+05 -5.35109874e+01  1.00000000e+05 -5.30805604e+01  1.00000000e+05 -5.46901321e+01  1.00000000e+05 -5.48744817e+01  1.00000000e+05 -5.25447940e+01  1.00000000e+05 -5.83163203e+01  1.00000000e+05 -5.72781196e+01  1.00000000e+05 -5.87434053e+01  1.00000000e+05 -5.40344493e+01  1.00000000e+05 -5.64380177e+01  1.00000000e+05 -5.48066874e+01  1.00000000e+05 -5.41402164e+01  1.00000000e+05 -5.58608674e+01  1.00000000e+05 -5.77723882e+01 
