 0.00000000e+00  0.00000000e+00  0.00000000e+00  0.00000000e+00  0.00000000e+00  0.00000000e+00  0.00000000e+00  0.00000000e+00  0.00000000e+00  0.00000000e+00  0.00000000e+00  0.00000000e+00  0.00000000e+00  0.00000000e+00  0.00000000e+00  0.00000000e+00  0.00000000e+00  0.00000000e+00  0.00000000e+00  0.00000000e+00  0.00000000e+00  0.00000000e+00  0.00000000e+00  0.00000000e+00  0.00000000e+00  0.00000000e+00  0.00000000e+00  0.00000000e+00  0.00000000e+00  0.00000000e+00  0.00000000e+00  0.00000000e+00  0.00000000e+00  0.00000000e+00  0.00000000e+00  0.00000000e+00  0.00000000e+00  0.00000000e+00  0.00000000e+00  0.00000000e+00  0.00000000e+00  0.00000000e+00  0.00000000e+00  0.00000000e+00  0.00000000e+00  0.00000000e+00  0.00000000e+00  0.00000000e+00  0.00000000e+00  0.00000000e+00  0.00000000e+00  0.00000000e+00  0.00000000e+00  0.00000000e+00  0.00000000e+00  0.00000000e+00  0.00000000e+00  0.00000000e+00  0.00000000e+00  0.00000000e+00 
 1.00000000e-08  0.00000000e+00  1.00000000e-08  0.00000000e+00  1.00000000e-08  0.00000000e+00  1.00000000e-08  0.00000000e+00  1.00000000e-08  0.00000000e+00  1.00000000e-08  0.00000000e+00  1.00000000e-08  0.00000000e+00  1.00000000e-08  0.00000000e+00  1.00000000e-08  0.00000000e+00  1.00000000e-08  0.00000000e+00  1.00000000e-08  0.00000000e+00  1.00000000e-08  0.00000000e+00  1.00000000e-08  0.00000000e+00  1.00000000e-08  0.00000000e+00  1.00000000e-08  0.00000000e+00  1.00000000e-08  0.00000000e+00  1.00000000e-08  0.00000000e+00  1.00000000e-08  0.00000000e+00  1.00000000e-08  0.00000000e+00  1.00000000e-08  0.00000000e+00  1.00000000e-08  0.00000000e+00  1.00000000e-08  0.00000000e+00  1.00000000e-08  0.00000000e+00  1.00000000e-08  0.00000000e+00  1.00000000e-08  0.00000000e+00  1.00000000e-08  0.00000000e+00  1.00000000e-08  0.00000000e+00  1.00000000e-08  0.00000000e+00  1.00000000e-08  0.00000000e+00  1.00000000e-08  0.00000000e+00 
 2.00000000e-08  0.00000000e+00  2.00000000e-08  0.00000000e+00  2.00000000e-08  0.00000000e+00  2.00000000e-08  0.00000000e+00  2.00000000e-08  0.00000000e+00  2.00000000e-08  0.00000000e+00  2.00000000e-08  0.00000000e+00  2.00000000e-08  0.00000000e+00  2.00000000e-08  0.00000000e+00  2.00000000e-08  0.00000000e+00  2.00000000e-08  0.00000000e+00  2.00000000e-08  0.00000000e+00  2.00000000e-08  0.00000000e+00  2.00000000e-08  0.00000000e+00  2.00000000e-08  0.00000000e+00  2.00000000e-08  0.00000000e+00  2.00000000e-08  0.00000000e+00  2.00000000e-08  0.00000000e+00  2.00000000e-08  0.00000000e+00  2.00000000e-08  0.00000000e+00  2.00000000e-08  0.00000000e+00  2.00000000e-08  0.00000000e+00  2.00000000e-08  0.00000000e+00  2.00000000e-08  0.00000000e+00  2.00000000e-08  0.00000000e+00  2.00000000e-08  0.00000000e+00  2.00000000e-08  0.00000000e+00  2.00000000e-08  0.00000000e+00  2.00000000e-08  0.00000000e+00  2.00000000e-08  0.00000000e+00 
 4.00000000e-08  0.00000000e+00  4.00000000e-08  0.00000000e+00  4.00000000e-08  0.00000000e+00  4.00000000e-08  0.00000000e+00  4.00000000e-08  0.00000000e+00  4.00000000e-08  0.00000000e+00  4.00000000e-08  0.00000000e+00  4.00000000e-08  0.00000000e+00  4.00000000e-08  0.00000000e+00  4.00000000e-08  0.00000000e+00  4.00000000e-08  0.00000000e+00  4.00000000e-08  0.00000000e+00  4.00000000e-08  0.00000000e+00  4.00000000e-08  0.00000000e+00  4.00000000e-08  0.00000000e+00  4.00000000e-08  0.00000000e+00  4.00000000e-08  0.00000000e+00  4.00000000e-08  0.00000000e+00  4.00000000e-08  0.00000000e+00  4.00000000e-08  0.00000000e+00  4.00000000e-08  0.00000000e+00  4.00000000e-08  0.00000000e+00  4.00000000e-08  0.00000000e+00  4.00000000e-08  0.00000000e+00  4.00000000e-08  0.00000000e+00  4.00000000e-08  0.00000000e+00  4.00000000e-08  0.00000000e+00  4.00000000e-08  0.00000000e+00  4.00000000e-08  0.00000000e+00  4.00000000e-08  0.00000000e+00 
 8.00000000e-08  0.00000000e+00  8.00000000e-08  0.00000000e+00  8.00000000e-08  0.00000000e+00  8.00000000e-08  0.00000000e+00  8.00000000e-08  0.00000000e+00  8.00000000e-08  0.00000000e+00  8.00000000e-08  0.00000000e+00  8.00000000e-08  0.00000000e+00  8.00000000e-08  0.00000000e+00  8.00000000e-08  0.00000000e+00  8.00000000e-08  0.00000000e+00  8.00000000e-08  0.00000000e+00  8.00000000e-08  0.00000000e+00  8.00000000e-08  0.00000000e+00  8.00000000e-08  0.00000000e+00  8.00000000e-08  0.00000000e+00  8.00000000e-08  0.00000000e+00  8.00000000e-08  0.00000000e+00  8.00000000e-08  0.00000000e+00  8.00000000e-08  0.00000000e+00  8.00000000e-08  0.00000000e+00  8.00000000e-08  0.00000000e+00  8.00000000e-08  0.00000000e+00  8.00000000e-08  0.00000000e+00  8.00000000e-08  0.00000000e+00  8.00000000e-08  0.00000000e+00  8.00000000e-08  0.00000000e+00  8.00000000e-08  0.00000000e+00  8.00000000e-08  0.00000000e+00  8.00000000e-08  0.00000000e+00 
 1.60000000e-07  0.00000000e+00  1.60000000e-07  0.00000000e+00  1.60000000e-07  0.00000000e+00  1.60000000e-07  0.00000000e+00  1.60000000e-07  0.00000000e+00  1.60000000e-07  0.00000000e+00  1.60000000e-07  0.00000000e+00  1.60000000e-07  0.00000000e+00  1.60000000e-07  0.00000000e+00  1.60000000e-07  0.00000000e+00  1.60000000e-07  0.00000000e+00  1.60000000e-07  0.00000000e+00  1.60000000e-07  0.00000000e+00  1.60000000e-07  0.00000000e+00  1.60000000e-07  0.00000000e+00  1.60000000e-07  0.00000000e+00  1.60000000e-07  0.00000000e+00  1.60000000e-07  0.00000000e+00  1.60000000e-07  0.00000000e+00  1.60000000e-07  0.00000000e+00  1.60000000e-07  0.00000000e+00  1.60000000e-07  0.00000000e+00  1.60000000e-07  0.00000000e+00  1.60000000e-07  0.00000000e+00  1.60000000e-07  0.00000000e+00  1.60000000e-07  0.00000000e+00  1.60000000e-07  0.00000000e+00  1.60000000e-07  0.00000000e+00  1.60000000e-07  0.00000000e+00  1.60000000e-07  0.00000000e+00 
 3.20000000e-07  0.00000000e+00  3.20000000e-07  0.00000000e+00  3.20000000e-07  0.00000000e+00  3.20000000e-07  0.00000000e+00  3.20000000e-07  0.00000000e+00  3.20000000e-07  0.00000000e+00  3.20000000e-07  0.00000000e+00  3.20000000e-07  0.00000000e+00  3.20000000e-07  0.00000000e+00  3.20000000e-07  0.00000000e+00  3.20000000e-07  0.00000000e+00  3.20000000e-07  0.00000000e+00  3.20000000e-07  0.00000000e+00  3.20000000e-07  0.00000000e+00  3.20000000e-07  0.00000000e+00  3.20000000e-07  0.00000000e+00  3.20000000e-07  0.00000000e+00  3.20000000e-07  0.00000000e+00  3.20000000e-07  0.00000000e+00  3.20000000e-07  0.00000000e+00  3.20000000e-07  0.00000000e+00  3.20000000e-07  0.00000000e+00  3.20000000e-07  0.00000000e+00  3.20000000e-07  0.00000000e+00  3.20000000e-07  0.00000000e+00  3.20000000e-07  0.00000000e+00  3.20000000e-07  0.00000000e+00  3.20000000e-07  0.00000000e+00  3.20000000e-07  0.00000000e+00  3.20000000e-07  0.00000000e+00 
 6.40000000e-07  0.00000000e+00  6.40000000e-07  0.00000000e+00  6.40000000e-07  0.00000000e+00  6.40000000e-07  0.00000000e+00  6.40000000e-07  0.00000000e+00  6.40000000e-07  0.00000000e+00  6.40000000e-07  0.00000000e+00  6.40000000e-07  0.00000000e+00  6.40000000e-07  0.00000000e+00  6.40000000e-07  0.00000000e+00  6.40000000e-07  0.00000000e+00  6.40000000e-07  0.00000000e+00  6.40000000e-07  0.00000000e+00  6.40000000e-07  0.00000000e+00  6.40000000e-07  0.00000000e+00  6.40000000e-07  0.00000000e+00  6.40000000e-07  0.00000000e+00  6.40000000e-07  0.00000000e+00  6.40000000e-07  0.00000000e+00  6.40000000e-07  0.00000000e+00  6.40000000e-07  0.00000000e+00  6.40000000e-07  0.00000000e+00  6.40000000e-07  0.00000000e+00  6.40000000e-07  0.00000000e+00  6.40000000e-07  0.00000000e+00  6.40000000e-07  0.00000000e+00  6.40000000e-07  0.00000000e+00  6.40000000e-07  0.00000000e+00  6.40000000e-07  0.00000000e+00  6.40000000e-07  0.00000000e+00 
 1.00000000e-06  0.00000000e+00  1.00000000e-06  0.00000000e+00  1.00000000e-06  0.00000000e+00  1.00000000e-06  0.00000000e+00  1.00000000e-06  0.00000000e+00  1.00000000e-06  0.00000000e+00  1.00000000e-06  0.00000000e+00  1.00000000e-06  0.00000000e+00  1.00000000e-06  0.00000000e+00  1.00000000e-06  0.00000000e+00  1.00000000e-06  0.00000000e+00  1.00000000e-06  0.00000000e+00  1.00000000e-06  0.00000000e+00  1.00000000e-06  0.00000000e+00  1.00000000e-06  0.00000000e+00  1.00000000e-06  0.00000000e+00  1.00000000e-06  0.00000000e+00  1.00000000e-06  0.00000000e+00  1.00000000e-06  0.00000000e+00  1.00000000e-06  0.00000000e+00  1.00000000e-06  0.00000000e+00  1.00000000e-06  0.00000000e+00  1.00000000e-06  0.00000000e+00  1.00000000e-06  0.00000000e+00  1.00000000e-06  0.00000000e+00  1.00000000e-06  0.00000000e+00  1.00000000e-06  0.00000000e+00  1.00000000e-06  0.00000000e+00  1.00000000e-06  0.00000000e+00  1.00000000e-06  0.00000000e+00 
 1.00512364e-06  2.27995693e-08  1.00512364e-06  2.44291866e-08  1.00512364e-06  3.82975626e-08  1.00512364e-06  1.60764414e-08  1.00512364e-06  2.38498506e-08  1.00512364e-06  2.81657896e-08  1.00512364e-06  2.99370458e-08  1.00512364e-06  4.13634640e-08  1.00512364e-06  1.67291562e-08  1.00512364e-06  1.76091871e-08  1.00512364e-06  2.69142788e-08  1.00512364e-06  1.88133094e-08  1.00512364e-06  2.62032483e-08  1.00512364e-06  2.90329746e-08  1.00512364e-06  3.56850319e-08  1.00512364e-06  3.58257449e-08  1.00512364e-06  3.48165639e-08  1.00512364e-06  3.65853672e-08  1.00512364e-06  3.03968658e-08  1.00512364e-06  2.97585284e-08  1.00512364e-06  3.89131168e-08  1.00512364e-06  2.00225706e-08  1.00512364e-06  2.25647077e-08  1.00512364e-06  1.90618765e-08  1.00512364e-06  3.27803056e-08  1.00512364e-06  2.48562060e-08  1.00512364e-06  2.99917184e-08  1.00512364e-06  3.23835607e-08  1.00512364e-06  2.65639318e-08  1.00512364e-06  2.13165300e-08 
 1.01537093e-06  1.13997638e-07  1.01537093e-06  1.22145715e-07  1.01537093e-06  1.91487318e-07  1.01537093e-06  8.03820768e-08  1.01537093e-06  1.19249062e-07  1.01537093e-06  1.40828622e-07  1.01537093e-06  1.49684818e-07  1.01537093e-06  2.06816846e-07  1.01537093e-06  8.36456585e-08  1.01537093e-06  8.80458254e-08  1.01537093e-06  1.34571043e-07  1.01537093e-06  9.40663804e-08  1.01537093e-06  1.31016022e-07  1.01537093e-06  1.45164559e-07  1.01537093e-06  1.78424694e-07  1.01537093e-06  1.79128305e-07  1.01537093e-06  1.74082281e-07  1.01537093e-06  1.82926358e-07  1.01537093e-06  1.51983921e-07  1.01537093e-06  1.48792286e-07  1.01537093e-06  1.94565188e-07  1.01537093e-06  1.00112673e-07  1.01537093e-06  1.12823305e-07  1.01537093e-06  9.53092205e-08  1.01537093e-06  1.63901109e-07  1.01537093e-06  1.24280780e-07  1.01537093e-06  1.49958287e-07  1.01537093e-06  1.61917371e-07  1.01537093e-06  1.32819391e-07  1.01537093e-06  1.06582469e-07 
 1.03586549e-06  5.69984854e-07  1.03586549e-06  6.10725094e-07  1.03586549e-06  9.57428677e-07  1.03586549e-06  4.01908300e-07  1.03586549e-06  5.96242261e-07  1.03586549e-06  7.04137885e-07  1.03586549e-06  7.48417521e-07  1.03586549e-06  1.03407664e-06  1.03586549e-06  4.18226334e-07  1.03586549e-06  4.40227365e-07  1.03586549e-06  6.72849593e-07  1.03586549e-06  4.70329233e-07  1.03586549e-06  6.55076594e-07  1.03586549e-06  7.25817761e-07  1.03586549e-06  8.92116032e-07  1.03586549e-06  8.95634811e-07  1.03586549e-06  8.70402786e-07  1.03586549e-06  9.14624132e-07  1.03586549e-06  7.59913083e-07  1.03586549e-06  7.43955738e-07  1.03586549e-06  9.72819601e-07  1.03586549e-06  5.00560473e-07  1.03586549e-06  5.64112777e-07  1.03586549e-06  4.76543511e-07  1.03586549e-06  8.19498847e-07  1.03586549e-06  6.21399891e-07  1.03586549e-06  7.49786560e-07  1.03586549e-06  8.09579936e-07  1.03586549e-06  6.64092667e-07  1.03586549e-06  5.32909452e-07 
 1.06132800e-06  1.64464023e-06  1.06132800e-06  1.76219288e-06  1.06132800e-06  2.76256638e-06  1.06132800e-06  1.15967136e-06  1.06132800e-06  1.72040521e-06  1.06132800e-06  2.03172283e-06  1.06132800e-06  2.15948384e-06  1.06132800e-06  2.98373002e-06  1.06132800e-06  1.20675638e-06  1.06132800e-06  1.27023956e-06  1.06132800e-06  1.94144118e-06  1.06132800e-06  1.35709317e-06  1.06132800e-06  1.89016598e-06  1.06132800e-06  2.09427931e-06  1.06132800e-06  2.57411292e-06  1.06132800e-06  2.58426873e-06  1.06132800e-06  2.51145660e-06  1.06132800e-06  2.63905773e-06  1.06132800e-06  2.19265367e-06  1.06132800e-06  2.14661282e-06  1.06132800e-06  2.80698150e-06  1.06132800e-06  1.44432255e-06  1.06132800e-06  1.62769529e-06  1.06132800e-06  1.37502432e-06  1.06132800e-06  2.36458367e-06  1.06132800e-06  1.79299239e-06  1.06132800e-06  2.16344020e-06  1.06132800e-06  2.33596255e-06  1.06132800e-06  1.91617846e-06  1.06132800e-06  1.53766330e-06 
 1.11225300e-06  5.48309182e-06  1.11225300e-06  5.87500484e-06  1.11225300e-06  9.21010314e-06  1.11225300e-06  3.86625352e-06  1.11225300e-06  5.73569733e-06  1.11225300e-06  6.77356387e-06  1.11225300e-06  7.19947996e-06  1.11225300e-06  9.94746430e-06  1.11225300e-06  4.02323678e-06  1.11225300e-06  4.23489279e-06  1.11225300e-06  6.47255728e-06  1.11225300e-06  4.52443636e-06  1.11225300e-06  6.30166230e-06  1.11225300e-06  6.98213017e-06  1.11225300e-06  8.58181759e-06  1.11225300e-06  8.61569567e-06  1.11225300e-06  8.37289268e-06  1.11225300e-06  8.79833589e-06  1.11225300e-06  7.31006831e-06  1.11225300e-06  7.15659122e-06  1.11225300e-06  9.35822283e-06  1.11225300e-06  4.81525064e-06  1.11225300e-06  5.42658727e-06  1.11225300e-06  4.58422028e-06  1.11225300e-06  7.88327297e-06  1.11225300e-06  5.97767576e-06  1.11225300e-06  7.21271445e-06  1.11225300e-06  7.78784531e-06  1.11225300e-06  6.38836690e-06  1.11225300e-06  5.12644567e-06 
 1.21410302e-06  1.99161744e-05  1.21410302e-06  2.13397335e-05  1.21410302e-06  3.34533116e-05  1.21410302e-06  1.40434022e-05  1.21410302e-06  2.08337954e-05  1.21410302e-06  2.46033296e-05  1.21410302e-06  2.61501702e-05  1.21410302e-06  3.61317703e-05  1.21410302e-06  1.46136535e-05  1.21410302e-06  1.53825119e-05  1.21410302e-06  2.35098745e-05  1.21410302e-06  1.64340769e-05  1.21410302e-06  2.28895207e-05  1.21410302e-06  2.53609639e-05  1.21410302e-06  3.11712145e-05  1.21410302e-06  3.12944136e-05  1.21410302e-06  3.04120871e-05  1.21410302e-06  3.19576553e-05  1.21410302e-06  2.65518810e-05  1.21410302e-06  2.59945498e-05  1.21410302e-06  3.39916464e-05  1.21410302e-06  1.74903901e-05  1.21410302e-06  1.97108481e-05  1.21410302e-06  1.66512513e-05  1.21410302e-06  2.86339594e-05  1.21410302e-06  2.17125749e-05  1.21410302e-06  2.61985698e-05  1.21410302e-06  2.82872850e-05  1.21410302e-06  2.32043178e-05  1.21410302e-06  1.86207762e-05 
 1.41780304e-06  7.58039857e-05  1.41780304e-06  8.12224042e-05  1.41780304e-06  1.27324986e-04  1.41780304e-06  5.34517190e-05  1.41780304e-06  7.92972387e-05  1.41780304e-06  9.36423893e-05  1.41780304e-06  9.95282966e-05  1.41780304e-06  1.37520751e-04  1.41780304e-06  5.56225084e-05  1.41780304e-06  5.85493789e-05  1.41780304e-06  8.94796753e-05  1.41780304e-06  6.25507181e-05  1.41780304e-06  8.71214661e-05  1.41780304e-06  9.65265280e-05  1.41780304e-06  1.18639112e-04  1.41780304e-06  1.19109127e-04  1.41780304e-06  1.15747834e-04  1.41780304e-06  1.21632301e-04  1.41780304e-06  1.01057436e-04  1.41780304e-06  9.89372340e-05  1.41780304e-06  1.29376425e-04  1.41780304e-06  6.65711431e-05  1.41780304e-06  7.50218302e-05  1.41780304e-06  6.33774845e-05  1.41780304e-06  1.08982398e-04  1.41780304e-06  8.26408141e-05  1.41780304e-06  9.97150197e-05  1.41780304e-06  1.07662494e-04  1.41780304e-06  8.83185682e-05  1.41780304e-06  7.08738383e-05 
 1.70890152e-06  2.18192386e-04  1.70890152e-06  2.33789167e-04  1.70890152e-06  3.66475846e-04  1.70890152e-06  1.53855711e-04  1.70890152e-06  2.28249828e-04  1.70890152e-06  2.69531653e-04  1.70890152e-06  2.86467213e-04  1.70890152e-06  3.95827592e-04  1.70890152e-06  1.60105342e-04  1.70890152e-06  1.68531856e-04  1.70890152e-06  2.57546429e-04  1.70890152e-06  1.80044985e-04  1.70890152e-06  2.50770207e-04  1.70890152e-06  2.77835126e-04  1.70890152e-06  3.41475163e-04  1.70890152e-06  3.42832369e-04  1.70890152e-06  3.33145425e-04  1.70890152e-06  3.50090200e-04  1.70890152e-06  2.90869311e-04  1.70890152e-06  2.84770831e-04  1.70890152e-06  3.72390302e-04  1.70890152e-06  1.91617031e-04  1.70890152e-06  2.15938486e-04  1.70890152e-06  1.82425388e-04  1.70890152e-06  3.13681334e-04  1.70890152e-06  2.37869210e-04  1.70890152e-06  2.87014518e-04  1.70890152e-06  3.09880547e-04  1.70890152e-06  2.54211741e-04  1.70890152e-06  2.04002882e-04 
 2.00000000e-06  4.34129681e-04  2.00000000e-06  4.65163069e-04  2.00000000e-06  7.29138458e-04  2.00000000e-06  3.06124255e-04  2.00000000e-06  4.54145492e-04  2.00000000e-06  5.36265409e-04  2.00000000e-06  5.69949438e-04  2.00000000e-06  7.87547202e-04  2.00000000e-06  3.18561379e-04  2.00000000e-06  3.35330916e-04  2.00000000e-06  5.12412383e-04  2.00000000e-06  3.58230080e-04  2.00000000e-06  4.98952172e-04  2.00000000e-06  5.52790052e-04  2.00000000e-06  6.79396495e-04  2.00000000e-06  6.82105160e-04  2.00000000e-06  6.62808645e-04  2.00000000e-06  6.96536597e-04  2.00000000e-06  5.78709396e-04  2.00000000e-06  5.66583626e-04  2.00000000e-06  7.40924707e-04  2.00000000e-06  3.81254094e-04  2.00000000e-06  4.29640266e-04  2.00000000e-06  3.62967546e-04  2.00000000e-06  6.24099593e-04  2.00000000e-06  4.73275865e-04  2.00000000e-06  5.71057248e-04  2.00000000e-06  6.16534224e-04  2.00000000e-06  5.05791673e-04  2.00000000e-06  4.05899844e-04 
 2.05821970e-06  4.84668447e-04  2.05821970e-06  5.19314824e-04  2.05821970e-06  8.14013662e-04  2.05821970e-06  3.41762181e-04  2.05821970e-06  5.07015657e-04  2.05821970e-06  5.98691003e-04  2.05821970e-06  6.36293163e-04  2.05821970e-06  8.79224259e-04  2.05821970e-06  3.55647804e-04  2.05821970e-06  3.74370495e-04  2.05821970e-06  5.72059460e-04  2.05821970e-06  3.99933316e-04  2.05821970e-06  5.57038114e-04  2.05821970e-06  6.17140268e-04  2.05821970e-06  7.58481304e-04  2.05821970e-06  7.61507467e-04  2.05821970e-06  7.39958603e-04  2.05821970e-06  7.77616509e-04  2.05821970e-06  6.46073233e-04  2.05821970e-06  6.32537994e-04  2.05821970e-06  8.27176838e-04  2.05821970e-06  4.25637522e-04  2.05821970e-06  4.79655114e-04  2.05821970e-06  4.05222620e-04  2.05821970e-06  6.96747987e-04  2.05821970e-06  5.28370719e-04  2.05821970e-06  6.37534883e-04  2.05821970e-06  6.88301096e-04  2.05821970e-06  5.64671732e-04  2.05821970e-06  4.53152922e-04 
 2.17465909e-06  5.85740726e-04  2.17465909e-06  6.27612850e-04  2.17465909e-06  9.83751615e-04  2.17465909e-06  4.13034754e-04  2.17465909e-06  6.12751184e-04  2.17465909e-06  7.23533971e-04  2.17465909e-06  7.68970273e-04  2.17465909e-06  1.06256643e-03  2.17465909e-06  4.29817573e-04  2.17465909e-06  4.52446878e-04  2.17465909e-06  6.91344766e-04  2.17465909e-06  4.83335587e-04  2.17465909e-06  6.73204466e-04  2.17465909e-06  7.45832778e-04  2.17465909e-06  9.16639213e-04  2.17465909e-06  9.20301516e-04  2.17465909e-06  8.94244958e-04  2.17465909e-06  9.39764284e-04  2.17465909e-06  7.80790640e-04  2.17465909e-06  7.64437766e-04  2.17465909e-06  9.99671123e-04  2.17465909e-06  5.14399830e-04  2.17465909e-06  5.79678915e-04  2.17465909e-06  4.89728689e-04  2.17465909e-06  8.42034230e-04  2.17465909e-06  6.38554119e-04  2.17465909e-06  7.70482475e-04  2.17465909e-06  8.31823952e-04  2.17465909e-06  6.82425097e-04  2.17465909e-06  5.47654525e-04 
 2.40753787e-06  7.87853769e-04  2.40753787e-06  8.44176007e-04  2.40753787e-06  1.32315280e-03  2.40753787e-06  5.55560216e-04  2.40753787e-06  8.24193421e-04  2.40753787e-06  9.73170589e-04  2.40753787e-06  1.03426246e-03  2.40753787e-06  1.42917916e-03  2.40753787e-06  5.78138616e-04  2.40753787e-06  6.08582999e-04  2.40753787e-06  9.29862301e-04  2.40753787e-06  6.50114920e-04  2.40753787e-06  9.05503974e-04  2.40753787e-06  1.00317028e-03  2.40753787e-06  1.23288479e-03  2.40753787e-06  1.23782622e-03  2.40753787e-06  1.20273631e-03  2.40753787e-06  1.26398755e-03  2.40753787e-06  1.05016386e-03  2.40753787e-06  1.02818355e-03  2.40753787e-06  1.34459984e-03  2.40753787e-06  6.91897160e-04  2.40753787e-06  7.79691146e-04  2.40753787e-06  6.58716348e-04  2.40753787e-06  1.13254346e-03  2.40753787e-06  8.58883072e-04  2.40753787e-06  1.03633161e-03  2.40753787e-06  1.11880434e-03  2.40753787e-06  9.17891324e-04  2.40753787e-06  7.36630410e-04 
 2.87329543e-06  1.19195383e-03  2.87329543e-06  1.27717077e-03  2.87329543e-06  2.00165641e-03  2.87329543e-06  8.40532427e-04  2.87329543e-06  1.24696266e-03  2.87329543e-06  1.47224662e-03  2.87329543e-06  1.56459882e-03  2.87329543e-06  2.16211820e-03  2.87329543e-06  8.74706739e-04  2.87329543e-06  9.20788673e-04  2.87329543e-06  1.40668514e-03  2.87329543e-06  9.83572777e-04  2.87329543e-06  1.36997024e-03  2.87329543e-06  1.51765524e-03  2.87329543e-06  1.86509506e-03  2.87329543e-06  1.87262216e-03  2.87329543e-06  1.81939373e-03  2.87329543e-06  1.91214505e-03  2.87329543e-06  1.58866403e-03  2.87329543e-06  1.55546013e-03  2.87329543e-06  2.03421796e-03  2.87329543e-06  1.04678270e-03  2.87329543e-06  1.17957417e-03  2.87329543e-06  9.96593776e-04  2.87329543e-06  1.71330901e-03  2.87329543e-06  1.29938963e-03  2.87329543e-06  1.56784571e-03  2.87329543e-06  1.69250392e-03  2.87329543e-06  1.38866181e-03  2.87329543e-06  1.11447292e-03 
 3.80481056e-06  1.99965009e-03  3.80481056e-06  2.14263435e-03  3.80481056e-06  3.35746944e-03  3.80481056e-06  1.41016214e-03  3.80481056e-06  2.09204038e-03  3.80481056e-06  2.46961037e-03  3.80481056e-06  2.62428024e-03  3.80481056e-06  3.62685138e-03  3.80481056e-06  1.46754726e-03  3.80481056e-06  1.54493384e-03  3.80481056e-06  2.35948251e-03  3.80481056e-06  1.65008545e-03  3.80481056e-06  2.29837202e-03  3.80481056e-06  2.54586552e-03  3.80481056e-06  3.12839292e-03  3.80481056e-06  3.14120081e-03  3.80481056e-06  3.05140857e-03  3.80481056e-06  3.20730480e-03  3.80481056e-06  2.66468001e-03  3.80481056e-06  2.60915394e-03  3.80481056e-06  3.41249743e-03  3.80481056e-06  1.75611752e-03  3.80481056e-06  1.97877480e-03  3.80481056e-06  1.67195726e-03  3.80481056e-06  2.87382915e-03  3.80481056e-06  2.17979771e-03  3.80481056e-06  2.63013772e-03  3.80481056e-06  2.83885909e-03  3.80481056e-06  2.32955528e-03  3.80481056e-06  1.86972111e-03 
 5.66784082e-06  3.61302930e-03  5.66784082e-06  3.87145987e-03  5.66784082e-06  6.06432577e-03  5.66784082e-06  2.54816391e-03  5.66784082e-06  3.78035452e-03  5.66784082e-06  4.46118882e-03  5.66784082e-06  4.73968401e-03  5.66784082e-06  6.55174415e-03  5.66784082e-06  2.65204638e-03  5.66784082e-06  2.79216024e-03  5.66784082e-06  4.26168908e-03  5.66784082e-06  2.98150029e-03  5.66784082e-06  4.15305463e-03  5.66784082e-06  4.59925118e-03  5.66784082e-06  5.65050457e-03  5.66784082e-06  5.67431056e-03  5.66784082e-06  5.51024737e-03  5.66784082e-06  5.79301012e-03  5.66784082e-06  4.81278057e-03  5.66784082e-06  4.71310882e-03  5.66784082e-06  6.16523375e-03  5.66784082e-06  3.17304391e-03  5.66784082e-06  3.57491705e-03  5.66784082e-06  3.02112026e-03  5.66784082e-06  5.19083147e-03  5.66784082e-06  3.93819646e-03  5.66784082e-06  4.75178033e-03  5.66784082e-06  5.12739981e-03  5.66784082e-06  4.20875519e-03  5.66784082e-06  3.37847185e-03 
 9.39390134e-06  6.83175118e-03  9.39390134e-06  7.32072134e-03  9.39390134e-06  1.14590154e-02  9.39390134e-06  4.81914604e-03  9.39390134e-06  7.14963093e-03  9.39390134e-06  8.43178253e-03  9.39390134e-06  8.95470459e-03  9.39390134e-06  1.23832828e-02  9.39390134e-06  5.01632479e-03  9.39390134e-06  5.28236329e-03  9.39390134e-06  8.05258961e-03  9.39390134e-06  5.63790083e-03  9.39390134e-06  7.85395213e-03  9.39390134e-06  8.69391274e-03  9.39390134e-06  1.06768446e-02  9.39390134e-06  1.07243829e-02  9.39390134e-06  1.04072343e-02  9.39390134e-06  1.09460188e-02  9.39390134e-06  9.09330388e-03  9.39390134e-06  8.90732491e-03  9.39390134e-06  1.16554512e-02  9.39390134e-06  5.99993796e-03  9.39390134e-06  6.75818678e-03  9.39390134e-06  5.71320242e-03  9.39390134e-06  9.80873109e-03  9.39390134e-06  7.44534649e-03  9.39390134e-06  8.98332702e-03  9.39390134e-06  9.68785325e-03  9.39390134e-06  7.95683054e-03  9.39390134e-06  6.38900422e-03 
 1.68460224e-05  1.32371820e-02  1.68460224e-05  1.41858215e-02  1.68460224e-05  2.21727468e-02  1.68460224e-05  9.34109839e-03  1.68460224e-05  1.38588828e-02  1.68460224e-05  1.63229809e-02  1.68460224e-05  1.73219896e-02  1.68460224e-05  2.39737514e-02  1.68460224e-05  9.72606490e-03  1.68460224e-05  1.02458186e-02  1.68460224e-05  1.55806595e-02  1.68460224e-05  1.09250887e-02  1.68460224e-05  1.52220050e-02  1.68460224e-05  1.68350345e-02  1.68460224e-05  2.06584133e-02  1.68460224e-05  2.07602815e-02  1.68460224e-05  2.01190242e-02  1.68460224e-05  2.11788637e-02  1.68460224e-05  1.75920198e-02  1.68460224e-05  1.72412788e-02  1.68460224e-05  2.25751469e-02  1.68460224e-05  1.16260049e-02  1.68460224e-05  1.30888365e-02  1.68460224e-05  1.10724876e-02  1.68460224e-05  1.89804825e-02  1.68460224e-05  1.44212327e-02  1.68460224e-05  1.73996824e-02  1.68460224e-05  1.87426499e-02  1.68460224e-05  1.54118722e-02  1.68460224e-05  1.23822997e-02 
 3.17502645e-05  2.59210496e-02  3.17502645e-05  2.77834068e-02  3.17502645e-05  4.33011385e-02  3.17502645e-05  1.83055416e-02  3.17502645e-05  2.71610297e-02  3.17502645e-05  3.19075104e-02  3.17502645e-05  3.38086343e-02  3.17502645e-05  4.68672543e-02  3.17502645e-05  1.90707761e-02  3.17502645e-05  2.01053099e-02  3.17502645e-05  3.04244010e-02  3.17502645e-05  2.13978325e-02  3.17502645e-05  2.98241642e-02  3.17502645e-05  3.29263564e-02  3.17502645e-05  4.03404428e-02  3.17502645e-05  4.05778069e-02  3.17502645e-05  3.92184401e-02  3.17502645e-05  4.13553113e-02  3.17502645e-05  3.43431395e-02  3.17502645e-05  3.36936218e-02  3.17502645e-05  4.41738125e-02  3.17502645e-05  2.27681575e-02  3.17502645e-05  2.56079210e-02  3.17502645e-05  2.16923054e-02  3.17502645e-05  3.70707415e-02  3.17502645e-05  2.82207472e-02  3.17502645e-05  3.40471554e-02  3.17502645e-05  3.65909813e-02  3.17502645e-05  3.01590165e-02  3.17502645e-05  2.42586647e-02 
 5.17502645e-05  4.26787002e-02  5.17502645e-05  4.57554553e-02  5.17502645e-05  7.10374551e-02  5.17502645e-05  3.01702421e-02  5.17502645e-05  4.47699939e-02  5.17502645e-05  5.24122074e-02  5.17502645e-05  5.54220582e-02  5.17502645e-05  7.69949926e-02  5.17502645e-05  3.14553208e-02  5.17502645e-05  3.31956879e-02  5.17502645e-05  4.99059111e-02  5.17502645e-05  3.52407872e-02  5.17502645e-05  4.91412989e-02  5.17502645e-05  5.41250497e-02  5.17502645e-05  6.61729669e-02  5.17502645e-05  6.66464884e-02  5.17502645e-05  6.41826642e-02  5.17502645e-05  6.78345846e-02  5.17502645e-05  5.63145772e-02  5.17502645e-05  5.53265476e-02  5.17502645e-05  7.26595319e-02  5.17502645e-05  3.74921515e-02  5.17502645e-05  4.21134278e-02  5.17502645e-05  3.57384799e-02  5.17502645e-05  6.08244612e-02  5.17502645e-05  4.64235876e-02  5.17502645e-05  5.60035431e-02  5.17502645e-05  6.00039589e-02  5.17502645e-05  4.96114093e-02  5.17502645e-05  3.99672287e-02 
 7.17502645e-05  5.91398017e-02  7.17502645e-05  6.34176068e-02  7.17502645e-05  9.80833217e-02  7.17502645e-05  4.18487993e-02  7.17502645e-05  6.21062971e-02  7.17502645e-05  7.24582624e-02  7.17502645e-05  7.64644971e-02  7.17502645e-05  1.06456220e-01  7.17502645e-05  4.36642963e-02  7.17502645e-05  4.61272442e-02  7.17502645e-05  6.88972765e-02  7.17502645e-05  4.88462148e-02  7.17502645e-05  6.81449239e-02  7.17502645e-05  7.48801859e-02  7.17502645e-05  9.13567398e-02  7.17502645e-05  9.21260040e-02  7.17502645e-05  8.84042739e-02  7.17502645e-05  9.36464312e-02  7.17502645e-05  7.77182251e-02  7.17502645e-05  7.64603679e-02  7.17502645e-05  1.00584877e-01  7.17502645e-05  5.19592229e-02  7.17502645e-05  5.82880745e-02  7.17502645e-05  4.95535985e-02  7.17502645e-05  8.39932796e-02  7.17502645e-05  6.42718844e-02  7.17502645e-05  7.75287028e-02  7.17502645e-05  8.28145753e-02  7.17502645e-05  6.86844031e-02  7.17502645e-05  5.54178792e-02 
 9.17502645e-05  7.53096018e-02  9.17502645e-05  8.07752050e-02  9.17502645e-05  1.24455926e-01  9.17502645e-05  5.33441336e-02  9.17502645e-05  7.91741613e-02  9.17502645e-05  9.20559343e-02  9.17502645e-05  9.69510353e-02  9.17502645e-05  1.35265683e-01  9.17502645e-05  5.57001915e-02  9.17502645e-05  5.89019057e-02  9.17502645e-05  8.74108288e-02  9.17502645e-05  6.22181907e-02  9.17502645e-05  8.68401274e-02  9.17502645e-05  9.52010460e-02  9.17502645e-05  1.15908054e-01  9.17502645e-05  1.17029669e-01  9.17502645e-05  1.11905360e-01  9.17502645e-05  1.18807674e-01  9.17502645e-05  9.85687562e-02  9.17502645e-05  9.71065980e-02  9.17502645e-05  1.27960872e-01  9.17502645e-05  6.61738547e-02  9.17502645e-05  7.41384932e-02  9.17502645e-05  6.31414617e-02  9.17502645e-05  1.06591599e-01  9.17502645e-05  8.17725433e-02  9.17502645e-05  9.86311038e-02  9.17502645e-05  1.05038328e-01  9.17502645e-05  8.73853978e-02  9.17502645e-05  7.06148507e-02 
 1.11750264e-04  9.11932555e-02  1.11750264e-04  9.78335015e-02  1.11750264e-04  1.50172028e-01  1.11750264e-04  6.46591194e-02  1.11750264e-04  9.59777430e-02  1.11750264e-04  1.11215252e-01  1.11750264e-04  1.16896359e-01  1.11750264e-04  1.63437798e-01  1.11750264e-04  6.75654601e-02  1.11750264e-04  7.15215760e-02  1.11750264e-04  1.05458590e-01  1.11750264e-04  7.53607207e-02  1.11750264e-04  1.05231915e-01  1.11750264e-04  1.15096717e-01  1.11750264e-04  1.39842793e-01  1.11750264e-04  1.41370499e-01  1.11750264e-04  1.34707356e-01  1.11750264e-04  1.43334712e-01  1.11750264e-04  1.18880464e-01  1.11750264e-04  1.17276487e-01  1.11750264e-04  1.54798323e-01  1.11750264e-04  8.01404520e-02  1.11750264e-04  8.96711832e-02  1.11750264e-04  7.65058081e-02  1.11750264e-04  1.28633467e-01  1.11750264e-04  9.89323353e-02  1.11750264e-04  1.19319049e-01  1.11750264e-04  1.26690315e-01  1.11750264e-04  1.05721649e-01  1.11750264e-04  8.55623084e-02 
 1.31750264e-04  1.06795827e-01  1.31750264e-04  1.14597657e-01  1.31750264e-04  1.75247970e-01  1.31750264e-04  7.57965863e-02  1.31750264e-04  1.12521134e-01  1.31750264e-04  1.29946021e-01  1.31750264e-04  1.36314765e-01  1.31750264e-04  1.90986667e-01  1.31750264e-04  7.92625209e-02  1.31750264e-04  8.39881357e-02  1.31750264e-04  1.23052278e-01  1.31750264e-04  8.82777418e-02  1.31750264e-04  1.23325211e-01  1.31750264e-04  1.34576094e-01  1.31750264e-04  1.63176441e-01  1.31750264e-04  1.65161212e-01  1.31750264e-04  1.56831057e-01  1.31750264e-04  1.67243530e-01  1.31750264e-04  1.38667273e-01  1.31750264e-04  1.36981026e-01  1.31750264e-04  1.81107825e-01  1.31750264e-04  9.38633426e-02  1.31750264e-04  1.04892514e-01  1.31750264e-04  8.96503142e-02  1.31750264e-04  1.50132586e-01  1.31750264e-04  1.15757900e-01  1.31750264e-04  1.39600679e-01  1.31750264e-04  1.47785247e-01  1.31750264e-04  1.23700270e-01  1.31750264e-04  1.00264349e-01 
 1.51750264e-04  1.22122289e-01  1.51750264e-04  1.31072744e-01  1.51750264e-04  1.99699687e-01  1.51750264e-04  8.67593192e-02  1.51750264e-04  1.28808364e-01  1.51750264e-04  1.48257827e-01  1.51750264e-04  1.55220174e-01  1.51750264e-04  2.17926078e-01  1.51750264e-04  9.07937585e-02  1.51750264e-04  9.63034422e-02  1.51750264e-04  1.40203318e-01  1.51750264e-04  1.00973124e-01  1.51750264e-04  1.41124859e-01  1.51750264e-04  1.53647889e-01  1.51750264e-04  1.85924095e-01  1.51750264e-04  1.88414244e-01  1.51750264e-04  1.78296641e-01  1.51750264e-04  1.90549712e-01  1.51750264e-04  1.57942748e-01  1.51750264e-04  1.56230950e-01  1.51750264e-04  2.06899763e-01  1.51750264e-04  1.07346779e-01  1.51750264e-04  1.19808726e-01  1.51750264e-04  1.02578597e-01  1.51750264e-04  1.71102319e-01  1.51750264e-04  1.32255746e-01  1.51750264e-04  1.59483974e-01  1.51750264e-04  1.68337456e-01  1.51750264e-04  1.41328237e-01  1.51750264e-04  1.14725002e-01 
 1.71750264e-04  1.37177530e-01  1.71750264e-04  1.47263746e-01  1.71750264e-04  2.23542720e-01  1.71750264e-04  9.75500597e-02  1.71750264e-04  1.44843399e-01  1.71750264e-04  1.66160041e-01  1.71750264e-04  1.73626139e-01  1.71750264e-04  2.44269512e-01  1.71750264e-04  1.02161524e-01  1.71750264e-04  1.08469331e-01  1.71750264e-04  1.56922847e-01  1.71750264e-04  1.13450669e-01  1.71750264e-04  1.58635627e-01  1.71750264e-04  1.72320630e-01  1.71750264e-04  2.08100469e-01  1.71750264e-04  2.11141744e-01  1.71750264e-04  1.99123686e-01  1.71750264e-04  2.13268447e-01  1.71750264e-04  1.76720103e-01  1.71750264e-04  1.75036748e-01  1.71750264e-04  2.32184319e-01  1.71750264e-04  1.20594940e-01  1.71750264e-04  1.34425936e-01  1.71750264e-04  1.15294212e-01  1.71750264e-04  1.91555703e-01  1.71750264e-04  1.48432258e-01  1.71750264e-04  1.78976756e-01  1.71750264e-04  1.88360905e-01  1.71750264e-04  1.58612388e-01  1.71750264e-04  1.28948230e-01 
 1.91750264e-04  1.51966347e-01  1.91750264e-04  1.63175562e-01  1.91750264e-04  2.46792219e-01  1.91750264e-04  1.08171506e-01  1.91750264e-04  1.60630144e-01  1.91750264e-04  1.83661824e-01  1.91750264e-04  1.91545853e-01  1.91750264e-04  2.70030156e-01  1.91750264e-04  1.13368134e-01  1.91750264e-04  1.20487614e-01  1.91750264e-04  1.73221720e-01  1.91750264e-04  1.25714116e-01  1.91750264e-04  1.75862201e-01  1.91750264e-04  1.90602666e-01  1.91750264e-04  2.29719912e-01  1.91750264e-04  2.33355591e-01  1.91750264e-04  2.19331185e-01  1.91750264e-04  2.35414541e-01  1.91750264e-04  1.95012210e-01  1.91750264e-04  1.93408667e-01  1.91750264e-04  2.56971475e-01  1.91750264e-04  1.33611930e-01  1.91750264e-04  1.48750137e-01  1.91750264e-04  1.27800659e-01  1.91750264e-04  2.11505451e-01  1.91750264e-04  1.64293694e-01  1.91750264e-04  1.98086696e-01  1.91750264e-04  2.07869197e-01  1.91750264e-04  1.75559430e-01  1.91750264e-04  1.42937932e-01 
 2.11750264e-04  1.66493457e-01  2.11750264e-04  1.78813007e-01  2.11750264e-04  2.69462960e-01  2.11750264e-04  1.18626314e-01  2.11750264e-04  1.76172444e-01  2.11750264e-04  2.00772133e-01  2.11750264e-04  2.08992164e-01  2.11750264e-04  2.95220901e-01  2.11750264e-04  1.24415874e-01  2.11750264e-04  1.32360083e-01  2.11750264e-04  1.89110523e-01  2.11750264e-04  1.37767137e-01  2.11750264e-04  1.92809194e-01  2.11750264e-04  2.08502173e-01  2.11750264e-04  2.50796410e-01  2.11750264e-04  2.55067394e-01  2.11750264e-04  2.38937569e-01  2.11750264e-04  2.57002430e-01  2.11750264e-04  2.12831609e-01  2.11750264e-04  2.11356717e-01  2.11750264e-04  2.81271015e-01  2.11750264e-04  1.46401783e-01  2.11750264e-04  1.62787204e-01  2.11750264e-04  1.40101377e-01  2.11750264e-04  2.30963966e-01  2.11750264e-04  1.79846191e-01  2.11750264e-04  2.16821313e-01  2.11750264e-04  2.26875586e-01  2.11750264e-04  1.92175937e-01  2.11750264e-04  1.56697941e-01 
 2.31750264e-04  1.80763489e-01  2.31750264e-04  1.94180811e-01  2.31750264e-04  2.91569351e-01  2.31750264e-04  1.28917099e-01  2.31750264e-04  1.91474083e-01  2.31750264e-04  2.17499725e-01  2.31750264e-04  2.25977576e-01  2.31750264e-04  3.19854357e-01  2.31750264e-04  1.35306996e-01  2.31750264e-04  1.44088507e-01  2.31750264e-04  2.04599571e-01  2.31750264e-04  1.49613345e-01  2.31750264e-04  2.09481144e-01  2.31750264e-04  2.26027154e-01  2.31750264e-04  2.71343599e-01  2.31750264e-04  2.76288498e-01  2.31750264e-04  2.57960719e-01  2.31750264e-04  2.78046182e-01  2.31750264e-04  2.30190516e-01  2.31750264e-04  2.28890677e-01  2.31750264e-04  3.05092532e-01  2.31750264e-04  1.58968463e-01  2.31750264e-04  1.76542891e-01  2.31750264e-04  1.52199752e-01  2.31750264e-04  2.49943342e-01  2.31750264e-04  1.95095766e-01  2.31750264e-04  2.35187978e-01  2.31750264e-04  2.45392985e-01  2.31750264e-04  2.08468357e-01  2.31750264e-04  1.70232030e-01 
 2.51750264e-04  1.94780995e-01  2.51750264e-04  2.09283623e-01  2.51750264e-04  3.13125439e-01  2.51750264e-04  1.39046433e-01  2.51750264e-04  2.06538789e-01  2.51750264e-04  2.33853160e-01  2.51750264e-04  2.42514266e-01  2.51750264e-04  3.43942850e-01  2.51750264e-04  1.46043721e-01  2.51750264e-04  1.55674634e-01  2.51750264e-04  2.19698923e-01  2.51750264e-04  1.61256286e-01  2.51750264e-04  2.25882515e-01  2.51750264e-04  2.43185446e-01  2.51750264e-04  2.91374770e-01  2.51750264e-04  2.97029994e-01  2.51750264e-04  2.76417984e-01  2.51750264e-04  2.98559513e-01  2.51750264e-04  2.47100830e-01  2.51750264e-04  2.46020102e-01  2.51750264e-04  3.28445430e-01  2.51750264e-04  1.71315865e-01  2.51750264e-04  1.90022840e-01  2.51750264e-04  1.64099112e-01  2.51750264e-04  2.68455379e-01  2.51750264e-04  2.10048319e-01  2.51750264e-04  2.53193918e-01  2.51750264e-04  2.63433975e-01  2.51750264e-04  2.24443009e-01  2.51750264e-04  1.83543907e-01 
 2.71750264e-04  2.08550442e-01  2.71750264e-04  2.24126014e-01  2.71750264e-04  3.34144925e-01  2.71750264e-04  1.49016849e-01  2.71750264e-04  2.21370229e-01  2.71750264e-04  2.49840807e-01  2.71750264e-04  2.58614089e-01  2.71750264e-04  3.67498439e-01  2.71750264e-04  1.56628236e-01  2.71750264e-04  1.67120189e-01  2.71750264e-04  2.34418383e-01  2.71750264e-04  1.72699450e-01  2.71750264e-04  2.42017698e-01  2.71750264e-04  2.59984722e-01  2.71750264e-04  3.10902885e-01  2.71750264e-04  3.17302722e-01  2.71750264e-04  2.94326199e-01  2.71750264e-04  3.18555793e-01  2.71750264e-04  2.63574146e-01  2.71750264e-04  2.62754324e-01  2.71750264e-04  3.51338926e-01  2.71750264e-04  1.83447813e-01  2.71750264e-04  2.03232577e-01  2.71750264e-04  1.75802730e-01  2.71750264e-04  2.86511583e-01  2.71750264e-04  2.24709636e-01  2.71750264e-04  2.70846218e-01  2.71750264e-04  2.81010812e-01  2.71750264e-04  2.40106092e-01  2.71750264e-04  1.96637222e-01 
 2.91750264e-04  2.22076219e-01  2.91750264e-04  2.38712473e-01  2.91750264e-04  3.54641164e-01  2.91750264e-04  1.58830842e-01  2.91750264e-04  2.35972016e-01  2.91750264e-04  2.65470848e-01  2.91750264e-04  2.74288586e-01  2.91750264e-04  3.90532911e-01  2.91750264e-04  1.67062700e-01  2.91750264e-04  1.78426879e-01  2.91750264e-04  2.48767509e-01  2.91750264e-04  1.83946264e-01  2.91750264e-04  2.57891014e-01  2.91750264e-04  2.76432493e-01  2.91750264e-04  3.29940575e-01  2.91750264e-04  3.37117275e-01  2.91750264e-04  3.11701695e-01  2.91750264e-04  3.38048053e-01  2.91750264e-04  2.79621755e-01  2.91750264e-04  2.79102461e-01  2.91750264e-04  3.73782060e-01  2.91750264e-04  1.95368067e-01  2.91750264e-04  2.16177519e-01  2.91750264e-04  1.87313827e-01  2.91750264e-04  3.04123178e-01  2.91750264e-04  2.39085389e-01  2.91750264e-04  2.88151822e-01  2.91750264e-04  2.98135438e-01  2.91750264e-04  2.55463683e-01  2.91750264e-04  2.09515561e-01 
 3.11750264e-04  2.35362640e-01  3.11750264e-04  2.53047414e-01  3.11750264e-04  3.74627184e-01  3.11750264e-04  1.68490864e-01  3.11750264e-04  2.50347706e-01  3.11750264e-04  2.80751282e-01  3.11750264e-04  2.89548992e-01  3.11750264e-04  4.13057796e-01  3.11750264e-04  1.77349240e-01  3.11750264e-04  1.89596388e-01  3.11750264e-04  2.62755618e-01  3.11750264e-04  1.95000097e-01  3.11750264e-04  2.73506711e-01  3.11750264e-04  2.92536114e-01  3.11750264e-04  3.48500158e-01  3.11750264e-04  3.56484010e-01  3.11750264e-04  3.28560320e-01  3.11750264e-04  3.57049000e-01  3.11750264e-04  2.95254659e-01  3.11750264e-04  2.95073421e-01  3.11750264e-04  3.95783689e-01  3.11750264e-04  2.07080323e-01  3.11750264e-04  2.28862973e-01  3.11750264e-04  1.98635569e-01  3.11750264e-04  3.21301114e-01  3.11750264e-04  2.53181140e-01  3.11750264e-04  3.05117541e-01  3.11750264e-04  3.14819488e-01  3.11750264e-04  2.70521740e-01  3.11750264e-04  2.22182455e-01 
 3.31750264e-04  2.48413940e-01  3.31750264e-04  2.67135174e-01  3.31750264e-04  3.94115684e-01  3.31750264e-04  1.77999332e-01  3.31750264e-04  2.64500799e-01  3.31750264e-04  2.95689928e-01  3.31750264e-04  3.04406248e-01  3.31750264e-04  4.35084367e-01  3.31750264e-04  1.87489953e-01  3.31750264e-04  2.00630381e-01  3.31750264e-04  2.76391793e-01  3.31750264e-04  2.05864261e-01  3.31750264e-04  2.88868971e-01  3.31750264e-04  3.08302786e-01  3.31750264e-04  3.66593640e-01  3.31750264e-04  3.75413045e-01  3.31750264e-04  3.44917448e-01  3.31750264e-04  3.75571015e-01  3.31750264e-04  3.10483575e-01  3.31750264e-04  3.10675906e-01  3.31750264e-04  4.17352500e-01  3.31750264e-04  2.18588208e-01  3.31750264e-04  2.41294143e-01  3.31750264e-04  2.09771071e-01  3.31750264e-04  3.38056067e-01  3.31750264e-04  2.67002342e-01  3.31750264e-04  3.21750050e-01  3.31750264e-04  3.31074296e-01  3.31750264e-04  2.85286105e-01  3.31750264e-04  2.34641376e-01 
 3.51750264e-04  2.61234280e-01  3.51750264e-04  2.80980014e-01  3.51750264e-04  4.13119051e-01  3.51750264e-04  1.87358622e-01  3.51750264e-04  2.78434743e-01  3.51750264e-04  3.10294431e-01  3.51750264e-04  3.18871004e-01  3.51750264e-04  4.56623647e-01  3.51750264e-04  1.97486907e-01  3.51750264e-04  2.11530502e-01  3.51750264e-04  2.89684889e-01  3.51750264e-04  2.16542009e-01  3.51750264e-04  3.03981908e-01  3.51750264e-04  3.23739560e-01  3.51750264e-04  3.84232727e-01  3.51750264e-04  3.93914275e-01  3.51750264e-04  3.60787999e-01  3.51750264e-04  3.93626171e-01  3.51750264e-04  3.25318943e-01  3.51750264e-04  3.25918418e-01  3.51750264e-04  4.38497007e-01  3.51750264e-04  2.29895289e-01  3.51750264e-04  2.53476124e-01  3.51750264e-04  2.20723397e-01  3.51750264e-04  3.54398454e-01  3.51750264e-04  2.80554344e-01  3.51750264e-04  3.38055893e-01  3.51750264e-04  3.46910906e-01  3.51750264e-04  2.99762506e-01  3.51750264e-04  2.46895739e-01 
 3.71750264e-04  2.73827746e-01  3.71750264e-04  2.94586124e-01  3.71750264e-04  4.31649360e-01  3.71750264e-04  1.96571077e-01  3.71750264e-04  2.92152931e-01  3.71750264e-04  3.24572267e-01  3.71750264e-04  3.32953629e-01  3.71750264e-04  4.77686419e-01  3.71750264e-04  2.07342139e-01  3.71750264e-04  2.22298374e-01  3.71750264e-04  3.02643538e-01  3.71750264e-04  2.27036541e-01  3.71750264e-04  3.18849568e-01  3.71750264e-04  3.38853337e-01  3.71750264e-04  4.01428831e-01  3.71750264e-04  4.11997367e-01  3.71750264e-04  3.76186447e-01  3.71750264e-04  4.11226236e-01  3.71750264e-04  3.39770932e-01  3.71750264e-04  3.40809261e-01  3.71750264e-04  4.59225557e-01  3.71750264e-04  2.41005071e-01  3.71750264e-04  2.65413912e-01  3.71750264e-04  2.31495560e-01  3.71750264e-04  3.70338432e-01  3.71750264e-04  2.93842389e-01  3.71750264e-04  3.54041485e-01  3.71750264e-04  3.62340077e-01  3.71750264e-04  3.13956560e-01  3.71750264e-04  2.58948901e-01 
 3.91750264e-04  2.86198355e-01  3.91750264e-04  3.07957621e-01  3.91750264e-04  4.49718387e-01  3.91750264e-04  2.05638999e-01  3.91750264e-04  3.05658703e-01  3.91750264e-04  3.38530740e-01  3.91750264e-04  3.46664218e-01  3.91750264e-04  4.98283222e-01  3.91750264e-04  2.17057659e-01  3.91750264e-04  2.32935603e-01  3.91750264e-04  3.15276153e-01  3.91750264e-04  2.37351001e-01  3.91750264e-04  3.33475932e-01  3.91750264e-04  3.53650878e-01  3.91750264e-04  4.18193077e-01  3.91750264e-04  4.29671772e-01  3.91750264e-04  3.91126834e-01  3.91750264e-04  4.28382680e-01  3.91750264e-04  3.53849450e-01  3.91750264e-04  3.55356548e-01  3.91750264e-04  4.79546332e-01  3.91750264e-04  2.51920994e-01  3.91750264e-04  2.77112401e-01  3.91750264e-04  2.42090523e-01  3.91750264e-04  3.85885912e-01  3.91750264e-04  3.06871618e-01  3.91750264e-04  3.69713118e-01  3.91750264e-04  3.77372291e-01  3.91750264e-04  3.27873773e-01  3.91750264e-04  2.70804166e-01 
 4.11750264e-04  2.98350048e-01  4.11750264e-04  3.21098548e-01  4.11750264e-04  4.67337616e-01  4.11750264e-04  2.14564656e-01  4.11750264e-04  3.18955349e-01  4.11750264e-04  3.52176996e-01  4.11750264e-04  3.60012599e-01  4.11750264e-04  5.18424366e-01  4.11750264e-04  2.26635446e-01  4.11750264e-04  2.43443774e-01  4.11750264e-04  3.27590939e-01  4.11750264e-04  2.47488477e-01  4.11750264e-04  3.47864915e-01  4.11750264e-04  3.68138797e-01  4.11750264e-04  4.34536309e-01  4.11750264e-04  4.46946726e-01  4.11750264e-04  4.05622787e-01  4.11750264e-04  4.45106685e-01  4.11750264e-04  3.67564149e-01  4.11750264e-04  3.69568208e-01  4.11750264e-04  4.99467355e-01  4.11750264e-04  2.62646444e-01  4.11750264e-04  2.88576389e-01  4.11750264e-04  2.52511202e-01  4.11750264e-04  4.01050557e-01  4.11750264e-04  3.19647071e-01  4.11750264e-04  3.85076956e-01  4.11750264e-04  3.92017762e-01  4.11750264e-04  3.41519546e-01  4.11750264e-04  2.82464784e-01 
 4.31750264e-04  3.10286701e-01  4.31750264e-04  3.34012884e-01  4.31750264e-04  4.84518243e-01  4.31750264e-04  2.23350279e-01  4.31750264e-04  3.32046107e-01  4.31750264e-04  3.65518016e-01  4.31750264e-04  3.73008342e-01  4.31750264e-04  5.38119931e-01  4.31750264e-04  2.36077455e-01  4.31750264e-04  2.53824453e-01  4.31750264e-04  3.39595891e-01  4.31750264e-04  2.57452008e-01  4.31750264e-04  3.62020370e-01  4.31750264e-04  3.82323574e-01  4.31750264e-04  4.50469102e-01  4.31750264e-04  4.63831257e-01  4.31750264e-04  4.19687528e-01  4.31750264e-04  4.61409152e-01  4.31750264e-04  3.80924430e-01  4.31750264e-04  3.83451982e-01  4.31750264e-04  5.18996490e-01  4.31750264e-04  2.73184742e-01  4.31750264e-04  2.99810577e-01  4.31750264e-04  2.62760464e-01  4.31750264e-04  4.15841794e-01  4.31750264e-04  3.32173692e-01  4.31750264e-04  4.00139045e-01  4.31750264e-04  4.06286438e-01  4.31750264e-04  3.54899171e-01  4.31750264e-04  2.93933950e-01 
 4.51750264e-04  3.22012119e-01  4.51750264e-04  3.46704534e-01  4.51750264e-04  5.01271186e-01  4.51750264e-04  2.31998067e-01  4.51750264e-04  3.44934165e-01  4.51750264e-04  3.78560630e-01  4.51750264e-04  3.85660763e-01  4.51750264e-04  5.57379775e-01  4.51750264e-04  2.45385608e-01  4.51750264e-04  2.64079185e-01  4.51750264e-04  3.51298804e-01  4.51750264e-04  2.67244577e-01  4.51750264e-04  3.75946088e-01  4.51750264e-04  3.96211552e-01  4.51750264e-04  4.66001763e-01  4.51750264e-04  4.80334188e-01  4.51750264e-04  4.33333882e-01  4.51750264e-04  4.77300704e-01  4.51750264e-04  3.93939452e-01  4.51750264e-04  3.97015435e-01  4.51750264e-04  5.38141445e-01  4.51750264e-04  2.83539155e-01  4.51750264e-04  3.10819570e-01  4.51750264e-04  2.72841128e-01  4.51750264e-04  4.30268818e-01  4.51750264e-04  3.44456327e-01  4.51750264e-04  4.14905312e-01  4.51750264e-04  4.20188015e-01  4.51750264e-04  3.68017841e-01  4.51750264e-04  3.05214808e-01 
 4.71750264e-04  3.33530040e-01  4.71750264e-04  3.59177338e-01  4.71750264e-04  5.17607093e-01  4.71750264e-04  2.40510180e-01  4.71750264e-04  3.57622661e-01  4.71750264e-04  3.91311511e-01  4.71750264e-04  3.97978931e-01  4.71750264e-04  5.76213537e-01  4.71750264e-04  2.54561805e-01  4.71750264e-04  2.74209500e-01  4.71750264e-04  3.62707278e-01  4.71750264e-04  2.76869119e-01  4.71750264e-04  3.89645797e-01  4.71750264e-04  4.09808941e-01  4.71750264e-04  4.81144341e-01  4.71750264e-04  4.96464145e-01  4.71750264e-04  4.46574296e-01  4.71750264e-04  4.92791699e-01  4.71750264e-04  4.06618138e-01  4.71750264e-04  4.10265959e-01  4.71750264e-04  5.56909778e-01  4.71750264e-04  2.93712891e-01  4.71750264e-04  3.21607883e-01  4.71750264e-04  2.82755967e-01  4.71750264e-04  4.44340598e-01  4.71750264e-04  3.56499729e-01  4.71750264e-04  4.29381566e-01  4.71750264e-04  4.33731937e-01  4.71750264e-04  3.80880645e-01  4.71750264e-04  3.16310449e-01 
 4.91750264e-04  3.44844136e-01  4.91750264e-04  3.71435070e-01  4.91750264e-04  5.33536344e-01  4.91750264e-04  2.48888749e-01  4.91750264e-04  3.70114686e-01  4.91750264e-04  4.03777184e-01  4.91750264e-04  4.09971677e-01  4.91750264e-04  5.94630642e-01  4.91750264e-04  2.63607916e-01  4.91750264e-04  2.84216907e-01  4.91750264e-04  3.73828720e-01  4.91750264e-04  2.86328515e-01  4.91750264e-04  4.03123165e-01  4.91750264e-04  4.23121821e-01  4.91750264e-04  4.95906632e-01  4.91750264e-04  5.12229557e-01  4.91750264e-04  4.59420846e-01  4.91750264e-04  5.07892235e-01  4.91750264e-04  4.18969179e-01  4.91750264e-04  4.23210772e-01  4.91750264e-04  5.75308899e-01  4.91750264e-04  3.03709103e-01  4.91750264e-04  3.32179939e-01  4.91750264e-04  2.92507710e-01  4.91750264e-04  4.58065880e-01  4.91750264e-04  3.68308557e-01  4.91750264e-04  4.43573503e-01  4.91750264e-04  4.46927406e-01  4.91750264e-04  3.93492573e-01  4.91750264e-04  3.27223914e-01 
 5.11750264e-04  3.55958013e-01  5.11750264e-04  3.83481439e-01  5.11750264e-04  5.49069063e-01  5.11750264e-04  2.57135867e-01  5.11750264e-04  3.82413282e-01  5.11750264e-04  4.15964030e-01  5.11750264e-04  4.21647597e-01  5.11750264e-04  6.12640310e-01  5.11750264e-04  2.72525785e-01  5.11750264e-04  2.94102897e-01  5.11750264e-04  3.84670353e-01  5.11750264e-04  2.95625601e-01  5.11750264e-04  4.16381800e-01  5.11750264e-04  4.36156145e-01  5.11750264e-04  5.10298187e-01  5.11750264e-04  5.27638661e-01  5.11750264e-04  4.71885247e-01  5.11750264e-04  5.22612151e-01  5.11750264e-04  4.31001042e-01  5.11750264e-04  4.35856928e-01  5.11750264e-04  5.93346070e-01  5.11750264e-04  3.13530888e-01  5.11750264e-04  3.42540074e-01  5.11750264e-04  3.02099038e-01  5.11750264e-04  4.71453196e-01  5.11750264e-04  3.79887380e-01  5.11750264e-04  4.57486708e-01  5.11750264e-04  4.59783386e-01  5.11750264e-04  4.05858518e-01  5.11750264e-04  3.37958196e-01 
 5.31750264e-04  3.66875216e-01  5.31750264e-04  3.95320089e-01  5.31750264e-04  5.64215120e-01  5.31750264e-04  2.65253598e-01  5.31750264e-04  3.94521443e-01  5.31750264e-04  4.27878284e-01  5.31750264e-04  4.33015062e-01  5.31750264e-04  6.30251552e-01  5.31750264e-04  2.81317230e-01  5.31750264e-04  3.03868943e-01  5.31750264e-04  3.95239216e-01  5.31750264e-04  3.04763160e-01  5.31750264e-04  4.29425253e-01  5.31750264e-04  4.48917741e-01  5.31750264e-04  5.24328316e-01  5.31750264e-04  5.42699512e-01  5.31750264e-04  4.83978868e-01  5.31750264e-04  5.36961043e-01  5.31750264e-04  4.42721976e-01  5.31750264e-04  4.48211318e-01  5.31750264e-04  6.11028412e-01  5.31750264e-04  3.23181291e-01  5.31750264e-04  3.52692536e-01  5.31750264e-04  3.11532592e-01  5.31750264e-04  4.84510869e-01  5.31750264e-04  3.91240678e-01  5.31750264e-04  4.71126654e-01  5.31750264e-04  4.72308611e-01  5.31750264e-04  4.17983278e-01  5.31750264e-04  3.48516234e-01 
 5.51750264e-04  3.77599224e-01  5.51750264e-04  4.06954602e-01  5.51750264e-04  5.78984141e-01  5.51750264e-04  2.73243971e-01  5.51750264e-04  4.06442119e-01  5.51750264e-04  4.39526045e-01  5.51750264e-04  4.44082221e-01  5.51750264e-04  6.47473185e-01  5.51750264e-04  2.89984043e-01  5.51750264e-04  3.13516501e-01  5.51750264e-04  4.05542172e-01  5.51750264e-04  3.13743931e-01  5.51750264e-04  4.42257015e-01  5.51750264e-04  4.61412316e-01  5.51750264e-04  5.38006097e-01  5.51750264e-04  5.57419980e-01  5.51750264e-04  4.95712739e-01  5.51750264e-04  5.50948263e-01  5.51750264e-04  4.54140015e-01  5.51750264e-04  4.60280673e-01  5.51750264e-04  6.28362905e-01  5.51750264e-04  3.32663302e-01  5.51750264e-04  3.62641487e-01  5.51750264e-04  3.20810967e-01  5.51750264e-04  4.97247016e-01  5.51750264e-04  4.02372844e-01  5.51750264e-04  4.84498709e-01  5.51750264e-04  4.84511592e-01  5.51750264e-04  4.29871558e-01  5.51750264e-04  3.58900924e-01 
 5.71750264e-04  3.88133456e-01  5.71750264e-04  4.18388498e-01  5.71750264e-04  5.93385512e-01  5.71750264e-04  2.81108985e-01  5.71750264e-04  4.18178213e-01  5.71750264e-04  4.50913273e-01  5.71750264e-04  4.54857006e-01  5.71750264e-04  6.64313826e-01  5.71750264e-04  2.98527991e-01  5.71750264e-04  3.23047008e-01  5.71750264e-04  4.15585910e-01  5.71750264e-04  3.22570603e-01  5.71750264e-04  4.54880523e-01  5.71750264e-04  4.73645458e-01  5.71750264e-04  5.51340377e-01  5.71750264e-04  5.71807758e-01  5.71750264e-04  5.07097560e-01  5.71750264e-04  5.64582925e-01  5.71750264e-04  4.65262987e-01  5.71750264e-04  4.72071568e-01  5.71750264e-04  6.45356392e-01  5.71750264e-04  3.41979858e-01  5.71750264e-04  3.72391007e-01  5.71750264e-04  3.29936714e-01  5.71750264e-04  5.09669553e-01  5.71750264e-04  4.13288184e-01  5.71750264e-04  4.97608134e-01  5.71750264e-04  4.96400618e-01  5.71750264e-04  4.41527968e-01  5.71750264e-04  3.69115111e-01 
 5.91750264e-04  3.98481271e-01  5.91750264e-04  4.29625236e-01  5.91750264e-04  6.07428384e-01  5.91750264e-04  2.88850605e-01  5.91750264e-04  4.29732583e-01  5.91750264e-04  4.62045795e-01  5.91750264e-04  4.65347142e-01  5.91750264e-04  6.80781905e-01  5.91750264e-04  3.06950816e-01  5.91750264e-04  3.32461883e-01  5.91750264e-04  4.25376953e-01  5.91750264e-04  3.31245821e-01  5.91750264e-04  4.67299157e-01  5.91750264e-04  4.85622635e-01  5.91750264e-04  5.64339783e-01  5.91750264e-04  5.85870364e-01  5.91750264e-04  5.18143715e-01  5.91750264e-04  5.77873918e-01  5.91750264e-04  4.76098517e-01  5.91750264e-04  4.83590429e-01  5.91750264e-04  6.62015581e-01  5.91750264e-04  3.51133848e-01  5.91750264e-04  3.81945093e-01  5.91750264e-04  3.38912345e-01  5.91750264e-04  5.21786203e-01  5.91750264e-04  4.23990922e-01  5.91750264e-04  5.10460088e-01  5.91750264e-04  5.07983768e-01  5.91750264e-04  4.52957033e-01  5.91750264e-04  3.79161595e-01 
 6.11750264e-04  4.08645967e-01  6.11750264e-04  4.40668216e-01  6.11750264e-04  6.21121682e-01  6.11750264e-04  2.96470769e-01  6.11750264e-04  4.41108042e-01  6.11750264e-04  4.72929308e-01  6.11750264e-04  4.75560150e-01  6.11750264e-04  6.96885664e-01  6.11750264e-04  3.15254235e-01  6.11750264e-04  3.41762531e-01  6.11750264e-04  4.34921659e-01  6.11750264e-04  3.39772184e-01  6.11750264e-04  4.79516240e-01  6.11750264e-04  4.97349205e-01  6.11750264e-04  5.77012726e-01  6.11750264e-04  5.99615148e-01  6.11750264e-04  5.28861279e-01  6.11750264e-04  5.90829902e-01  6.11750264e-04  4.86654034e-01  6.11750264e-04  4.94843533e-01  6.11750264e-04  6.78347049e-01  6.11750264e-04  3.60128108e-01  6.11750264e-04  3.91307663e-01  6.11750264e-04  3.47740330e-01  6.11750264e-04  5.33604497e-01  6.11750264e-04  4.34485199e-01  6.11750264e-04  5.23059626e-01  6.11750264e-04  5.19268910e-01  6.11750264e-04  4.64163185e-01  6.11750264e-04  3.89043130e-01 
 6.31750264e-04  4.18630786e-01  6.31750264e-04  4.51520779e-01  6.31750264e-04  6.34474108e-01  6.31750264e-04  3.03971381e-01  6.31750264e-04  4.52307361e-01  6.31750264e-04  4.83569383e-01  6.31750264e-04  4.85503349e-01  6.31750264e-04  7.12633162e-01  6.31750264e-04  3.23439941e-01  6.31750264e-04  3.50950337e-01  6.31750264e-04  4.44226224e-01  6.31750264e-04  3.48152245e-01  6.31750264e-04  4.91535045e-01  6.31750264e-04  5.08830410e-01  6.31750264e-04  5.89367404e-01  6.31750264e-04  6.13049292e-01  6.31750264e-04  5.39260025e-01  6.31750264e-04  6.03459323e-01  6.31750264e-04  4.96936773e-01  6.31750264e-04  5.05837009e-01  6.31750264e-04  6.94357242e-01  6.31750264e-04  3.68965424e-01  6.31750264e-04  4.00482557e-01  6.31750264e-04  3.56423096e-01  6.31750264e-04  5.45131783e-01  6.31750264e-04  4.44775075e-01  6.31750264e-04  5.35411707e-01  6.31750264e-04  5.30263712e-01  6.31750264e-04  4.75150772e-01  6.31750264e-04  3.98762422e-01 
 6.51750264e-04  4.28438909e-01  6.51750264e-04  4.62186208e-01  6.51750264e-04  6.47494148e-01  6.51750264e-04  3.11354317e-01  6.51750264e-04  4.63333268e-01  6.51750264e-04  4.93971465e-01  6.51750264e-04  4.95183868e-01  6.51750264e-04  7.28032280e-01  6.51750264e-04  3.31509603e-01  6.51750264e-04  3.60026670e-01  6.51750264e-04  4.53296692e-01  6.51750264e-04  3.56388515e-01  6.51750264e-04  5.03358790e-01  6.51750264e-04  5.20071385e-01  6.51750264e-04  6.01411809e-01  6.51750264e-04  6.26179818e-01  6.51750264e-04  5.49349439e-01  6.51750264e-04  6.15770411e-01  6.51750264e-04  5.06953784e-01  6.51750264e-04  5.16576849e-01  6.51750264e-04  7.10052481e-01  6.51750264e-04  3.77648536e-01  6.51750264e-04  4.09473536e-01  6.51750264e-04  3.64963033e-01  6.51750264e-04  5.56375227e-01  6.51750264e-04  4.54864531e-01  6.51750264e-04  5.47521190e-01  6.51750264e-04  5.40975644e-01  6.51750264e-04  4.85924058e-01  6.51750264e-04  4.08322137e-01 
 6.71750264e-04  4.38073465e-01  6.71750264e-04  4.72667730e-01  6.71750264e-04  6.60190075e-01  6.71750264e-04  3.18621424e-01  6.71750264e-04  4.74188447e-01  6.71750264e-04  5.04140876e-01  6.71750264e-04  5.04608646e-01  6.71750264e-04  7.43090727e-01  6.71750264e-04  3.39464864e-01  6.71750264e-04  3.68992883e-01  6.71750264e-04  4.62138951e-01  6.71750264e-04  3.64483461e-01  6.71750264e-04  5.14990639e-01  6.71750264e-04  5.31077156e-01  6.71750264e-04  6.13153735e-01  6.71750264e-04  6.39013587e-01  6.71750264e-04  5.59138722e-01  6.71750264e-04  6.27771191e-01  6.71750264e-04  5.16711933e-01  6.71750264e-04  5.27068904e-01  6.71750264e-04  7.25438961e-01  6.71750264e-04  3.86180134e-01  6.71750264e-04  4.18284286e-01  6.71750264e-04  3.73362490e-01  6.71750264e-04  5.67341816e-01  6.71750264e-04  4.64757471e-01  6.71750264e-04  5.59392840e-01  6.71750264e-04  5.51411982e-01  6.71750264e-04  4.96487222e-01  6.71750264e-04  4.17724894e-01 
 6.91750264e-04  4.47537524e-01  6.91750264e-04  4.82968517e-01  6.91750264e-04  6.72569958e-01  6.91750264e-04  3.25774518e-01  6.91750264e-04  4.84875542e-01  6.91750264e-04  5.14082822e-01  6.91750264e-04  5.13784440e-01  6.91750264e-04  7.57816039e-01  6.91750264e-04  3.47307349e-01  6.91750264e-04  3.77850311e-01  6.91750264e-04  4.70758743e-01  6.91750264e-04  3.72439508e-01  6.91750264e-04  5.26433708e-01  6.91750264e-04  5.41852645e-01  6.91750264e-04  6.24600777e-01  6.91750264e-04  6.51557307e-01  6.91750264e-04  5.68636801e-01  6.91750264e-04  6.39469483e-01  6.91750264e-04  5.26217911e-01  6.91750264e-04  5.37318890e-01  6.91750264e-04  7.40522757e-01  6.91750264e-04  3.94562862e-01  6.91750264e-04  4.26918421e-01  6.91750264e-04  3.81623778e-01  6.91750264e-04  5.78038369e-01  6.91750264e-04  4.74457723e-01  6.91750264e-04  5.71031329e-01  6.91750264e-04  5.61579818e-01  6.91750264e-04  5.06844363e-01  6.91750264e-04  4.26973271e-01 
 7.11750264e-04  4.56834104e-01  7.11750264e-04  4.93091684e-01  7.11750264e-04  6.84641664e-01  7.11750264e-04  3.32815388e-01  7.11750264e-04  4.95397155e-01  7.11750264e-04  5.23802389e-01  7.11750264e-04  5.22717827e-01  7.11750264e-04  7.72215585e-01  7.11750264e-04  3.55038654e-01  7.11750264e-04  3.86600274e-01  7.11750264e-04  4.79161666e-01  7.11750264e-04  3.80259040e-01  7.11750264e-04  5.37691061e-01  7.11750264e-04  5.52402669e-01  7.11750264e-04  6.35760341e-01  7.11750264e-04  6.63817531e-01  7.11750264e-04  5.77852339e-01  7.11750264e-04  6.50872913e-01  7.11750264e-04  5.35478233e-01  7.11750264e-04  5.47332394e-01  7.11750264e-04  7.55309823e-01  7.11750264e-04  4.02799318e-01  7.11750264e-04  4.35379482e-01  7.11750264e-04  3.89749170e-01  7.11750264e-04  5.88471534e-01  7.11750264e-04  4.83969039e-01  7.11750264e-04  5.82441236e-01  7.11750264e-04  5.71486059e-01  7.11750264e-04  5.16999498e-01  7.11750264e-04  4.36069801e-01 
 7.31750264e-04  4.65966168e-01  7.31750264e-04  5.03040295e-01  7.31750264e-04  6.96412864e-01  7.31750264e-04  3.39745795e-01  7.31750264e-04  5.05755850e-01  7.31750264e-04  5.33304553e-01  7.31750264e-04  5.31415211e-01  7.31750264e-04  7.86296573e-01  7.31750264e-04  3.62660357e-01  7.31750264e-04  3.95244077e-01  7.31750264e-04  4.87353176e-01  7.31750264e-04  3.87944399e-01  7.31750264e-04  5.48765711e-01  7.31750264e-04  5.62731947e-01  7.31750264e-04  6.46639647e-01  7.31750264e-04  6.75800668e-01  7.31750264e-04  5.86793742e-01  7.31750264e-04  6.61988912e-01  7.31750264e-04  5.44499249e-01  7.31750264e-04  5.57114870e-01  7.31750264e-04  7.69805996e-01  7.31750264e-04  4.10892054e-01  7.31750264e-04  4.43670936e-01  7.31750264e-04  3.97740901e-01  7.31750264e-04  5.98647798e-01  7.31750264e-04  4.93295099e-01  7.31750264e-04  5.93627049e-01  7.31750264e-04  5.81137436e-01  7.31750264e-04  5.26956568e-01  7.31750264e-04  4.45016979e-01 
 7.51750264e-04  4.74936629e-01  7.51750264e-04  5.12817359e-01  7.51750264e-04  7.07891040e-01  7.51750264e-04  3.46567473e-01  7.51750264e-04  5.15954149e-01  7.51750264e-04  5.42594176e-01  7.51750264e-04  5.39882827e-01  7.51750264e-04  8.00066050e-01  7.51750264e-04  3.70174011e-01  7.51750264e-04  4.03783007e-01  7.51750264e-04  4.95338591e-01  7.51750264e-04  3.95497887e-01  7.51750264e-04  5.59660624e-01  7.51750264e-04  5.72845098e-01  7.51750264e-04  6.57245733e-01  7.51750264e-04  6.87512980e-01  7.51750264e-04  5.95469163e-01  7.51750264e-04  6.72824725e-01  7.51750264e-04  5.53287141e-01  7.51750264e-04  5.66671650e-01  7.51750264e-04  7.84016999e-01  7.51750264e-04  4.18843578e-01  7.51750264e-04  4.51796185e-01  7.51750264e-04  4.05601170e-01  7.51750264e-04  6.08573486e-01  7.51750264e-04  5.02439513e-01  7.51750264e-04  6.04593171e-01  7.51750264e-04  5.90540505e-01  7.51750264e-04  5.36719435e-01  7.51750264e-04  4.53817256e-01 
 7.71750264e-04  4.83748344e-01  7.71750264e-04  5.22425834e-01  7.71750264e-04  7.19083486e-01  7.71750264e-04  3.53282126e-01  7.71750264e-04  5.25994535e-01  7.71750264e-04  5.51676011e-01  7.71750264e-04  5.48126745e-01  7.71750264e-04  8.13530906e-01  7.71750264e-04  3.77581148e-01  7.71750264e-04  4.12218337e-01  7.71750264e-04  5.03123098e-01  7.71750264e-04  4.02921767e-01  7.71750264e-04  5.70378716e-01  7.71750264e-04  5.82746642e-01  7.71750264e-04  6.67585460e-01  7.71750264e-04  6.98960588e-01  7.71750264e-04  6.03886515e-01  7.71750264e-04  6.83387414e-01  7.71750264e-04  5.61847936e-01  7.71750264e-04  5.76007939e-01  7.71750264e-04  7.97948441e-01  7.71750264e-04  4.26656353e-01  7.71750264e-04  4.59758559e-01  7.71750264e-04  4.13332140e-01  7.71750264e-04  6.18254768e-01  7.71750264e-04  5.11405817e-01  7.71750264e-04  6.15343916e-01  7.71750264e-04  5.99701655e-01  7.71750264e-04  5.46291888e-01  7.71750264e-04  4.62473045e-01 
 7.91750264e-04  4.92404125e-01  7.91750264e-04  5.31868628e-01  7.91750264e-04  7.29997314e-01  7.91750264e-04  3.59891434e-01  7.91750264e-04  5.35879453e-01  7.91750264e-04  5.60554707e-01  7.91750264e-04  5.56152874e-01  7.91750264e-04  8.26697883e-01  7.91750264e-04  3.84883277e-01  7.91750264e-04  4.20551324e-01  7.91750264e-04  5.10711750e-01  7.91750264e-04  4.10218262e-01  7.91750264e-04  5.80922858e-01  7.91750264e-04  5.92441009e-01  7.91750264e-04  6.77665518e-01  7.91750264e-04  7.10149473e-01  7.91750264e-04  6.12053475e-01  7.91750264e-04  6.93683865e-01  7.91750264e-04  5.70187501e-01  7.91750264e-04  5.85128826e-01  7.91750264e-04  8.11605823e-01  7.91750264e-04  4.34332802e-01  7.91750264e-04  4.67561324e-01  7.91750264e-04  4.20935937e-01  7.91750264e-04  6.27697662e-01  7.91750264e-04  5.20197482e-01  7.91750264e-04  6.25883514e-01  7.91750264e-04  6.08627111e-01  7.91750264e-04  5.55677639e-01  7.91750264e-04  4.70986717e-01 
 8.11750264e-04  5.00906730e-01  8.11750264e-04  5.41148597e-01  8.11750264e-04  7.40639461e-01  8.11750264e-04  3.66397049e-01  8.11750264e-04  5.45611311e-01  8.11750264e-04  5.69234808e-01  8.11750264e-04  5.63966969e-01  8.11750264e-04  8.39573568e-01  8.11750264e-04  3.92081888e-01  8.11750264e-04  4.28783208e-01  8.11750264e-04  5.18109475e-01  8.11750264e-04  4.17389559e-01  8.11750264e-04  5.91295873e-01  8.11750264e-04  6.01932533e-01  8.11750264e-04  6.87492428e-01  8.11750264e-04  7.21085484e-01  8.11750264e-04  6.19977491e-01  8.11750264e-04  7.03720787e-01  8.11750264e-04  5.78311553e-01  8.11750264e-04  5.94039279e-01  8.11750264e-04  8.24994535e-01  8.11750264e-04  4.41875302e-01  8.11750264e-04  4.75207679e-01  8.11750264e-04  4.28414654e-01  8.11750264e-04  6.36908039e-01  8.11750264e-04  5.28817907e-01  8.11750264e-04  6.36216112e-01  8.11750264e-04  6.17322935e-01  8.11750264e-04  5.64880332e-01  8.11750264e-04  4.79360606e-01 
 8.31750264e-04  5.09258870e-01  8.31750264e-04  5.50268549e-01  8.31750264e-04  7.51016689e-01  8.31750264e-04  3.72800600e-01  8.31750264e-04  5.55192479e-01  8.31750264e-04  5.77720755e-01  8.31750264e-04  5.71574630e-01  8.31750264e-04  8.52164407e-01  8.31750264e-04  3.99178449e-01  8.31750264e-04  4.36915218e-01  8.31750264e-04  5.25321078e-01  8.31750264e-04  4.24437806e-01  8.31750264e-04  6.01500537e-01  8.31750264e-04  6.11225459e-01  8.31750264e-04  6.97072548e-01  8.31750264e-04  7.31774336e-01  8.31750264e-04  6.27665790e-01  8.31750264e-04  7.13504722e-01  8.31750264e-04  5.86225662e-01  8.31750264e-04  6.02744155e-01  8.31750264e-04  8.38119862e-01  8.31750264e-04  4.49286191e-01  8.31750264e-04  4.82700760e-01  8.31750264e-04  4.35770348e-01  8.31750264e-04  6.45891623e-01  8.31750264e-04  5.37270430e-01  8.31750264e-04  6.46345775e-01  8.31750264e-04  6.25795036e-01  8.31750264e-04  5.73903535e-01  8.31750264e-04  4.87597007e-01 
 8.51750264e-04  5.17463208e-01  8.51750264e-04  5.59231244e-01  8.51750264e-04  7.61135593e-01  8.51750264e-04  3.79103686e-01  8.51750264e-04  5.64625290e-01  8.51750264e-04  5.86016892e-01  8.51750264e-04  5.78981312e-01  8.51750264e-04  8.64476702e-01  8.51750264e-04  4.06174404e-01  8.51750264e-04  4.44948564e-01  8.51750264e-04  5.32351240e-01  8.51750264e-04  4.31365114e-01  8.51750264e-04  6.11539584e-01  8.51750264e-04  6.20323941e-01  8.51750264e-04  7.06412075e-01  8.51750264e-04  7.42221613e-01  8.51750264e-04  6.35125385e-01  8.51750264e-04  7.23042047e-01  8.51750264e-04  5.93935254e-01  8.51750264e-04  6.11248195e-01  8.51750264e-04  8.50986987e-01  8.51750264e-04  4.56567766e-01  8.51750264e-04  4.90043638e-01  8.51750264e-04  4.43005042e-01  8.51750264e-04  6.54653999e-01  8.51750264e-04  5.45558319e-01  8.51750264e-04  6.56276490e-01  8.51750264e-04  6.34049169e-01  8.51750264e-04  5.82750750e-01  8.51750264e-04  4.95698177e-01 
 8.71750264e-04  5.25522359e-01  8.71750264e-04  5.68039392e-01  8.71750264e-04  7.71002603e-01  8.71750264e-04  3.85307883e-01  8.71750264e-04  5.73912042e-01  8.71750264e-04  5.94127463e-01  8.71750264e-04  5.86192323e-01  8.71750264e-04  8.76516613e-01  8.71750264e-04  4.13071182e-01  8.71750264e-04  4.52884445e-01  8.71750264e-04  5.39204527e-01  8.71750264e-04  4.38173558e-01  8.71750264e-04  6.21415701e-01  8.71750264e-04  6.29232048e-01  8.71750264e-04  7.15517051e-01  8.71750264e-04  7.52432777e-01  8.71750264e-04  6.42363078e-01  8.71750264e-04  7.32338977e-01  8.71750264e-04  6.01445612e-01  8.71750264e-04  6.19556034e-01  8.71750264e-04  8.63600988e-01  8.71750264e-04  4.63722283e-01  8.71750264e-04  4.97239325e-01  8.71750264e-04  4.50120727e-01  8.71750264e-04  6.63200614e-01  8.71750264e-04  5.53684783e-01  8.71750264e-04  6.66012164e-01  8.71750264e-04  6.42090943e-01  8.71750264e-04  5.91425409e-01  8.71750264e-04  5.03666337e-01 
 8.91750264e-04  5.33438892e-01  8.91750264e-04  5.76695659e-01  8.91750264e-04  7.80623990e-01  8.91750264e-04  3.91414745e-01  8.91750264e-04  5.83054995e-01  8.91750264e-04  6.02056620e-01  8.91750264e-04  5.93212833e-01  8.91750264e-04  8.88290168e-01  8.91750264e-04  4.19870188e-01  8.91750264e-04  4.60724041e-01  8.91750264e-04  5.45885389e-01  8.91750264e-04  4.44865179e-01  8.91750264e-04  6.31131532e-01  8.91750264e-04  6.37953764e-01  8.91750264e-04  7.24393368e-01  8.91750264e-04  7.62413163e-01  8.91750264e-04  6.49385470e-01  8.91750264e-04  7.41401573e-01  8.91750264e-04  6.08761887e-01  8.91750264e-04  6.27672198e-01  8.91750264e-04  8.75966846e-01  8.91750264e-04  4.70751959e-01  8.91750264e-04  5.04290772e-01  8.91750264e-04  4.57119362e-01  8.91750264e-04  6.71536781e-01  8.91750264e-04  5.61652964e-01  8.91750264e-04  6.75556627e-01  8.91750264e-04  6.49925821e-01  8.91750264e-04  5.99930878e-01  8.91750264e-04  5.11503670e-01 
 9.11750264e-04  5.41215332e-01  9.11750264e-04  5.85202663e-01  9.11750264e-04  7.90005869e-01  9.11750264e-04  3.97425796e-01  9.11750264e-04  5.92056377e-01  9.11750264e-04  6.09808420e-01  9.11750264e-04  6.00047875e-01  9.11750264e-04  8.99803259e-01  9.11750264e-04  4.26572808e-01  9.11750264e-04  4.68468522e-01  9.11750264e-04  5.52398164e-01  9.11750264e-04  4.51441979e-01  9.11750264e-04  6.40689679e-01  9.11750264e-04  6.46492988e-01  9.11750264e-04  7.33046767e-01  9.11750264e-04  7.72167987e-01  9.11750264e-04  6.56198965e-01  9.11750264e-04  7.50235740e-01  9.11750264e-04  6.15889093e-01  9.11750264e-04  6.35601110e-01  9.11750264e-04  8.88089440e-01  9.11750264e-04  4.77658972e-01  9.11750264e-04  5.11200869e-01  9.11750264e-04  4.64002870e-01  9.11750264e-04  6.79667682e-01  9.11750264e-04  5.69465946e-01  9.11750264e-04  6.84913635e-01  9.11750264e-04  6.57559126e-01  9.11750264e-04  6.08270456e-01  9.11750264e-04  5.19212325e-01 
 9.31750264e-04  5.48854157e-01  9.31750264e-04  5.93562979e-01  9.31750264e-04  7.99154202e-01  9.31750264e-04  4.03342541e-01  9.31750264e-04  6.00918379e-01  9.31750264e-04  6.17386831e-01  9.31750264e-04  6.06702348e-01  9.31750264e-04  9.11061647e-01  9.31750264e-04  4.33180408e-01  9.31750264e-04  4.76119042e-01  9.31750264e-04  5.58747081e-01  9.31750264e-04  4.57905930e-01  9.31750264e-04  6.50092701e-01  9.31750264e-04  6.54853540e-01  9.31750264e-04  7.41482847e-01  9.31750264e-04  7.81702347e-01  9.31750264e-04  6.62809779e-01  9.31750264e-04  7.58847236e-01  9.31750264e-04  6.22832117e-01  9.31750264e-04  6.43347089e-01  9.31750264e-04  8.99973558e-01  9.31750264e-04  4.84445463e-01  9.31750264e-04  5.17972450e-01  9.31750264e-04  4.70773147e-01  9.31750264e-04  6.87598371e-01  9.31750264e-04  5.77126751e-01  9.31750264e-04  6.94086869e-01  9.31750264e-04  6.64996044e-01  9.31750264e-04  6.16447379e-01  9.31750264e-04  5.26794414e-01 
 9.51750264e-04  5.56357803e-01  9.51750264e-04  6.01779136e-01  9.51750264e-04  8.08074801e-01  9.51750264e-04  4.09166460e-01  9.51750264e-04  6.09643161e-01  9.51750264e-04  6.24795730e-01  9.51750264e-04  6.13181023e-01  9.51750264e-04  9.22070968e-01  9.51750264e-04  4.39694336e-01  9.51750264e-04  4.83676740e-01  9.51750264e-04  5.64936262e-01  9.51750264e-04  4.64258968e-01  9.51750264e-04  6.59343116e-01  9.51750264e-04  6.63039157e-01  9.51750264e-04  7.49707066e-01  9.51750264e-04  7.91021226e-01  9.51750264e-04  6.69223940e-01  9.51750264e-04  7.67241674e-01  9.51750264e-04  6.29595718e-01  9.51750264e-04  6.50914356e-01  9.51750264e-04  9.11623890e-01  9.51750264e-04  4.91113535e-01  9.51750264e-04  5.24608292e-01  9.51750264e-04  4.77432054e-01  9.51750264e-04  6.95333778e-01  9.51750264e-04  5.84638344e-01  9.51750264e-04  7.03079939e-01  9.51750264e-04  6.72241627e-01  9.51750264e-04  6.24464820e-01  9.51750264e-04  5.34252015e-01 
 9.71750264e-04  5.63728661e-01  9.71750264e-04  6.09853619e-01  9.71750264e-04  8.16773338e-01  9.71750264e-04  4.14899008e-01  9.71750264e-04  6.18232846e-01  9.71750264e-04  6.32038910e-01  9.71750264e-04  6.19488543e-01  9.71750264e-04  9.32836732e-01  9.71750264e-04  4.46115919e-01  9.71750264e-04  4.91142743e-01  9.71750264e-04  5.70969726e-01  9.71750264e-04  4.70502997e-01  9.71750264e-04  6.68443400e-01  9.71750264e-04  6.71053500e-01  9.71750264e-04  7.57724744e-01  9.71750264e-04  8.00129493e-01  9.71750264e-04  6.75447298e-01  9.71750264e-04  7.75424526e-01  9.71750264e-04  6.36184532e-01  9.71750264e-04  6.58307035e-01  9.71750264e-04  9.23045035e-01  9.71750264e-04  4.97665254e-01  9.71750264e-04  5.31111115e-01  9.71750264e-04  4.83981423e-01  9.71750264e-04  7.02878712e-01  9.71750264e-04  5.92003631e-01  9.71750264e-04  7.11896383e-01  9.71750264e-04  6.79300798e-01  9.71750264e-04  6.32325889e-01  9.71750264e-04  5.41587173e-01 
 9.91750264e-04  5.70969083e-01  9.91750264e-04  6.17788871e-01  9.91750264e-04  8.25255338e-01  9.91750264e-04  4.20541619e-01  9.91750264e-04  6.26689526e-01  9.91750264e-04  6.39120077e-01  9.91750264e-04  6.25629431e-01  9.91750264e-04  9.43364327e-01  9.91750264e-04  4.52446467e-01  9.91750264e-04  4.98518162e-01  9.91750264e-04  5.76851392e-01  9.91750264e-04  4.76639885e-01  9.91750264e-04  6.77395990e-01  9.91750264e-04  6.78900152e-01  9.91750264e-04  7.65541067e-01  9.91750264e-04  8.09031908e-01  9.91750264e-04  6.81485529e-01  9.91750264e-04  7.83401123e-01  9.91750264e-04  6.42603078e-01  9.91750264e-04  6.65529153e-01  9.91750264e-04  9.34241503e-01  9.91750264e-04  5.04102651e-01  9.91750264e-04  5.37483587e-01  9.91750264e-04  4.90423058e-01  9.91750264e-04  7.10237863e-01  9.91750264e-04  5.99225462e-01  9.91750264e-04  7.20539670e-01  9.91750264e-04  6.86178353e-01  9.91750264e-04  6.40033636e-01  9.91750264e-04  5.48801897e-01 
 1.01175026e-03  5.78081375e-01  1.01175026e-03  6.25587294e-01  1.01175026e-03  8.33526193e-01  1.01175026e-03  4.26095704e-01  1.01175026e-03  6.35015261e-01  1.01175026e-03  6.46042855e-01  1.01175026e-03  6.31608089e-01  1.01175026e-03  9.53659022e-01  1.01175026e-03  4.58687270e-01  1.01175026e-03  5.05804099e-01  1.01175026e-03  5.82585078e-01  1.01175026e-03  4.82671473e-01  1.01175026e-03  6.86203282e-01  1.01175026e-03  6.86582623e-01  1.01175026e-03  7.73161094e-01  1.01175026e-03  8.17733124e-01  1.01175026e-03  6.87344140e-01  1.01175026e-03  7.91176665e-01  1.01175026e-03  6.48855754e-01  1.01175026e-03  6.72584645e-01  1.01175026e-03  9.45217712e-01  1.01175026e-03  5.10427720e-01  1.01175026e-03  5.43728319e-01  1.01175026e-03  4.96758729e-01  1.01175026e-03  7.17415805e-01  1.01175026e-03  6.06306630e-01  1.01175026e-03  7.29013202e-01  1.01175026e-03  6.92878965e-01  1.01175026e-03  6.47591052e-01  1.01175026e-03  5.55898165e-01 
 1.03175026e-03  5.85067806e-01  1.03175026e-03  6.33251247e-01  1.03175026e-03  8.41591159e-01  1.03175026e-03  4.31562651e-01  1.03175026e-03  6.43212079e-01  1.03175026e-03  6.52810786e-01  1.03175026e-03  6.37428802e-01  1.03175026e-03  9.63725969e-01  1.03175026e-03  4.64839600e-01  1.03175026e-03  5.13001637e-01  1.03175026e-03  5.88174507e-01  1.03175026e-03  4.88599566e-01  1.03175026e-03  6.94867636e-01  1.03175026e-03  6.94104347e-01  1.03175026e-03  7.80589754e-01  1.03175026e-03  8.26237688e-01  1.03175026e-03  6.93028474e-01  1.03175026e-03  7.98756220e-01  1.03175026e-03  6.54946847e-01  1.03175026e-03  6.79477356e-01  1.03175026e-03  9.55977996e-01  1.03175026e-03  5.16642421e-01  1.03175026e-03  5.49847873e-01  1.03175026e-03  5.02990179e-01  1.03175026e-03  7.24417001e-01  1.03175026e-03  6.13249876e-01  1.03175026e-03  7.37320311e-01  1.03175026e-03  6.99407186e-01  1.03175026e-03  6.55001067e-01  1.03175026e-03  5.62877922e-01 
 1.05175026e-03  5.91930603e-01  1.05175026e-03  6.40783048e-01  1.05175026e-03  8.49455360e-01  1.05175026e-03  4.36943829e-01  1.05175026e-03  6.51281976e-01  1.05175026e-03  6.59427335e-01  1.05175026e-03  6.43095743e-01  1.05175026e-03  9.73570207e-01  1.05175026e-03  4.70904712e-01  1.05175026e-03  5.20111849e-01  1.05175026e-03  5.93623309e-01  1.05175026e-03  4.94425941e-01  1.05175026e-03  7.03391371e-01  1.05175026e-03  7.01468689e-01  1.05175026e-03  7.87831852e-01  1.05175026e-03  8.34550045e-01  1.05175026e-03  6.98543715e-01  1.05175026e-03  8.06144727e-01  1.05175026e-03  6.60880533e-01  1.05175026e-03  6.86211042e-01  1.05175026e-03  9.66526603e-01  1.05175026e-03  5.22748680e-01  1.05175026e-03  5.55844758e-01  1.05175026e-03  5.09119124e-01  1.05175026e-03  7.31245802e-01  1.05175026e-03  6.20057885e-01  1.05175026e-03  7.45464267e-01  1.05175026e-03  7.05767451e-01  1.05175026e-03  6.62266558e-01  1.05175026e-03  5.69743081e-01 
 1.07175026e-03  5.98671953e-01  1.07175026e-03  6.48184976e-01  1.07175026e-03  8.57123795e-01  1.07175026e-03  4.42240582e-01  1.07175026e-03  6.59226916e-01  1.07175026e-03  6.65895887e-01  1.07175026e-03  6.48612974e-01  1.07175026e-03  9.83196663e-01  1.07175026e-03  4.76883842e-01  1.07175026e-03  5.27135795e-01  1.07175026e-03  5.98935022e-01  1.07175026e-03  5.00152343e-01  1.07175026e-03  7.11776768e-01  1.07175026e-03  7.08678940e-01  1.07175026e-03  7.94892073e-01  1.07175026e-03  8.42674537e-01  1.07175026e-03  7.03894893e-01  1.07175026e-03  8.13347002e-01  1.07175026e-03  6.66660880e-01  1.07175026e-03  6.92789370e-01  1.07175026e-03  9.76867696e-01  1.07175026e-03  5.28748390e-01  1.07175026e-03  5.61721433e-01  1.07175026e-03  5.15147250e-01  1.07175026e-03  7.37906453e-01  1.07175026e-03  6.26733293e-01  1.07175026e-03  7.53448275e-01  1.07175026e-03  7.11964081e-01  1.07175026e-03  6.69390343e-01  1.07175026e-03  5.76495523e-01 
 1.09175026e-03  6.05294006e-01  1.09175026e-03  6.55459271e-01  1.09175026e-03  8.64601338e-01  1.09175026e-03  4.47454236e-01  1.09175026e-03  6.67048836e-01  1.09175026e-03  6.72219753e-01  1.09175026e-03  6.53984451e-01  1.09175026e-03  9.92610154e-01  1.09175026e-03  4.82778209e-01  1.09175026e-03  5.34074522e-01  1.09175026e-03  6.04113095e-01  1.09175026e-03  5.05780487e-01  1.09175026e-03  7.20026074e-01  1.09175026e-03  7.15738325e-01  1.09175026e-03  8.01774987e-01  1.09175026e-03  8.50615413e-01  1.09175026e-03  7.09086889e-01  1.09175026e-03  8.20367739e-01  1.09175026e-03  6.72291850e-01  1.09175026e-03  6.99215927e-01  1.09175026e-03  9.87005358e-01  1.09175026e-03  5.34643409e-01  1.09175026e-03  5.67480307e-01  1.09175026e-03  5.21076214e-01  1.09175026e-03  7.44403096e-01  1.09175026e-03  6.33278681e-01  1.09175026e-03  7.61275474e-01  1.09175026e-03  7.18001286e-01  1.09175026e-03  6.76375186e-01  1.09175026e-03  5.83137099e-01 
 1.11175026e-03  6.11798873e-01  1.11175026e-03  6.62608133e-01  1.11175026e-03  8.71892739e-01  1.11175026e-03  4.52586093e-01  1.11175026e-03  6.74749639e-01  1.11175026e-03  6.78402169e-01  1.11175026e-03  6.59214023e-01  1.11175026e-03  1.00181539e+00  1.11175026e-03  4.88589014e-01  1.11175026e-03  5.40929063e-01  1.11175026e-03  6.09160891e-01  1.11175026e-03  5.11312059e-01  1.11175026e-03  7.28141497e-01  1.11175026e-03  7.22650002e-01  1.11175026e-03  8.08485044e-01  1.11175026e-03  8.58376820e-01  1.11175026e-03  7.14124438e-01  1.11175026e-03  8.27211515e-01  1.11175026e-03  6.77777304e-01  1.11175026e-03  7.05494213e-01  1.11175026e-03  9.96943591e-01  1.11175026e-03  5.40435565e-01  1.11175026e-03  5.73123742e-01  1.11175026e-03  5.26907648e-01  1.11175026e-03  7.50739768e-01  1.11175026e-03  6.39696582e-01  1.11175026e-03  7.68948946e-01  1.11175026e-03  7.23883168e-01  1.11175026e-03  6.83223797e-01  1.11175026e-03  5.89669629e-01 
 1.13175026e-03  6.18188627e-01  1.13175026e-03  6.69633725e-01  1.13175026e-03  8.79002632e-01  1.13175026e-03  4.57637438e-01  1.13175026e-03  6.82331201e-01  1.13175026e-03  6.84446299e-01  1.13175026e-03  6.64305441e-01  1.13175026e-03  1.01081698e+00  1.13175026e-03  4.94317443e-01  1.13175026e-03  5.47700441e-01  1.13175026e-03  6.14081686e-01  1.13175026e-03  5.16748717e-01  1.13175026e-03  7.36125210e-01  1.13175026e-03  7.29417060e-01  1.13175026e-03  8.15026587e-01  1.13175026e-03  8.65962815e-01  1.13175026e-03  7.19012134e-01  1.13175026e-03  8.33882788e-01  1.13175026e-03  6.83121002e-01  1.13175026e-03  7.11627649e-01  1.13175026e-03  1.00668632e+00  1.13175026e-03  5.46126651e-01  1.13175026e-03  5.78654052e-01  1.13175026e-03  5.32643157e-01  1.13175026e-03  7.56920409e-01  1.13175026e-03  6.45989479e-01  1.13175026e-03  7.76471709e-01  1.13175026e-03  7.29613723e-01  1.13175026e-03  6.89938832e-01  1.13175026e-03  5.96094903e-01 
 1.15175026e-03  6.24465306e-01  1.15175026e-03  6.76538173e-01  1.15175026e-03  8.85935537e-01  1.15175026e-03  4.62609532e-01  1.15175026e-03  6.89795368e-01  1.15175026e-03  6.90355235e-01  1.15175026e-03  6.69262353e-01  1.15175026e-03  1.01961944e+00  1.15175026e-03  4.99964663e-01  1.15175026e-03  5.54389663e-01  1.15175026e-03  6.18878677e-01  1.15175026e-03  5.22092089e-01  1.15175026e-03  7.43979350e-01  1.15175026e-03  7.36042525e-01  1.15175026e-03  8.21403848e-01  1.15175026e-03  8.73377363e-01  1.15175026e-03  7.23754436e-01  1.15175026e-03  8.40385908e-01  1.15175026e-03  6.88326606e-01  1.15175026e-03  7.17619577e-01  1.15175026e-03  1.01623738e+00  1.15175026e-03  5.51718433e-01  1.15175026e-03  5.84073504e-01  1.15175026e-03  5.38284318e-01  1.15175026e-03  7.62948860e-01  1.15175026e-03  6.52159807e-01  1.15175026e-03  7.83846723e-01  1.15175026e-03  7.35196845e-01  1.15175026e-03  6.96522898e-01  1.15175026e-03  6.02414684e-01 
 1.17175026e-03  6.30630911e-01  1.17175026e-03  6.83323565e-01  1.17175026e-03  8.92695858e-01  1.17175026e-03  4.67503621e-01  1.17175026e-03  6.97143959e-01  1.17175026e-03  6.96132003e-01  1.17175026e-03  6.74088313e-01  1.17175026e-03  1.02822715e+00  1.17175026e-03  5.05531825e-01  1.17175026e-03  5.60997726e-01  1.17175026e-03  6.23554978e-01  1.17175026e-03  5.27343775e-01  1.17175026e-03  7.51706020e-01  1.17175026e-03  7.42529360e-01  1.17175026e-03  8.27620951e-01  1.17175026e-03  8.80624338e-01  1.17175026e-03  7.28355667e-01  1.17175026e-03  8.46725113e-01  1.17175026e-03  6.93397687e-01  1.17175026e-03  7.23473262e-01  1.17175026e-03  1.02560056e+00  1.17175026e-03  5.57212642e-01  1.17175026e-03  5.89384321e-01  1.17175026e-03  5.43832683e-01  1.17175026e-03  7.68828869e-01  1.17175026e-03  6.58209953e-01  1.17175026e-03  7.91076891e-01  1.17175026e-03  7.40636325e-01  1.17175026e-03  7.02978548e-01  1.17175026e-03  6.08630702e-01 
 1.19175026e-03  6.36687407e-01  1.19175026e-03  6.89991956e-01  1.19175026e-03  8.99287893e-01  1.19175026e-03  4.72320926e-01  1.19175026e-03  7.04378763e-01  1.19175026e-03  7.01779558e-01  1.19175026e-03  6.78786780e-01  1.19175026e-03  1.03664444e+00  1.19175026e-03  5.11020064e-01  1.19175026e-03  5.67525616e-01  1.19175026e-03  6.28113625e-01  1.19175026e-03  5.32505349e-01  1.19175026e-03  7.59307290e-01  1.19175026e-03  7.48880467e-01  1.19175026e-03  8.33681920e-01  1.19175026e-03  8.87707527e-01  1.19175026e-03  7.32820025e-01  1.19175026e-03  8.52904534e-01  1.19175026e-03  6.98337720e-01  1.19175026e-03  7.29191893e-01  1.19175026e-03  1.03477955e+00  1.19175026e-03  5.62610981e-01  1.19175026e-03  5.94588680e-01  1.19175026e-03  5.49289779e-01  1.19175026e-03  7.74564091e-01  1.19175026e-03  6.64142259e-01  1.19175026e-03  7.98165057e-01  1.19175026e-03  7.45935861e-01  1.19175026e-03  7.09308288e-01  1.19175026e-03  6.14744661e-01 
 1.21175026e-03  6.42636725e-01  1.21175026e-03  6.96545361e-01  1.21175026e-03  9.05715829e-01  1.21175026e-03  4.77062654e-01  1.21175026e-03  7.11501541e-01  1.21175026e-03  7.07300790e-01  1.21175026e-03  6.83361123e-01  1.21175026e-03  1.04487552e+00  1.21175026e-03  5.16430500e-01  1.21175026e-03  5.73974305e-01  1.21175026e-03  6.32557580e-01  1.21175026e-03  5.37578357e-01  1.21175026e-03  7.66785193e-01  1.21175026e-03  7.55098684e-01  1.21175026e-03  8.39590676e-01  1.21175026e-03  8.94630633e-01  1.21175026e-03  7.37151581e-01  1.21175026e-03  8.58928199e-01  1.21175026e-03  7.03150091e-01  1.21175026e-03  7.34778586e-01  1.21175026e-03  1.04377796e+00  1.21175026e-03  5.67915124e-01  1.21175026e-03  5.99688716e-01  1.21175026e-03  5.54657107e-01  1.21175026e-03  7.80158092e-01  1.21175026e-03  6.69959018e-01  1.21175026e-03  8.05114009e-01  1.21175026e-03  7.51099051e-01  1.21175026e-03  7.15514572e-01  1.21175026e-03  6.20758238e-01 
 1.23175026e-03  6.48480762e-01  1.23175026e-03  7.02985764e-01  1.23175026e-03  9.11983753e-01  1.23175026e-03  4.81729990e-01  1.23175026e-03  7.18514029e-01  1.23175026e-03  7.12698526e-01  1.23175026e-03  6.87814620e-01  1.23175026e-03  1.05292450e+00  1.23175026e-03  5.21764234e-01  1.23175026e-03  5.80344754e-01  1.23175026e-03  6.36889726e-01  1.23175026e-03  5.42564319e-01  1.23175026e-03  7.74141734e-01  1.23175026e-03  7.61186792e-01  1.23175026e-03  8.45351040e-01  1.23175026e-03  9.01397273e-01  1.23175026e-03  7.41354285e-01  1.23175026e-03  8.64800033e-01  1.23175026e-03  7.07838101e-01  1.23175026e-03  7.40236386e-01  1.23175026e-03  1.05259935e+00  1.23175026e-03  5.73126713e-01  1.23175026e-03  6.04686519e-01  1.23175026e-03  5.59936144e-01  1.23175026e-03  7.85614348e-01  1.23175026e-03  6.75662483e-01  1.23175026e-03  8.11926483e-01  1.23175026e-03  7.56129405e-01  1.23175026e-03  7.21599809e-01  1.23175026e-03  6.26673079e-01 
 1.25175026e-03  6.54221381e-01  1.25175026e-03  7.09315114e-01  1.25175026e-03  9.18095647e-01  1.25175026e-03  4.86324101e-01  1.25175026e-03  7.25417934e-01  1.25175026e-03  7.17975526e-01  1.25175026e-03  6.92150465e-01  1.25175026e-03  1.06079541e+00  1.25175026e-03  5.27022355e-01  1.25175026e-03  5.86637913e-01  1.25175026e-03  6.41112879e-01  1.25175026e-03  5.47464728e-01  1.25175026e-03  7.81378880e-01  1.25175026e-03  7.67147514e-01  1.25175026e-03  8.50966740e-01  1.25175026e-03  9.08010984e-01  1.25175026e-03  7.45431971e-01  1.25175026e-03  8.70523865e-01  1.25175026e-03  7.12404962e-01  1.25175026e-03  7.45568266e-01  1.25175026e-03  1.06124722e+00  1.25175026e-03  5.78247364e-01  1.25175026e-03  6.09584139e-01  1.25175026e-03  5.65128342e-01  1.25175026e-03  7.90936252e-01  1.25175026e-03  6.81254859e-01  1.25175026e-03  8.18605158e-01  1.25175026e-03  7.61030340e-01  1.25175026e-03  7.27566360e-01  1.25175026e-03  6.32490807e-01 
 1.27175026e-03  6.59860412e-01  1.27175026e-03  7.15535325e-01  1.27175026e-03  9.24055395e-01  1.27175026e-03  4.90846135e-01  1.27175026e-03  7.32214937e-01  1.27175026e-03  7.23134493e-01  1.27175026e-03  6.96371765e-01  1.27175026e-03  1.06849220e+00  1.27175026e-03  5.32205935e-01  1.27175026e-03  5.92854718e-01  1.27175026e-03  6.45229778e-01  1.27175026e-03  5.52281053e-01  1.27175026e-03  7.88498570e-01  1.27175026e-03  7.72983515e-01  1.27175026e-03  8.56441409e-01  1.27175026e-03  9.14475221e-01  1.27175026e-03  7.49388358e-01  1.27175026e-03  8.76103423e-01  1.27175026e-03  7.16853805e-01  1.27175026e-03  7.50777131e-01  1.27175026e-03  1.06972495e+00  1.27175026e-03  5.83278663e-01  1.27175026e-03  6.14383584e-01  1.27175026e-03  5.70235130e-01  1.27175026e-03  7.96127112e-01  1.27175026e-03  6.86738310e-01  1.27175026e-03  8.25152663e-01  1.27175026e-03  7.65805185e-01  1.27175026e-03  7.33416540e-01  1.27175026e-03  6.38213015e-01 
 1.29175026e-03  6.65399653e-01  1.29175026e-03  7.21648279e-01  1.29175026e-03  9.29866785e-01  1.29175026e-03  4.95297224e-01  1.29175026e-03  7.38906694e-01  1.29175026e-03  7.28178065e-01  1.29175026e-03  7.00481546e-01  1.29175026e-03  1.07601872e+00  1.29175026e-03  5.37316029e-01  1.29175026e-03  5.98996096e-01  1.29175026e-03  6.49243099e-01  1.29175026e-03  5.57014736e-01  1.29175026e-03  7.95502711e-01  1.29175026e-03  7.78697405e-01  1.29175026e-03  8.61778589e-01  1.29175026e-03  9.20793363e-01  1.29175026e-03  7.53227053e-01  1.29175026e-03  8.81542346e-01  1.29175026e-03  7.21187681e-01  1.29175026e-03  7.55865819e-01  1.29175026e-03  1.07803592e+00  1.29175026e-03  5.88222170e-01  1.29175026e-03  6.19086822e-01  1.29175026e-03  5.75257912e-01  1.29175026e-03  8.01190154e-01  1.29175026e-03  6.92114957e-01  1.29175026e-03  8.31571573e-01  1.29175026e-03  7.70457185e-01  1.29175026e-03  7.39152618e-01  1.29175026e-03  6.43841273e-01 
 1.31175026e-03  6.70840870e-01  1.31175026e-03  7.27655826e-01  1.31175026e-03  9.35533511e-01  1.31175026e-03  4.99678480e-01  1.31175026e-03  7.45494835e-01  1.31175026e-03  7.33108825e-01  1.31175026e-03  7.04482755e-01  1.31175026e-03  1.08337872e+00  1.31175026e-03  5.42353680e-01  1.31175026e-03  6.05062964e-01  1.31175026e-03  6.53155446e-01  1.31175026e-03  5.61667194e-01  1.31175026e-03  8.02393177e-01  1.31175026e-03  7.84291738e-01  1.31175026e-03  8.66981732e-01  1.31175026e-03  9.26968711e-01  1.31175026e-03  7.56951558e-01  1.31175026e-03  8.86844176e-01  1.31175026e-03  7.25409560e-01  1.31175026e-03  7.60837103e-01  1.31175026e-03  1.08618339e+00  1.31175026e-03  5.93079416e-01  1.31175026e-03  6.23695781e-01  1.31175026e-03  5.80198071e-01  1.31175026e-03  8.06128526e-01  1.31175026e-03  6.97386882e-01  1.31175026e-03  8.37864415e-01  1.31175026e-03  7.74989499e-01  1.31175026e-03  7.44776819e-01  1.31175026e-03  6.49377122e-01 
 1.33175026e-03  6.76185796e-01  1.33175026e-03  7.33559783e-01  1.33175026e-03  9.41059172e-01  1.33175026e-03  5.03991000e-01  1.33175026e-03  7.51980963e-01  1.33175026e-03  7.37929295e-01  1.33175026e-03  7.08378260e-01  1.33175026e-03  1.09057590e+00  1.33175026e-03  5.47319915e-01  1.33175026e-03  6.11056223e-01  1.33175026e-03  6.56969361e-01  1.33175026e-03  5.66239823e-01  1.33175026e-03  8.09171813e-01  1.33175026e-03  7.89769017e-01  1.33175026e-03  8.72054204e-01  1.33175026e-03  9.33004494e-01  1.33175026e-03  7.60565270e-01  1.33175026e-03  8.92012371e-01  1.33175026e-03  7.29522336e-01  1.33175026e-03  7.65693692e-01  1.33175026e-03  1.09417058e+00  1.33175026e-03  5.97851908e-01  1.33175026e-03  6.28212352e-01  1.33175026e-03  5.85056965e-01  1.33175026e-03  8.10945298e-01  1.33175026e-03  7.02556124e-01  1.33175026e-03  8.44033664e-01  1.33175026e-03  7.79405207e-01  1.33175026e-03  7.50291326e-01  1.33175026e-03  6.54822080e-01 
 1.35175026e-03  6.81436138e-01  1.35175026e-03  7.39361936e-01  1.35175026e-03  9.46447282e-01  1.35175026e-03  5.08235861e-01  1.35175026e-03  7.58366659e-01  1.35175026e-03  7.42641943e-01  1.35175026e-03  7.12170852e-01  1.35175026e-03  1.09761386e+00  1.35175026e-03  5.52215747e-01  1.35175026e-03  6.16976768e-01  1.35175026e-03  6.60687320e-01  1.35175026e-03  5.70733991e-01  1.35175026e-03  8.15840435e-01  1.35175026e-03  7.95131691e-01  1.35175026e-03  8.76999288e-01  1.35175026e-03  9.38903865e-01  1.35175026e-03  7.64071484e-01  1.35175026e-03  8.97050299e-01  1.35175026e-03  7.33528829e-01  1.35175026e-03  7.70438232e-01  1.35175026e-03  1.10200065e+00  1.35175026e-03  6.02541122e-01  1.35175026e-03  6.32638386e-01  1.35175026e-03  5.89835932e-01  1.35175026e-03  8.15643463e-01  1.35175026e-03  7.07624682e-01  1.35175026e-03  8.50081748e-01  1.35175026e-03  7.83707310e-01  1.35175026e-03  7.55698279e-01  1.35175026e-03  6.60177639e-01 
 1.37175026e-03  6.86593567e-01  1.37175026e-03  7.45064042e-01  1.37175026e-03  9.51701263e-01  1.37175026e-03  5.12414126e-01  1.37175026e-03  7.64653477e-01  1.37175026e-03  7.47249180e-01  1.37175026e-03  7.15863252e-01  1.37175026e-03  1.10449612e+00  1.37175026e-03  5.57042172e-01  1.37175026e-03  6.22825481e-01  1.37175026e-03  6.64311737e-01  1.37175026e-03  5.75151045e-01  1.37175026e-03  8.22400828e-01  1.37175026e-03  8.00382157e-01  1.37175026e-03  8.81820182e-01  1.37175026e-03  9.44669906e-01  1.37175026e-03  7.67473398e-01  1.37175026e-03  9.01961242e-01  1.37175026e-03  7.37431786e-01  1.37175026e-03  7.75073308e-01  1.37175026e-03  1.10967668e+00  1.37175026e-03  6.07148514e-01  1.37175026e-03  6.36975698e-01  1.37175026e-03  5.94536286e-01  1.37175026e-03  8.20225943e-01  1.37175026e-03  7.12594519e-01  1.37175026e-03  8.56011045e-01  1.37175026e-03  7.87898730e-01  1.37175026e-03  7.60999774e-01  1.37175026e-03  6.65445267e-01 
 1.39175026e-03  6.91659729e-01  1.39175026e-03  7.50667824e-01  1.39175026e-03  9.56824455e-01  1.39175026e-03  5.16526838e-01  1.39175026e-03  7.70842948e-01  1.39175026e-03  7.51753364e-01  1.39175026e-03  7.19458106e-01  1.39175026e-03  1.11122613e+00  1.39175026e-03  5.61800176e-01  1.39175026e-03  6.28603233e-01  1.39175026e-03  6.67844965e-01  1.39175026e-03  5.79492308e-01  1.39175026e-03  8.28854747e-01  1.39175026e-03  8.05522763e-01  1.39175026e-03  8.86520006e-01  1.39175026e-03  9.50305633e-01  1.39175026e-03  7.70774115e-01  1.39175026e-03  9.06748401e-01  1.39175026e-03  7.41233882e-01  1.39175026e-03  7.79601445e-01  1.39175026e-03  1.11720171e+00  1.39175026e-03  6.11675510e-01  1.39175026e-03  6.41226067e-01  1.39175026e-03  5.99159321e-01  1.39175026e-03  8.24695586e-01  1.39175026e-03  7.17467555e-01  1.39175026e-03  8.61823891e-01  1.39175026e-03  7.91982314e-01  1.39175026e-03  7.66197869e-01  1.39175026e-03  6.70626407e-01 
 1.41175026e-03  6.96636238e-01  1.41175026e-03  7.56174979e-01  1.41175026e-03  9.61820113e-01  1.41175026e-03  5.20575027e-01  1.41175026e-03  7.76936581e-01  1.41175026e-03  7.56156799e-01  1.41175026e-03  7.22957991e-01  1.41175026e-03  1.11780725e+00  1.41175026e-03  5.66490728e-01  1.41175026e-03  6.34310885e-01  1.41175026e-03  6.71289299e-01  1.41175026e-03  5.83759080e-01  1.41175026e-03  8.35203923e-01  1.41175026e-03  8.10555808e-01  1.41175026e-03  8.91101800e-01  1.41175026e-03  9.55813989e-01  1.41175026e-03  7.73976645e-01  1.41175026e-03  9.11414898e-01  1.41175026e-03  7.44937723e-01  1.41175026e-03  7.84025111e-01  1.41175026e-03  1.12457870e+00  1.41175026e-03  6.16123513e-01  1.41175026e-03  6.45391236e-01  1.41175026e-03  6.03706307e-01  1.41175026e-03  8.29055170e-01  1.41175026e-03  7.22245678e-01  1.41175026e-03  8.67522571e-01  1.41175026e-03  7.95960837e-01  1.41175026e-03  7.71294581e-01  1.41175026e-03  6.75722480e-01 
 1.43175026e-03  7.01524681e-01  1.43175026e-03  7.61587172e-01  1.43175026e-03  9.66691413e-01  1.43175026e-03  5.24559704e-01  1.43175026e-03  7.82935858e-01  1.43175026e-03  7.60461740e-01  1.43175026e-03  7.26365415e-01  1.43175026e-03  1.12424277e+00  1.43175026e-03  5.71114785e-01  1.43175026e-03  6.39949289e-01  1.43175026e-03  6.74646976e-01  1.43175026e-03  5.87952640e-01  1.43175026e-03  8.41450053e-01  1.43175026e-03  8.15483543e-01  1.43175026e-03  8.95568527e-01  1.43175026e-03  9.61197853e-01  1.43175026e-03  7.77083909e-01  1.43175026e-03  9.15963772e-01  1.43175026e-03  7.48545849e-01  1.43175026e-03  7.88346717e-01  1.43175026e-03  1.13181058e+00  1.43175026e-03  6.20493902e-01  1.43175026e-03  6.49472912e-01  1.43175026e-03  6.08178497e-01  1.43175026e-03  8.33307406e-01  1.43175026e-03  7.26930736e-01  1.43175026e-03  8.73109327e-01  1.43175026e-03  7.99837002e-01  1.43175026e-03  7.76291886e-01  1.43175026e-03  6.80734883e-01 
 1.45175026e-03  7.06326616e-01  1.45175026e-03  7.66906042e-01  1.45175026e-03  9.71441450e-01  1.45175026e-03  5.28481866e-01  1.45175026e-03  7.88842242e-01  1.45175026e-03  7.64670390e-01  1.45175026e-03  7.29682822e-01  1.45175026e-03  1.13053593e+00  1.45175026e-03  5.75673289e-01  1.45175026e-03  6.45519283e-01  1.45175026e-03  6.77920174e-01  1.45175026e-03  5.92074244e-01  1.45175026e-03  8.47594811e-01  1.45175026e-03  8.20308171e-01  1.45175026e-03  8.99923079e-01  1.45175026e-03  9.66460039e-01  1.45175026e-03  7.80098740e-01  1.45175026e-03  9.20397989e-01  1.45175026e-03  7.52060733e-01  1.45175026e-03  7.92568616e-01  1.45175026e-03  1.13890019e+00  1.45175026e-03  6.24788031e-01  1.45175026e-03  6.53472769e-01  1.45175026e-03  6.12577121e-01  1.45175026e-03  8.37454937e-01  1.45175026e-03  7.31524541e-01  1.45175026e-03  8.78586359e-01  1.45175026e-03  8.03613442e-01  1.45175026e-03  7.81191724e-01  1.45175026e-03  6.85664988e-01 
 1.47175026e-03  7.11043575e-01  1.47175026e-03  7.72133197e-01  1.47175026e-03  9.76073243e-01  1.47175026e-03  5.32342494e-01  1.47175026e-03  7.94657169e-01  1.47175026e-03  7.68784902e-01  1.47175026e-03  7.32912589e-01  1.47175026e-03  1.13668986e+00  1.47175026e-03  5.80167169e-01  1.47175026e-03  6.51021698e-01  1.47175026e-03  6.81111021e-01  1.47175026e-03  5.96125127e-01  1.47175026e-03  8.53639843e-01  1.47175026e-03  8.25031849e-01  1.47175026e-03  9.04168271e-01  1.47175026e-03  9.71603297e-01  1.47175026e-03  7.83023889e-01  1.47175026e-03  9.24720439e-01  1.47175026e-03  7.55484785e-01  1.47175026e-03  7.96693109e-01  1.47175026e-03  1.14585033e+00  1.47175026e-03  6.29007231e-01  1.47175026e-03  6.57392447e-01  1.47175026e-03  6.16903388e-01  1.47175026e-03  8.41500340e-01  1.47175026e-03  7.36028871e-01  1.47175026e-03  8.83955820e-01  1.47175026e-03  8.07292723e-01  1.47175026e-03  7.85995996e-01  1.47175026e-03  6.90514148e-01 
 1.49175026e-03  7.15677061e-01  1.49175026e-03  7.77270218e-01  1.49175026e-03  9.80589734e-01  1.49175026e-03  5.36142554e-01  1.49175026e-03  8.00382057e-01  1.49175026e-03  7.72807382e-01  1.49175026e-03  7.36057032e-01  1.49175026e-03  1.14270765e+00  1.49175026e-03  5.84597342e-01  1.49175026e-03  6.56457353e-01  1.49175026e-03  6.84221588e-01  1.49175026e-03  6.00106502e-01  1.49175026e-03  8.59586765e-01  1.49175026e-03  8.29656691e-01  1.49175026e-03  9.08306851e-01  1.49175026e-03  9.76630314e-01  1.49175026e-03  7.85862024e-01  1.49175026e-03  9.28933939e-01  1.49175026e-03  7.58820352e-01  1.49175026e-03  8.00722444e-01  1.49175026e-03  1.15266374e+00  1.49175026e-03  6.33152808e-01  1.49175026e-03  6.61233553e-01  1.49175026e-03  6.21158489e-01  1.49175026e-03  8.45446132e-01  1.49175026e-03  7.40445468e-01  1.49175026e-03  8.89219824e-01  1.49175026e-03  8.10877345e-01  1.49175026e-03  7.90706566e-01  1.49175026e-03  6.95283691e-01 
 1.51175026e-03  7.20228551e-01  1.51175026e-03  7.82318661e-01  1.51175026e-03  9.84993795e-01  1.51175026e-03  5.39882995e-01  1.51175026e-03  8.06018300e-01  1.51175026e-03  7.76739889e-01  1.51175026e-03  7.39118405e-01  1.51175026e-03  1.14859230e+00  1.51175026e-03  5.88964711e-01  1.51175026e-03  6.61827060e-01  1.51175026e-03  6.87253895e-01  1.51175026e-03  6.04019561e-01  1.51175026e-03  8.65437172e-01  1.51175026e-03  8.34184763e-01  1.51175026e-03  9.12341495e-01  1.51175026e-03  9.81543718e-01  1.51175026e-03  7.88615731e-01  1.51175026e-03  9.33041235e-01  1.51175026e-03  7.62069721e-01  1.51175026e-03  8.04658816e-01  1.51175026e-03  1.15934313e+00  1.51175026e-03  6.37226049e-01  1.51175026e-03  6.64997662e-01  1.51175026e-03  6.25343595e-01  1.51175026e-03  8.49294763e-01  1.51175026e-03  7.44776041e-01  1.51175026e-03  8.94380442e-01  1.51175026e-03  8.14369744e-01  1.51175026e-03  7.95325260e-01  1.51175026e-03  6.99974924e-01 
 1.53175026e-03  7.24699496e-01  1.53175026e-03  7.87280052e-01  1.53175026e-03  9.89288224e-01  1.53175026e-03  5.43564752e-01  1.53175026e-03  8.11567270e-01  1.53175026e-03  7.80584435e-01  1.53175026e-03  7.42098903e-01  1.53175026e-03  1.15434678e+00  1.53175026e-03  5.93270165e-01  1.53175026e-03  6.67131617e-01  1.53175026e-03  6.90209910e-01  1.53175026e-03  6.07865478e-01  1.53175026e-03  8.71192628e-01  1.53175026e-03  8.38618090e-01  1.53175026e-03  9.16274815e-01  1.53175026e-03  9.86346077e-01  1.53175026e-03  7.91287524e-01  1.53175026e-03  9.37045004e-01  1.53175026e-03  7.65235119e-01  1.53175026e-03  8.08504370e-01  1.53175026e-03  1.16589111e+00  1.53175026e-03  6.41228214e-01  1.53175026e-03  6.68686319e-01  1.53175026e-03  6.29459857e-01  1.53175026e-03  8.53048628e-01  1.53175026e-03  7.49022267e-01  1.53175026e-03  8.99439704e-01  1.53175026e-03  8.17772290e-01  1.53175026e-03  7.99853872e-01  1.53175026e-03  7.04589134e-01 
 1.55175026e-03  7.29091322e-01  1.55175026e-03  7.92155892e-01  1.55175026e-03  9.93475751e-01  1.55175026e-03  5.47188748e-01  1.55175026e-03  8.17030318e-01  1.55175026e-03  7.84342987e-01  1.55175026e-03  7.45000661e-01  1.55175026e-03  1.15997395e+00  1.55175026e-03  5.97514584e-01  1.55175026e-03  6.72371816e-01  1.55175026e-03  6.93091554e-01  1.55175026e-03  6.11645403e-01  1.55175026e-03  8.76854676e-01  1.55175026e-03  8.42958656e-01  1.55175026e-03  9.20109354e-01  1.55175026e-03  9.91039900e-01  1.55175026e-03  7.93879839e-01  1.55175026e-03  9.40947855e-01  1.55175026e-03  7.68318716e-01  1.55175026e-03  8.12261200e-01  1.55175026e-03  1.17231028e+00  1.55175026e-03  6.45160545e-01  1.55175026e-03  6.72301034e-01  1.55175026e-03  6.33508407e-01  1.55175026e-03  8.56710059e-01  1.55175026e-03  7.53185786e-01  1.55175026e-03  9.04399602e-01  1.55175026e-03  8.21087298e-01  1.55175026e-03  8.04294158e-01  1.55175026e-03  7.09127585e-01 
 1.57175026e-03  7.33405429e-01  1.57175026e-03  7.96947657e-01  1.57175026e-03  9.97559036e-01  1.57175026e-03  5.50755887e-01  1.57175026e-03  8.22408776e-01  1.57175026e-03  7.88017470e-01  1.57175026e-03  7.47825761e-01  1.57175026e-03  1.16547663e+00  1.57175026e-03  6.01698832e-01  1.57175026e-03  6.77548437e-01  1.57175026e-03  6.95900696e-01  1.57175026e-03  6.15360470e-01  1.57175026e-03  8.82424831e-01  1.57175026e-03  8.47208400e-01  1.57175026e-03  9.23847593e-01  1.57175026e-03  9.95627640e-01  1.57175026e-03  7.96395039e-01  1.57175026e-03  9.44752333e-01  1.57175026e-03  7.71322626e-01  1.57175026e-03  8.15931355e-01  1.57175026e-03  1.17860318e+00  1.57175026e-03  6.49024260e-01  1.57175026e-03  6.75843291e-01  1.57175026e-03  6.37490360e-01  1.57175026e-03  8.60281333e-01  1.57175026e-03  7.57268212e-01  1.57175026e-03  9.09262086e-01  1.57175026e-03  8.24317017e-01  1.57175026e-03  8.08647841e-01  1.57175026e-03  7.13591520e-01 
 1.59175026e-03  7.37643192e-01  1.59175026e-03  8.01656796e-01  1.59175026e-03  1.00154067e+00  1.59175026e-03  5.54267061e-01  1.59175026e-03  8.27703952e-01  1.59175026e-03  7.91609762e-01  1.59175026e-03  7.50576227e-01  1.59175026e-03  1.17085757e+00  1.59175026e-03  6.05823761e-01  1.59175026e-03  6.82662252e-01  1.59175026e-03  6.98639163e-01  1.59175026e-03  6.19011791e-01  1.59175026e-03  8.87904584e-01  1.59175026e-03  8.51369224e-01  1.59175026e-03  9.27491952e-01  1.59175026e-03  1.00011169e+00  1.59175026e-03  7.98835420e-01  1.59175026e-03  9.48460916e-01  1.59175026e-03  7.74248909e-01  1.59175026e-03  8.19516833e-01  1.59175026e-03  1.18477228e+00  1.59175026e-03  6.52820555e-01  1.59175026e-03  6.79314542e-01  1.59175026e-03  6.41406811e-01  1.59175026e-03  8.63764669e-01  1.59175026e-03  7.61271123e-01  1.59175026e-03  9.14029069e-01  1.59175026e-03  8.27463644e-01  1.59175026e-03  8.12916609e-01  1.59175026e-03  7.17982164e-01 
 1.61175026e-03  7.41805962e-01  1.61175026e-03  8.06284734e-01  1.61175026e-03  1.00542320e+00  1.61175026e-03  5.57723150e-01  1.61175026e-03  8.32917136e-01  1.61175026e-03  7.95121704e-01  1.61175026e-03  7.53254030e-01  1.61175026e-03  1.17611947e+00  1.61175026e-03  6.09890214e-01  1.61175026e-03  6.87714022e-01  1.61175026e-03  7.01308730e-01  1.61175026e-03  6.22600460e-01  1.61175026e-03  8.93295403e-01  1.61175026e-03  8.55442987e-01  1.61175026e-03  9.31044787e-01  1.61175026e-03  1.00449441e+00  1.61175026e-03  8.01203206e-01  1.61175026e-03  9.52076022e-01  1.61175026e-03  7.77099570e-01  1.61175026e-03  8.23019589e-01  1.61175026e-03  1.19082002e+00  1.61175026e-03  6.56550609e-01  1.61175026e-03  6.82716210e-01  1.61175026e-03  6.45258837e-01  1.61175026e-03  8.67162233e-01  1.61175026e-03  7.65196067e-01  1.61175026e-03  9.18702429e-01  1.61175026e-03  8.30529315e-01  1.61175026e-03  8.17102120e-01  1.61175026e-03  7.22300719e-01 
 1.63175026e-03  7.45895066e-01  1.63175026e-03  8.10832871e-01  1.63175026e-03  1.00920907e+00  1.63175026e-03  5.61125016e-01  1.63175026e-03  8.38049599e-01  1.63175026e-03  7.98555092e-01  1.63175026e-03  7.55861092e-01  1.63175026e-03  1.18126497e+00  1.63175026e-03  6.13899019e-01  1.63175026e-03  6.92704501e-01  1.63175026e-03  7.03911133e-01  1.63175026e-03  6.26127552e-01  1.63175026e-03  8.98598731e-01  1.63175026e-03  8.59431512e-01  1.63175026e-03  9.34508397e-01  1.63175026e-03  1.00877807e+00  1.63175026e-03  8.03500558e-01  1.63175026e-03  9.55600008e-01  1.63175026e-03  7.79876564e-01  1.63175026e-03  8.26441531e-01  1.63175026e-03  1.19674879e+00  1.63175026e-03  6.60215575e-01  1.63175026e-03  6.86049691e-01  1.63175026e-03  6.49047498e-01  1.63175026e-03  8.70476137e-01  1.63175026e-03  7.69044564e-01  1.63175026e-03  9.23284002e-01  1.63175026e-03  8.33516114e-01  1.63175026e-03  8.21205996e-01  1.63175026e-03  7.26548369e-01 
 1.65175026e-03  7.49911808e-01  1.65175026e-03  8.15302583e-01  1.65175026e-03  1.01290070e+00  1.65175026e-03  5.64473511e-01  1.65175026e-03  8.43102589e-01  1.65175026e-03  8.01911683e-01  1.65175026e-03  7.58399280e-01  1.65175026e-03  1.18629663e+00  1.65175026e-03  6.17850993e-01  1.65175026e-03  6.97634431e-01  1.65175026e-03  7.06448061e-01  1.65175026e-03  6.29594124e-01  1.65175026e-03  9.03815989e-01  1.65175026e-03  8.63336581e-01  1.65175026e-03  9.37885022e-01  1.65175026e-03  1.01296492e+00  1.65175026e-03  8.05729569e-01  1.65175026e-03  9.59035168e-01  1.65175026e-03  7.82581794e-01  1.65175026e-03  8.29784523e-01  1.65175026e-03  1.20256092e+00  1.65175026e-03  6.63816591e-01  1.65175026e-03  6.89316350e-01  1.65175026e-03  6.52773836e-01  1.65175026e-03  8.73708441e-01  1.65175026e-03  7.72818102e-01  1.65175026e-03  9.27775593e-01  1.65175026e-03  8.36426070e-01  1.65175026e-03  8.25229831e-01  1.65175026e-03  7.30726279e-01 
 1.67175026e-03  7.53857468e-01  1.67175026e-03  8.19695223e-01  1.67175026e-03  1.01650043e+00  1.67175026e-03  5.67769472e-01  1.67175026e-03  8.48077338e-01  1.67175026e-03  8.05193195e-01  1.67175026e-03  7.60870413e-01  1.67175026e-03  1.19121698e+00  1.67175026e-03  6.21746942e-01  1.67175026e-03  7.02504549e-01  1.67175026e-03  7.08921161e-01  1.67175026e-03  6.33001214e-01  1.67175026e-03  9.08948572e-01  1.67175026e-03  8.67159942e-01  1.67175026e-03  9.41176848e-01  1.67175026e-03  1.01705714e+00  1.67175026e-03  8.07892274e-01  1.67175026e-03  9.62383744e-01  1.67175026e-03  7.85217115e-01  1.67175026e-03  8.33050387e-01  1.67175026e-03  1.20825872e+00  1.67175026e-03  6.67354771e-01  1.67175026e-03  6.92517527e-01  1.67175026e-03  6.56438878e-01  1.67175026e-03  8.76861154e-01  1.67175026e-03  7.76518142e-01  1.67175026e-03  9.32178967e-01  1.67175026e-03  8.39261159e-01  1.67175026e-03  8.29175185e-01  1.67175026e-03  7.34835593e-01 
 1.69175026e-03  7.57733304e-01  1.69175026e-03  8.24012120e-01  1.69175026e-03  1.02001056e+00  1.69175026e-03  5.71013724e-01  1.69175026e-03  8.52975056e-01  1.69175026e-03  8.08401307e-01  1.69175026e-03  7.63276265e-01  1.69175026e-03  1.19602847e+00  1.69175026e-03  6.25587660e-01  1.69175026e-03  7.07315578e-01  1.69175026e-03  7.11332039e-01  1.69175026e-03  6.36349843e-01  1.69175026e-03  9.13997855e-01  1.69175026e-03  8.70903304e-01  1.69175026e-03  9.44386004e-01  1.69175026e-03  1.02105688e+00  1.69175026e-03  8.09990645e-01  1.69175026e-03  9.65647916e-01  1.69175026e-03  7.87784334e-01  1.69175026e-03  8.36240903e-01  1.69175026e-03  1.21384444e+00  1.69175026e-03  6.70831213e-01  1.69175026e-03  6.95654536e-01  1.69175026e-03  6.60043630e-01  1.69175026e-03  8.79936236e-01  1.69175026e-03  7.80146114e-01  1.69175026e-03  9.36495859e-01  1.69175026e-03  8.42023307e-01  1.69175026e-03  8.33043589e-01  1.69175026e-03  7.38877437e-01 
 1.71175026e-03  7.61540553e-01  1.71175026e-03  8.28254579e-01  1.71175026e-03  1.02343330e+00  1.71175026e-03  5.74207077e-01  1.71175026e-03  8.57796937e-01  1.71175026e-03  8.11537661e-01  1.71175026e-03  7.65618558e-01  1.71175026e-03  1.20073352e+00  1.71175026e-03  6.29373930e-01  1.71175026e-03  7.12068237e-01  1.71175026e-03  7.13682260e-01  1.71175026e-03  6.39641013e-01  1.71175026e-03  9.18965190e-01  1.71175026e-03  8.74568340e-01  1.71175026e-03  9.47514567e-01  1.71175026e-03  1.02496622e+00  1.71175026e-03  8.12026595e-01  1.71175026e-03  9.68829814e-01  1.71175026e-03  7.90285211e-01  1.71175026e-03  8.39357808e-01  1.71175026e-03  1.21932026e+00  1.71175026e-03  6.74246994e-01  1.71175026e-03  6.98728661e-01  1.71175026e-03  6.63589085e-01  1.71175026e-03  8.82935598e-01  1.71175026e-03  7.83703423e-01  1.71175026e-03  9.40727965e-01  1.71175026e-03  8.44714393e-01  1.71175026e-03  8.36836543e-01  1.71175026e-03  7.42852920e-01 
 1.73175026e-03  7.65280426e-01  1.73175026e-03  8.32423884e-01  1.73175026e-03  1.02677084e+00  1.73175026e-03  5.77350329e-01  1.73175026e-03  8.62544156e-01  1.73175026e-03  8.14603862e-01  1.73175026e-03  7.67898972e-01  1.73175026e-03  1.20533449e+00  1.73175026e-03  6.33106524e-01  1.73175026e-03  7.16763233e-01  1.73175026e-03  7.15973351e-01  1.73175026e-03  6.42875711e-01  1.73175026e-03  9.23851908e-01  1.73175026e-03  8.78156690e-01  1.73175026e-03  9.50564559e-01  1.73175026e-03  1.02878721e+00  1.73175026e-03  8.14001982e-01  1.73175026e-03  9.71931509e-01  1.73175026e-03  7.92721459e-01  1.73175026e-03  8.42402802e-01  1.73175026e-03  1.22468837e+00  1.73175026e-03  6.77603172e-01  1.73175026e-03  7.01741165e-01  1.73175026e-03  6.67076218e-01  1.73175026e-03  8.85861105e-01  1.73175026e-03  7.87191446e-01  1.73175026e-03  9.44876953e-01  1.73175026e-03  8.47336242e-01  1.73175026e-03  8.40555520e-01  1.73175026e-03  7.46763131e-01 
 1.75175026e-03  7.68954118e-01  1.75175026e-03  8.36521297e-01  1.75175026e-03  1.03002530e+00  1.75175026e-03  5.80444268e-01  1.75175026e-03  8.67217867e-01  1.75175026e-03  8.17601480e-01  1.75175026e-03  7.70119142e-01  1.75175026e-03  1.20983366e+00  1.75175026e-03  6.36786203e-01  1.75175026e-03  7.21401266e-01  1.75175026e-03  7.18206800e-01  1.75175026e-03  6.46054906e-01  1.75175026e-03  9.28659316e-01  1.75175026e-03  8.81669958e-01  1.75175026e-03  9.53537954e-01  1.75175026e-03  1.03252184e+00  1.75175026e-03  8.15918606e-01  1.75175026e-03  9.74955024e-01  1.75175026e-03  7.95094749e-01  1.75175026e-03  8.45377543e-01  1.75175026e-03  1.22995088e+00  1.75175026e-03  6.80900787e-01  1.75175026e-03  7.04693281e-01  1.75175026e-03  6.70505989e-01  1.75175026e-03  8.88714576e-01  1.75175026e-03  7.90611530e-01  1.75175026e-03  9.48944453e-01  1.75175026e-03  8.49890638e-01  1.75175026e-03  8.44201962e-01  1.75175026e-03  7.50609141e-01 
 1.77175026e-03  7.72562799e-01  1.77175026e-03  8.40548057e-01  1.77175026e-03  1.03319874e+00  1.77175026e-03  5.83489667e-01  1.77175026e-03  8.71819209e-01  1.77175026e-03  8.20532048e-01  1.77175026e-03  7.72280660e-01  1.77175026e-03  1.21423330e+00  1.77175026e-03  6.40413718e-01  1.77175026e-03  7.25983027e-01  1.77175026e-03  7.20384056e-01  1.77175026e-03  6.49179550e-01  1.77175026e-03  9.33388701e-01  1.77175026e-03  8.85109715e-01  1.77175026e-03  9.56436677e-01  1.77175026e-03  1.03617206e+00  1.77175026e-03  8.17778216e-01  1.77175026e-03  9.77902330e-01  1.77175026e-03  7.97406708e-01  1.77175026e-03  8.48283652e-01  1.77175026e-03  1.23510986e+00  1.77175026e-03  6.84140861e-01  1.77175026e-03  7.07586221e-01  1.77175026e-03  6.73879341e-01  1.77175026e-03  8.91497784e-01  1.77175026e-03  7.93965001e-01  1.77175026e-03  9.52932067e-01  1.77175026e-03  8.52379315e-01  1.77175026e-03  8.47777284e-01  1.77175026e-03  7.54392005e-01 
 1.79175026e-03  7.76107620e-01  1.79175026e-03  8.44505382e-01  1.79175026e-03  1.03629319e+00  1.79175026e-03  5.86487287e-01  1.79175026e-03  8.76349304e-01  1.79175026e-03  8.23397066e-01  1.79175026e-03  7.74385074e-01  1.79175026e-03  1.21853561e+00  1.79175026e-03  6.43989807e-01  1.79175026e-03  7.30509200e-01  1.79175026e-03  7.22506533e-01  1.79175026e-03  6.52250579e-01  1.79175026e-03  9.38041330e-01  1.79175026e-03  8.88477499e-01  1.79175026e-03  9.59262602e-01  1.79175026e-03  1.03973979e+00  1.79175026e-03  8.19582508e-01  1.79175026e-03  9.80775346e-01  1.79175026e-03  7.99658921e-01  1.79175026e-03  8.51122712e-01  1.79175026e-03  1.24016735e+00  1.79175026e-03  6.87324399e-01  1.79175026e-03  7.10421171e-01  1.79175026e-03  6.77197202e-01  1.79175026e-03  8.94212460e-01  1.79175026e-03  7.97253154e-01  1.79175026e-03  9.56841363e-01  1.79175026e-03  8.54803965e-01  1.79175026e-03  8.51282873e-01  1.79175026e-03  7.58112759e-01 
 1.81175026e-03  7.79589710e-01  1.81175026e-03  8.48394471e-01  1.81175026e-03  1.03931061e+00  1.81175026e-03  5.89437877e-01  1.81175026e-03  8.80809253e-01  1.81175026e-03  8.26198000e-01  1.81175026e-03  7.76433894e-01  1.81175026e-03  1.22274274e+00  1.81175026e-03  6.47515199e-01  1.81175026e-03  7.34980457e-01  1.81175026e-03  7.24575610e-01  1.81175026e-03  6.55268914e-01  1.81175026e-03  9.42618449e-01  1.81175026e-03  8.91774817e-01  1.81175026e-03  9.62017557e-01  1.81175026e-03  1.04322689e+00  1.81175026e-03  8.21333128e-01  1.81175026e-03  9.83575947e-01  1.81175026e-03  8.01852932e-01  1.81175026e-03  8.53896271e-01  1.81175026e-03  1.24512536e+00  1.81175026e-03  6.90452386e-01  1.81175026e-03  7.13199293e-01  1.81175026e-03  6.80460485e-01  1.81175026e-03  8.96860291e-01  1.81175026e-03  8.00477263e-01  1.81175026e-03  9.60673880e-01  1.81175026e-03  8.57166233e-01  1.81175026e-03  8.54720089e-01  1.81175026e-03  7.61772424e-01 
 1.83175026e-03  7.83010180e-01  1.83175026e-03  8.52216498e-01  1.83175026e-03  1.04225291e+00  1.83175026e-03  5.92342177e-01  1.83175026e-03  8.85200144e-01  1.83175026e-03  8.28936284e-01  1.83175026e-03  7.78428588e-01  1.83175026e-03  1.22685680e+00  1.83175026e-03  6.50990614e-01  1.83175026e-03  7.39397466e-01  1.83175026e-03  7.26592630e-01  1.83175026e-03  6.58235457e-01  1.83175026e-03  9.47121283e-01  1.83175026e-03  8.95003142e-01  1.83175026e-03  9.64703325e-01  1.83175026e-03  1.04663518e+00  1.83175026e-03  8.23031672e-01  1.83175026e-03  9.86305957e-01  1.83175026e-03  8.03990246e-01  1.83175026e-03  8.56605839e-01  1.83175026e-03  1.24998582e+00  1.83175026e-03  6.93525792e-01  1.83175026e-03  7.15921727e-01  1.83175026e-03  6.83670087e-01  1.83175026e-03  8.99442923e-01  1.83175026e-03  8.03638575e-01  1.83175026e-03  9.64431125e-01  1.83175026e-03  8.59467727e-01  1.83175026e-03  8.58090266e-01  1.83175026e-03  7.65372002e-01 
 1.85175026e-03  7.86370120e-01  1.85175026e-03  8.55972621e-01  1.85175026e-03  1.04512196e+00  1.85175026e-03  5.95200911e-01  1.85175026e-03  8.89523045e-01  1.85175026e-03  8.31613319e-01  1.85175026e-03  7.80370586e-01  1.85175026e-03  1.23087984e+00  1.85175026e-03  6.54416760e-01  1.85175026e-03  7.43760884e-01  1.85175026e-03  7.28558903e-01  1.85175026e-03  6.61151099e-01  1.85175026e-03  9.51551038e-01  1.85175026e-03  8.98163918e-01  1.85175026e-03  9.67321643e-01  1.85175026e-03  1.04996643e+00  1.85175026e-03  8.24679688e-01  1.85175026e-03  9.88967155e-01  1.85175026e-03  8.06072326e-01  1.85175026e-03  8.59252894e-01  1.85175026e-03  1.25475068e+00  1.85175026e-03  6.96545569e-01  1.85175026e-03  7.18589588e-01  1.85175026e-03  6.86826893e-01  1.85175026e-03  9.01961961e-01  1.85175026e-03  8.06738313e-01  1.85175026e-03  9.68114577e-01  1.85175026e-03  8.61710008e-01  1.85175026e-03  8.61394711e-01  1.85175026e-03  7.68912479e-01 
 1.87175026e-03  7.89670601e-01  1.87175026e-03  8.59663977e-01  1.87175026e-03  1.04791960e+00  1.87175026e-03  5.98014795e-01  1.87175026e-03  8.93779009e-01  1.87175026e-03  8.34230475e-01  1.87175026e-03  7.82261281e-01  1.87175026e-03  1.23481388e+00  1.87175026e-03  6.57794335e-01  1.87175026e-03  7.48071363e-01  1.87175026e-03  7.30475705e-01  1.87175026e-03  6.64016711e-01  1.87175026e-03  9.55908900e-01  1.87175026e-03  9.01258559e-01  1.87175026e-03  9.69874206e-01  1.87175026e-03  1.05322240e+00  1.87175026e-03  8.26278681e-01  1.87175026e-03  9.91561276e-01  1.87175026e-03  8.08100601e-01  1.87175026e-03  8.61838877e-01  1.87175026e-03  1.25942179e+00  1.87175026e-03  6.99512653e-01  1.87175026e-03  7.21203970e-01  1.87175026e-03  6.89931770e-01  1.87175026e-03  9.04418971e-01  1.87175026e-03  8.09777676e-01  1.87175026e-03  9.71725686e-01  1.87175026e-03  8.63894600e-01  1.87175026e-03  8.64634706e-01  1.87175026e-03  7.72394827e-01 
 1.89175026e-03  7.92912676e-01  1.89175026e-03  8.63291681e-01  1.89175026e-03  1.05064760e+00  1.89175026e-03  6.00784532e-01  1.89175026e-03  8.97969073e-01  1.89175026e-03  8.36789092e-01  1.89175026e-03  7.84102026e-01  1.89175026e-03  1.23866089e+00  1.89175026e-03  6.61124028e-01  1.89175026e-03  7.52329544e-01  1.89175026e-03  7.32344282e-01  1.89175026e-03  6.66833154e-01  1.89175026e-03  9.60196035e-01  1.89175026e-03  9.04288448e-01  1.89175026e-03  9.72362664e-01  1.89175026e-03  1.05640479e+00  1.89175026e-03  8.27830109e-01  1.89175026e-03  9.94090010e-01  1.89175026e-03  8.10076460e-01  1.89175026e-03  8.64365197e-01  1.89175026e-03  1.26400102e+00  1.89175026e-03  7.02427965e-01  1.89175026e-03  7.23765946e-01  1.89175026e-03  6.92985573e-01  1.89175026e-03  9.06815481e-01  1.89175026e-03  8.12757840e-01  1.89175026e-03  9.75265872e-01  1.89175026e-03  8.66022988e-01  1.89175026e-03  8.67811508e-01  1.89175026e-03  7.75819999e-01 
 1.91175026e-03  7.96097378e-01  1.91175026e-03  8.66856832e-01  1.91175026e-03  1.05330768e+00  1.91175026e-03  6.03510816e-01  1.91175026e-03  9.02094257e-01  1.91175026e-03  8.39290478e-01  1.91175026e-03  7.85894143e-01  1.91175026e-03  1.24242279e+00  1.91175026e-03  6.64406517e-01  1.91175026e-03  7.56536061e-01  1.91175026e-03  7.34165846e-01  1.91175026e-03  6.69601270e-01  1.91175026e-03  9.64413591e-01  1.91175026e-03  9.07254941e-01  1.91175026e-03  9.74788627e-01  1.91175026e-03  1.05951525e+00  1.91175026e-03  8.29335386e-01  1.91175026e-03  9.96555007e-01  1.91175026e-03  8.12001259e-01  1.91175026e-03  8.66833231e-01  1.91175026e-03  1.26849016e+00  1.91175026e-03  7.05292406e-01  1.91175026e-03  7.26276566e-01  1.91175026e-03  6.95989141e-01  1.91175026e-03  9.09152980e-01  1.91175026e-03  8.15679958e-01  1.91175026e-03  9.78736527e-01  1.91175026e-03  8.68096617e-01  1.91175026e-03  8.70926350e-01  1.91175026e-03  7.79188934e-01 
 1.93175026e-03  7.99225722e-01  1.93175026e-03  8.70360508e-01  1.93175026e-03  1.05590155e+00  1.93175026e-03  6.06194327e-01  1.93175026e-03  9.06155566e-01  1.93175026e-03  8.41735914e-01  1.93175026e-03  7.87638915e-01  1.93175026e-03  1.24610147e+00  1.93175026e-03  6.67642473e-01  1.93175026e-03  7.60691543e-01  1.93175026e-03  7.35941581e-01  1.93175026e-03  6.72321889e-01  1.93175026e-03  9.68562699e-01  1.93175026e-03  9.10159363e-01  1.93175026e-03  9.77153666e-01  1.93175026e-03  1.06255541e+00  1.93175026e-03  8.30795885e-01  1.93175026e-03  9.98957871e-01  1.93175026e-03  8.13876318e-01  1.93175026e-03  8.69244323e-01  1.93175026e-03  1.27289100e+00  1.93175026e-03  7.08106865e-01  1.93175026e-03  7.28736860e-01  1.93175026e-03  6.98943301e-01  1.93175026e-03  9.11432922e-01  1.93175026e-03  8.18545161e-01  1.93175026e-03  9.82139018e-01  1.93175026e-03  8.70116897e-01  1.93175026e-03  8.73980441e-01  1.93175026e-03  7.82502557e-01 
 1.95175026e-03  8.02298706e-01  1.95175026e-03  8.73803769e-01  1.95175026e-03  1.05843085e+00  1.95175026e-03  6.08835737e-01  1.95175026e-03  9.10153989e-01  1.95175026e-03  8.44126651e-01  1.95175026e-03  7.89337594e-01  1.95175026e-03  1.24969877e+00  1.95175026e-03  6.70832554e-01  1.95175026e-03  7.64796607e-01  1.95175026e-03  7.37672639e-01  1.95175026e-03  6.74995825e-01  1.95175026e-03  9.72644468e-01  1.95175026e-03  9.13003013e-01  1.95175026e-03  9.79459310e-01  1.95175026e-03  1.06552686e+00  1.95175026e-03  8.32212939e-01  1.95175026e-03  1.00130017e+00  1.95175026e-03  8.15702920e-01  1.95175026e-03  8.71599788e-01  1.95175026e-03  1.27720525e+00  1.95175026e-03  7.10872213e-01  1.95175026e-03  7.31147836e-01  1.95175026e-03  7.01848866e-01  1.95175026e-03  9.13656724e-01  1.95175026e-03  8.21354558e-01  1.95175026e-03  9.85474684e-01  1.95175026e-03  8.72085200e-01  1.95175026e-03  8.76974964e-01  1.95175026e-03  7.85761773e-01 
 1.97175026e-03  8.05317310e-01  1.97175026e-03  8.77187657e-01  1.97175026e-03  1.06089718e+00  1.97175026e-03  6.11435707e-01  1.97175026e-03  9.14090499e-01  1.97175026e-03  8.46463913e-01  1.97175026e-03  7.90991397e-01  1.97175026e-03  1.25321648e+00  1.97175026e-03  6.73977411e-01  1.97175026e-03  7.68851865e-01  1.97175026e-03  7.39360144e-01  1.97175026e-03  6.77623881e-01  1.97175026e-03  9.76659991e-01  1.97175026e-03  9.15787164e-01  1.97175026e-03  9.81707050e-01  1.97175026e-03  1.06843116e+00  1.97175026e-03  8.33587839e-01  1.97175026e-03  1.00358343e+00  1.97175026e-03  8.17482319e-01  1.97175026e-03  8.73900909e-01  1.97175026e-03  1.28143464e+00  1.97175026e-03  7.13589308e-01  1.97175026e-03  7.33510482e-01  1.97175026e-03  7.04706636e-01  1.97175026e-03  9.15825767e-01  1.97175026e-03  8.24109235e-01  1.97175026e-03  9.88744836e-01  1.97175026e-03  8.74002863e-01  1.97175026e-03  8.79911082e-01  1.97175026e-03  7.88967478e-01 
 1.99175026e-03  8.08282495e-01  1.99175026e-03  8.80513196e-01  1.99175026e-03  1.06330212e+00  1.99175026e-03  6.13994886e-01  1.99175026e-03  9.17966055e-01  1.99175026e-03  8.48748897e-01  1.99175026e-03  7.92601510e-01  1.99175026e-03  1.25665637e+00  1.99175026e-03  6.77077684e-01  1.99175026e-03  7.72857922e-01  1.99175026e-03  7.41005193e-01  1.99175026e-03  6.80206842e-01  1.99175026e-03  9.80610344e-01  1.99175026e-03  9.18513060e-01  1.99175026e-03  9.83898341e-01  1.99175026e-03  1.07126981e+00  1.99175026e-03  8.34921840e-01  1.99175026e-03  1.00580914e+00  1.99175026e-03  8.19215735e-01  1.99175026e-03  8.76148939e-01  1.99175026e-03  1.28558083e+00  1.99175026e-03  7.16258993e-01  1.99175026e-03  7.35825769e-01  1.99175026e-03  7.07517395e-01  1.99175026e-03  9.17941401e-01  1.99175026e-03  8.26810258e-01  1.99175026e-03  9.91950762e-01  1.99175026e-03  8.75871189e-01  1.99175026e-03  8.82789935e-01  1.99175026e-03  7.92120550e-01 
 2.01175026e-03  8.11195207e-01  2.01175026e-03  8.83781392e-01  2.01175026e-03  1.06564719e+00  2.01175026e-03  6.16513914e-01  2.01175026e-03  9.21781602e-01  2.01175026e-03  8.50982770e-01  2.01175026e-03  7.94169087e-01  2.01175026e-03  1.26002016e+00  2.01175026e-03  6.80134007e-01  2.01175026e-03  7.76815375e-01  2.01175026e-03  7.42608853e-01  2.01175026e-03  6.82745483e-01  2.01175026e-03  9.84496584e-01  2.01175026e-03  9.21181919e-01  2.01175026e-03  9.86034601e-01  2.01175026e-03  1.07404431e+00  2.01175026e-03  8.36216158e-01  2.01175026e-03  1.00797875e+00  2.01175026e-03  8.20904356e-01  2.01175026e-03  8.78345104e-01  2.01175026e-03  1.28964545e+00  2.01175026e-03  7.18882093e-01  2.01175026e-03  7.38094644e-01  2.01175026e-03  7.10281919e-01  2.01175026e-03  9.20004941e-01  2.01175026e-03  8.29458672e-01  2.01175026e-03  9.95093723e-01  2.01175026e-03  8.77691447e-01  2.01175026e-03  8.85612638e-01  2.01175026e-03  7.95221852e-01 
 2.03175026e-03  8.14056375e-01  2.03175026e-03  8.86993233e-01  2.03175026e-03  1.06793389e+00  2.03175026e-03  6.18993422e-01  2.03175026e-03  9.25538068e-01  2.03175026e-03  8.53166677e-01  2.03175026e-03  7.95695251e-01  2.03175026e-03  1.26330954e+00  2.03175026e-03  6.83147002e-01  2.03175026e-03  7.80724813e-01  2.03175026e-03  7.44172166e-01  2.03175026e-03  6.85240564e-01  2.03175026e-03  9.88319752e-01  2.03175026e-03  9.23794936e-01  2.03175026e-03  9.88117211e-01  2.03175026e-03  1.07675611e+00  2.03175026e-03  8.37471974e-01  2.03175026e-03  1.01009367e+00  2.03175026e-03  8.22549338e-01  2.03175026e-03  8.80490600e-01  2.03175026e-03  1.29363012e+00  2.03175026e-03  7.21459422e-01  2.03175026e-03  7.40318039e-01  2.03175026e-03  7.13000967e-01  2.03175026e-03  9.22017668e-01  2.03175026e-03  8.32055502e-01  2.03175026e-03  9.98174956e-01  2.03175026e-03  8.79464874e-01  2.03175026e-03  8.88380287e-01  2.03175026e-03  7.98272235e-01 
 2.05175026e-03  8.16866911e-01  2.05175026e-03  8.90149691e-01  2.05175026e-03  1.07016366e+00  2.05175026e-03  6.21434029e-01  2.05175026e-03  9.29236368e-01  2.05175026e-03  8.55301735e-01  2.05175026e-03  7.97181097e-01  2.05175026e-03  1.26652614e+00  2.05175026e-03  6.86117284e-01  2.05175026e-03  7.84586819e-01  2.05175026e-03  7.45696146e-01  2.05175026e-03  6.87692832e-01  2.05175026e-03  9.92080872e-01  2.05175026e-03  9.26353279e-01  2.05175026e-03  9.90147519e-01  2.05175026e-03  1.07940662e+00  2.05175026e-03  8.38690433e-01  2.05175026e-03  1.01215528e+00  2.05175026e-03  8.24151811e-01  2.05175026e-03  8.82586595e-01  2.05175026e-03  1.29753639e+00  2.05175026e-03  7.23991778e-01  2.05175026e-03  7.42496865e-01  2.05175026e-03  7.15675287e-01  2.05175026e-03  9.23980836e-01  2.05175026e-03  8.34601753e-01  2.05175026e-03  1.00119567e+00  2.05175026e-03  8.81192675e-01  2.05175026e-03  8.91093956e-01  2.05175026e-03  8.01272535e-01 
 2.07175026e-03  8.19627711e-01  2.07175026e-03  8.93251722e-01  2.07175026e-03  1.07233793e+00  2.07175026e-03  6.23836346e-01  2.07175026e-03  9.32877402e-01  2.07175026e-03  8.57389037e-01  2.07175026e-03  7.98627690e-01  2.07175026e-03  1.26967159e+00  2.07175026e-03  6.89045457e-01  2.07175026e-03  7.88401969e-01  2.07175026e-03  7.47181784e-01  2.07175026e-03  6.90103023e-01  2.07175026e-03  9.95780950e-01  2.07175026e-03  9.28858091e-01  2.07175026e-03  9.92126839e-01  2.07175026e-03  1.08199723e+00  2.07175026e-03  8.39872646e-01  2.07175026e-03  1.01416493e+00  2.07175026e-03  8.25712873e-01  2.07175026e-03  8.84634233e-01  2.07175026e-03  1.30136583e+00  2.07175026e-03  7.26479947e-01  2.07175026e-03  7.44632016e-01  2.07175026e-03  7.18305615e-01  2.07175026e-03  9.25895663e-01  2.07175026e-03  8.37098409e-01  2.07175026e-03  1.00415706e+00  2.07175026e-03  8.82876024e-01  2.07175026e-03  8.93754698e-01  2.07175026e-03  8.04223574e-01 
 2.09175026e-03  8.22339654e-01  2.09175026e-03  8.96300264e-01  2.09175026e-03  1.07445807e+00  2.09175026e-03  6.26200974e-01  2.09175026e-03  9.36462058e-01  2.09175026e-03  8.59429650e-01  2.09175026e-03  8.00036067e-01  2.09175026e-03  1.27274744e+00  2.09175026e-03  6.91932119e-01  2.09175026e-03  7.92170830e-01  2.09175026e-03  7.48630044e-01  2.09175026e-03  6.92471858e-01  2.09175026e-03  9.99420977e-01  2.09175026e-03  9.31310494e-01  2.09175026e-03  9.94056450e-01  2.09175026e-03  1.08452928e+00  2.09175026e-03  8.41019692e-01  2.09175026e-03  1.01612393e+00  2.09175026e-03  8.27233593e-01  2.09175026e-03  8.86634629e-01  2.09175026e-03  1.30511992e+00  2.09175026e-03  7.28924699e-01  2.09175026e-03  7.46724366e-01  2.09175026e-03  7.20892675e-01  2.09175026e-03  9.27763340e-01  2.09175026e-03  8.39546437e-01  2.09175026e-03  1.00706029e+00  2.09175026e-03  8.84516065e-01  2.09175026e-03  8.96363545e-01  2.09175026e-03  8.07126161e-01 
 2.11175026e-03  8.25003606e-01  2.11175026e-03  8.99296239e-01  2.11175026e-03  1.07652543e+00  2.11175026e-03  6.28528503e-01  2.11175026e-03  9.39991209e-01  2.11175026e-03  8.61424620e-01  2.11175026e-03  8.01407237e-01  2.11175026e-03  1.27575526e+00  2.11175026e-03  6.94777858e-01  2.11175026e-03  7.95893965e-01  2.11175026e-03  7.50041867e-01  2.11175026e-03  6.94800047e-01  2.11175026e-03  1.00300193e+00  2.11175026e-03  9.33711582e-01  2.11175026e-03  9.95937602e-01  2.11175026e-03  1.08700411e+00  2.11175026e-03  8.42132617e-01  2.11175026e-03  1.01803354e+00  2.11175026e-03  8.28715014e-01  2.11175026e-03  8.88588872e-01  2.11175026e-03  1.30880017e+00  2.11175026e-03  7.31326792e-01  2.11175026e-03  7.48774775e-01  2.11175026e-03  7.23437178e-01  2.11175026e-03  9.29585028e-01  2.11175026e-03  8.41946784e-01  2.11175026e-03  1.00990649e+00  2.11175026e-03  8.86113910e-01  2.11175026e-03  8.98921509e-01  2.11175026e-03  8.09981091e-01 
 2.13175026e-03  8.27620416e-01  2.13175026e-03  9.02240553e-01  2.13175026e-03  1.07854133e+00  2.13175026e-03  6.30819516e-01  2.13175026e-03  9.43465713e-01  2.13175026e-03  8.63374968e-01  2.13175026e-03  8.02742183e-01  2.13175026e-03  1.27869653e+00  2.13175026e-03  6.97583255e-01  2.13175026e-03  7.99571929e-01  2.13175026e-03  7.51418169e-01  2.13175026e-03  6.97088287e-01  2.13175026e-03  1.00652476e+00  2.13175026e-03  9.36062431e-01  2.13175026e-03  9.97771511e-01  2.13175026e-03  1.08942301e+00  2.13175026e-03  8.43212435e-01  2.13175026e-03  1.01989503e+00  2.13175026e-03  8.30158153e-01  2.13175026e-03  8.90498028e-01  2.13175026e-03  1.31240802e+00  2.13175026e-03  7.33686970e-01  2.13175026e-03  7.50784082e-01  2.13175026e-03  7.25939825e-01  2.13175026e-03  9.31361860e-01  2.13175026e-03  8.44300379e-01  2.13175026e-03  1.01269680e+00  2.13175026e-03  8.87670647e-01  2.13175026e-03  9.01429582e-01  2.13175026e-03  8.12789147e-01 
 2.15175026e-03  8.30190918e-01  2.15175026e-03  9.05134098e-01  2.15175026e-03  1.08050705e+00  2.15175026e-03  6.33074585e-01  2.15175026e-03  9.46886417e-01  2.15175026e-03  8.65281690e-01  2.15175026e-03  8.04041863e-01  2.15175026e-03  1.28157273e+00  2.15175026e-03  7.00348881e-01  2.15175026e-03  8.03205268e-01  2.15175026e-03  7.52759844e-01  2.15175026e-03  6.99337264e-01  2.15175026e-03  1.00999042e+00  2.15175026e-03  9.38364091e-01  2.15175026e-03  9.99559363e-01  2.15175026e-03  1.09178724e+00  2.15175026e-03  8.44260132e-01  2.15175026e-03  1.02170959e+00  2.15175026e-03  8.31563997e-01  2.15175026e-03  8.92363137e-01  2.15175026e-03  1.31594490e+00  2.15175026e-03  7.36005965e-01  2.15175026e-03  7.52753111e-01  2.15175026e-03  7.28401304e-01  2.15175026e-03  9.33094940e-01  2.15175026e-03  8.46608131e-01  2.15175026e-03  1.01543231e+00  2.15175026e-03  8.89187333e-01  2.15175026e-03  9.03888738e-01  2.15175026e-03  8.15551099e-01 
 2.17175026e-03  8.32715931e-01  2.17175026e-03  9.07977749e-01  2.17175026e-03  1.08242383e+00  2.17175026e-03  6.35294275e-01  2.17175026e-03  9.50254155e-01  2.17175026e-03  8.67145764e-01  2.17175026e-03  8.05307207e-01  2.17175026e-03  1.28438530e+00  2.17175026e-03  7.03075300e-01  2.17175026e-03  8.06794526e-01  2.17175026e-03  7.54067763e-01  2.17175026e-03  7.01547652e-01  2.17175026e-03  1.01339983e+00  2.17175026e-03  9.40617592e-01  2.17175026e-03  1.00130232e+00  2.17175026e-03  1.09409804e+00  2.17175026e-03  8.45276662e-01  2.17175026e-03  1.02347842e+00  2.17175026e-03  8.32933512e-01  2.17175026e-03  8.94185215e-01  2.17175026e-03  1.31941219e+00  2.17175026e-03  7.38284496e-01  2.17175026e-03  7.54682671e-01  2.17175026e-03  7.30822293e-01  2.17175026e-03  9.34785345e-01  2.17175026e-03  8.48870935e-01  2.17175026e-03  1.01811408e+00  2.17175026e-03  8.90664998e-01  2.17175026e-03  9.06299931e-01  2.17175026e-03  8.18267703e-01 
 2.19175026e-03  8.35196261e-01  2.19175026e-03  9.10772366e-01  2.19175026e-03  1.08429290e+00  2.19175026e-03  6.37479141e-01  2.19175026e-03  9.53569746e-01  2.19175026e-03  8.68968143e-01  2.19175026e-03  8.06539124e-01  2.19175026e-03  1.28713565e+00  2.19175026e-03  7.05763068e-01  2.19175026e-03  8.10340236e-01  2.19175026e-03  7.55342776e-01  2.19175026e-03  7.03720112e-01  2.19175026e-03  1.01675391e+00  2.19175026e-03  9.42823941e-01  2.19175026e-03  1.00300150e+00  2.19175026e-03  1.09635661e+00  2.19175026e-03  8.46262954e-01  2.19175026e-03  1.02520266e+00  2.19175026e-03  8.34267635e-01  2.19175026e-03  8.95965254e-01  2.19175026e-03  1.32281128e+00  2.19175026e-03  7.40523267e-01  2.19175026e-03  7.56573552e-01  2.19175026e-03  7.33203456e-01  2.19175026e-03  9.36434127e-01  2.19175026e-03  8.51089665e-01  2.19175026e-03  1.02074319e+00  2.19175026e-03  8.92104646e-01  2.19175026e-03  9.08664096e-01  2.19175026e-03  8.20939704e-01 
 2.21175026e-03  8.37632698e-01  2.21175026e-03  9.13518794e-01  2.21175026e-03  1.08611544e+00  2.21175026e-03  6.39629729e-01  2.21175026e-03  9.56833997e-01  2.21175026e-03  8.70749759e-01  2.21175026e-03  8.07738496e-01  2.21175026e-03  1.28982515e+00  2.21175026e-03  7.08412734e-01  2.21175026e-03  8.13842927e-01  2.21175026e-03  7.56585709e-01  2.21175026e-03  7.05855295e-01  2.21175026e-03  1.02005356e+00  2.21175026e-03  9.44984125e-01  2.21175026e-03  1.00465801e+00  2.21175026e-03  1.09856414e+00  2.21175026e-03  8.47219907e-01  2.21175026e-03  1.02688345e+00  2.21175026e-03  8.35567282e-01  2.21175026e-03  8.97704225e-01  2.21175026e-03  1.32614351e+00  2.21175026e-03  7.42722974e-01  2.21175026e-03  7.58426529e-01  2.21175026e-03  7.35545450e-01  2.21175026e-03  9.38042309e-01  2.21175026e-03  8.53265180e-01  2.21175026e-03  1.02332066e+00  2.21175026e-03  8.93507256e-01  2.21175026e-03  9.10982150e-01  2.21175026e-03  8.23567835e-01 
 2.23175026e-03  8.40026019e-01  2.23175026e-03  9.16217865e-01  2.23175026e-03  1.08789262e+00  2.23175026e-03  6.41746577e-01  2.23175026e-03  9.60047704e-01  2.23175026e-03  8.72491525e-01  2.23175026e-03  8.08906182e-01  2.23175026e-03  1.29245516e+00  2.23175026e-03  7.11024836e-01  2.23175026e-03  8.17303121e-01  2.23175026e-03  7.57797372e-01  2.23175026e-03  7.07953842e-01  2.23175026e-03  1.02329965e+00  2.23175026e-03  9.47099109e-01  2.23175026e-03  1.00627291e+00  2.23175026e-03  1.10072178e+00  2.23175026e-03  8.48148392e-01  2.23175026e-03  1.02852186e+00  2.23175026e-03  8.36833342e-01  2.23175026e-03  8.99403076e-01  2.23175026e-03  1.32941017e+00  2.23175026e-03  7.44884297e-01  2.23175026e-03  7.60242362e-01  2.23175026e-03  7.37848919e-01  2.23175026e-03  9.39610893e-01  2.23175026e-03  8.55398322e-01  2.23175026e-03  1.02584751e+00  2.23175026e-03  8.94873779e-01  2.23175026e-03  9.13254993e-01  2.23175026e-03  8.26152815e-01 
 2.25175026e-03  8.42376987e-01  2.25175026e-03  9.18870395e-01  2.25175026e-03  1.08962555e+00  2.25175026e-03  6.43830213e-01  2.25175026e-03  9.63211649e-01  2.25175026e-03  8.74194331e-01  2.25175026e-03  8.10043021e-01  2.25175026e-03  1.29502698e+00  2.25175026e-03  7.13599908e-01  2.25175026e-03  8.20721333e-01  2.25175026e-03  7.58978549e-01  2.25175026e-03  7.10016380e-01  2.25175026e-03  1.02649306e+00  2.25175026e-03  9.49169840e-01  2.25175026e-03  1.00784726e+00  2.25175026e-03  1.10283065e+00  2.25175026e-03  8.49049258e-01  2.25175026e-03  1.03011898e+00  2.25175026e-03  8.38066685e-01  2.25175026e-03  9.01062731e-01  2.25175026e-03  1.33261258e+00  2.25175026e-03  7.47007907e-01  2.25175026e-03  7.62021796e-01  2.25175026e-03  7.40114497e-01  2.25175026e-03  9.41140852e-01  2.25175026e-03  8.57489916e-01  2.25175026e-03  1.02832473e+00  2.25175026e-03  8.96205145e-01  2.25175026e-03  9.15483507e-01  2.25175026e-03  8.28695353e-01 
 2.27175026e-03  8.44686352e-01  2.27175026e-03  9.21477187e-01  2.27175026e-03  1.09131534e+00  2.27175026e-03  6.45881160e-01  2.27175026e-03  9.66326603e-01  2.27175026e-03  8.75859050e-01  2.27175026e-03  8.11149827e-01  2.27175026e-03  1.29754190e+00  2.27175026e-03  7.16138474e-01  2.27175026e-03  8.24098073e-01  2.27175026e-03  7.60130009e-01  2.27175026e-03  7.12043527e-01  2.27175026e-03  1.02963464e+00  2.27175026e-03  9.51197244e-01  2.27175026e-03  1.00938208e+00  2.27175026e-03  1.10489186e+00  2.27175026e-03  8.49923326e-01  2.27175026e-03  1.03167585e+00  2.27175026e-03  8.39268156e-01  2.27175026e-03  9.02684096e-01  2.27175026e-03  1.33575199e+00  2.27175026e-03  7.49094462e-01  2.27175026e-03  7.63765561e-01  2.27175026e-03  7.42342806e-01  2.27175026e-03  9.42633138e-01  2.27175026e-03  8.59540771e-01  2.27175026e-03  1.03075330e+00  2.27175026e-03  8.97502258e-01  2.27175026e-03  9.17668556e-01  2.27175026e-03  8.31196146e-01 
 2.29175026e-03  8.46954849e-01  2.29175026e-03  9.24039029e-01  2.29175026e-03  1.09296307e+00  2.29175026e-03  6.47899930e-01  2.29175026e-03  9.69393324e-01  2.29175026e-03  8.77486533e-01  2.29175026e-03  8.12227393e-01  2.29175026e-03  1.30000119e+00  2.29175026e-03  7.18641052e-01  2.29175026e-03  8.27433844e-01  2.29175026e-03  7.61252498e-01  2.29175026e-03  7.14035892e-01  2.29175026e-03  1.03272523e+00  2.29175026e-03  9.53182226e-01  2.29175026e-03  1.01087834e+00  2.29175026e-03  1.10690648e+00  2.29175026e-03  8.50771393e-01  2.29175026e-03  1.03319347e+00  2.29175026e-03  8.40438578e-01  2.29175026e-03  9.04268053e-01  2.29175026e-03  1.33882964e+00  2.29175026e-03  7.51144608e-01  2.29175026e-03  7.65474371e-01  2.29175026e-03  7.44534460e-01  2.29175026e-03  9.44088679e-01  2.29175026e-03  8.61551681e-01  2.29175026e-03  1.03313417e+00  2.29175026e-03  8.98765999e-01  2.29175026e-03  9.19810987e-01  2.29175026e-03  8.33655880e-01 
 2.31175026e-03  8.49183202e-01  2.31175026e-03  9.26556697e-01  2.31175026e-03  1.09456978e+00  2.31175026e-03  6.49887028e-01  2.31175026e-03  9.72412560e-01  2.31175026e-03  8.79077613e-01  2.31175026e-03  8.13276491e-01  2.31175026e-03  1.30240607e+00  2.31175026e-03  7.21108153e-01  2.31175026e-03  8.30729144e-01  2.31175026e-03  7.62346746e-01  2.31175026e-03  7.15994069e-01  2.31175026e-03  1.03576567e+00  2.31175026e-03  9.55125675e-01  2.31175026e-03  1.01233703e+00  2.31175026e-03  1.10887558e+00  2.31175026e-03  8.51594232e-01  2.31175026e-03  1.03467284e+00  2.31175026e-03  8.41578754e-01  2.31175026e-03  9.05815466e-01  2.31175026e-03  1.34184675e+00  2.31175026e-03  7.53158980e-01  2.31175026e-03  7.67148927e-01  2.31175026e-03  7.46690062e-01  2.31175026e-03  9.45508379e-01  2.31175026e-03  8.63523423e-01  2.31175026e-03  1.03546828e+00  2.31175026e-03  8.99997228e-01  2.31175026e-03  9.21911633e-01  2.31175026e-03  8.36075228e-01 
 2.33175026e-03  8.51372121e-01  2.33175026e-03  9.29030952e-01  2.33175026e-03  1.09613650e+00  2.33175026e-03  6.51842951e-01  2.33175026e-03  9.75385045e-01  2.33175026e-03  8.80633104e-01  2.33175026e-03  8.14297875e-01  2.33175026e-03  1.30475775e+00  2.33175026e-03  7.23540279e-01  2.33175026e-03  8.33984462e-01  2.33175026e-03  7.63413464e-01  2.33175026e-03  7.17918648e-01  2.33175026e-03  1.03875676e+00  2.33175026e-03  9.57028460e-01  2.33175026e-03  1.01375909e+00  2.33175026e-03  1.11080017e+00  2.33175026e-03  8.52392594e-01  2.33175026e-03  1.03611492e+00  2.33175026e-03  8.42689466e-01  2.33175026e-03  9.07327177e-01  2.33175026e-03  1.34480450e+00  2.33175026e-03  7.55138203e-01  2.33175026e-03  7.68789916e-01  2.33175026e-03  7.48810205e-01  2.33175026e-03  9.46893121e-01  2.33175026e-03  8.65456761e-01  2.33175026e-03  1.03775655e+00  2.33175026e-03  9.01196779e-01  2.33175026e-03  9.23971308e-01  2.33175026e-03  8.38454853e-01 
 2.35175026e-03  8.53522305e-01  2.35175026e-03  9.31462543e-01  2.35175026e-03  1.09766422e+00  2.35175026e-03  6.53768187e-01  2.35175026e-03  9.78311504e-01  2.35175026e-03  8.82153803e-01  2.35175026e-03  8.15292275e-01  2.35175026e-03  1.30705740e+00  2.35175026e-03  7.25937926e-01  2.35175026e-03  8.37200285e-01  2.35175026e-03  7.64453343e-01  2.35175026e-03  7.19810202e-01  2.35175026e-03  1.04169931e+00  2.35175026e-03  9.58891431e-01  2.35175026e-03  1.01514544e+00  2.35175026e-03  1.11268127e+00  2.35175026e-03  8.53167208e-01  2.35175026e-03  1.03752065e+00  2.35175026e-03  8.43771474e-01  2.35175026e-03  9.08804011e-01  2.35175026e-03  1.34770407e+00  2.35175026e-03  7.57082890e-01  2.35175026e-03  7.70398011e-01  2.35175026e-03  7.50895472e-01  2.35175026e-03  9.48243766e-01  2.35175026e-03  8.67352443e-01  2.35175026e-03  1.03999988e+00  2.35175026e-03  9.02365469e-01  2.35175026e-03  9.25990811e-01  2.35175026e-03  8.40795408e-01 
 2.37175026e-03  8.55634438e-01  2.37175026e-03  9.33852205e-01  2.37175026e-03  1.09915390e+00  2.37175026e-03  6.55663219e-01  2.37175026e-03  9.81192648e-01  2.37175026e-03  8.83640487e-01  2.37175026e-03  8.16260406e-01  2.37175026e-03  1.30930618e+00  2.37175026e-03  7.28301582e-01  2.37175026e-03  8.40377091e-01  2.37175026e-03  7.65467060e-01  2.37175026e-03  7.21669301e-01  2.37175026e-03  1.04459410e+00  2.37175026e-03  9.60715422e-01  2.37175026e-03  1.01649697e+00  2.37175026e-03  1.11451985e+00  2.37175026e-03  8.53918778e-01  2.37175026e-03  1.03889095e+00  2.37175026e-03  8.44825520e-01  2.37175026e-03  9.10246772e-01  2.37175026e-03  1.35054660e+00  2.37175026e-03  7.58993644e-01  2.37175026e-03  7.71973870e-01  2.37175026e-03  7.52946437e-01  2.37175026e-03  9.49561153e-01  2.37175026e-03  8.69211202e-01  2.37175026e-03  1.04219914e+00  2.37175026e-03  9.03504092e-01  2.37175026e-03  9.27970925e-01  2.37175026e-03  8.43097535e-01 
 2.39175026e-03  8.57709194e-01  2.39175026e-03  9.36200661e-01  2.39175026e-03  1.10060650e+00  2.39175026e-03  6.57528519e-01  2.39175026e-03  9.84029181e-01  2.39175026e-03  8.85093917e-01  2.39175026e-03  8.17202960e-01  2.39175026e-03  1.31150521e+00  2.39175026e-03  7.30631731e-01  2.39175026e-03  8.43515353e-01  2.39175026e-03  7.66455272e-01  2.39175026e-03  7.23496499e-01  2.39175026e-03  1.04744190e+00  2.39175026e-03  9.62501248e-01  2.39175026e-03  1.01781455e+00  2.39175026e-03  1.11631688e+00  2.39175026e-03  8.54647992e-01  2.39175026e-03  1.04022671e+00  2.39175026e-03  8.45852328e-01  2.39175026e-03  9.11656247e-01  2.39175026e-03  1.35333321e+00  2.39175026e-03  7.60871057e-01  2.39175026e-03  7.73518141e-01  2.39175026e-03  7.54963664e-01  2.39175026e-03  9.50846101e-01  2.39175026e-03  8.71033757e-01  2.39175026e-03  1.04435522e+00  2.39175026e-03  9.04613420e-01  2.39175026e-03  9.29912420e-01  2.39175026e-03  8.45361863e-01 
 2.41175026e-03  8.59747234e-01  2.41175026e-03  9.38508623e-01  2.41175026e-03  1.10202294e+00  2.41175026e-03  6.59364556e-01  2.41175026e-03  9.86821791e-01  2.41175026e-03  8.86514838e-01  2.41175026e-03  8.18120614e-01  2.41175026e-03  1.31365559e+00  2.41175026e-03  7.32928846e-01  2.41175026e-03  8.46615540e-01  2.41175026e-03  7.67418621e-01  2.41175026e-03  7.25292345e-01  2.41175026e-03  1.05024349e+00  2.41175026e-03  9.64249708e-01  2.41175026e-03  1.01909905e+00  2.41175026e-03  1.11807329e+00  2.41175026e-03  8.55355513e-01  2.41175026e-03  1.04152880e+00  2.41175026e-03  8.46852601e-01  2.41175026e-03  9.13033202e-01  2.41175026e-03  1.35606500e+00  2.41175026e-03  7.62715710e-01  2.41175026e-03  7.75031457e-01  2.41175026e-03  7.56947708e-01  2.41175026e-03  9.52099410e-01  2.41175026e-03  8.72820814e-01  2.41175026e-03  1.04646894e+00  2.41175026e-03  9.05694208e-01  2.41175026e-03  9.31816047e-01  2.41175026e-03  8.47589015e-01 
 2.43175026e-03  8.61749209e-01  2.43175026e-03  9.40776787e-01  2.43175026e-03  1.10340412e+00  2.43175026e-03  6.61171787e-01  2.43175026e-03  9.89571161e-01  2.43175026e-03  8.87903976e-01  2.43175026e-03  8.19014025e-01  2.43175026e-03  1.31575840e+00  2.43175026e-03  7.35193396e-01  2.43175026e-03  8.49678114e-01  2.43175026e-03  7.68357733e-01  2.43175026e-03  7.27057377e-01  2.43175026e-03  1.05299961e+00  2.43175026e-03  9.65961583e-01  2.43175026e-03  1.02035129e+00  2.43175026e-03  1.11979001e+00  2.43175026e-03  8.56041988e-01  2.43175026e-03  1.04279807e+00  2.43175026e-03  8.47827025e-01  2.43175026e-03  9.14378389e-01  2.43175026e-03  1.35874305e+00  2.43175026e-03  7.64528175e-01  2.43175026e-03  7.76514437e-01  2.43175026e-03  7.58899115e-01  2.43175026e-03  9.53321857e-01  2.43175026e-03  8.74573063e-01  2.43175026e-03  1.04854115e+00  2.43175026e-03  9.06747189e-01  2.43175026e-03  9.33682547e-01  2.43175026e-03  8.49779599e-01 
 2.45175026e-03  8.63715756e-01  2.45175026e-03  9.43005841e-01  2.45175026e-03  1.10475092e+00  2.45175026e-03  6.62950665e-01  2.45175026e-03  9.92277958e-01  2.45175026e-03  8.89262042e-01  2.45175026e-03  8.19883834e-01  2.45175026e-03  1.31781469e+00  2.45175026e-03  7.37425842e-01  2.45175026e-03  8.52703530e-01  2.45175026e-03  7.69273217e-01  2.45175026e-03  7.28792123e-01  2.45175026e-03  1.05571100e+00  2.45175026e-03  9.67637640e-01  2.45175026e-03  1.02157208e+00  2.45175026e-03  1.12146793e+00  2.45175026e-03  8.56708042e-01  2.45175026e-03  1.04403535e+00  2.45175026e-03  8.48776267e-01  2.45175026e-03  9.15692541e-01  2.45175026e-03  1.36136842e+00  2.45175026e-03  7.66309014e-01  2.45175026e-03  7.77967690e-01  2.45175026e-03  7.60818422e-01  2.45175026e-03  9.54514203e-01  2.45175026e-03  8.76291184e-01  2.45175026e-03  1.05057267e+00  2.45175026e-03  9.07773080e-01  2.45175026e-03  9.35512642e-01  2.45175026e-03  8.51934217e-01 
 2.47175026e-03  8.65647502e-01  2.47175026e-03  9.45196459e-01  2.47175026e-03  1.10606420e+00  2.47175026e-03  6.64701634e-01  2.47175026e-03  9.94942843e-01  2.47175026e-03  8.90589732e-01  2.47175026e-03  8.20730664e-01  2.47175026e-03  1.31982549e+00  2.47175026e-03  7.39626641e-01  2.47175026e-03  8.55692240e-01  2.47175026e-03  7.70165668e-01  2.47175026e-03  7.30497103e-01  2.47175026e-03  1.05837839e+00  2.47175026e-03  9.69278627e-01  2.47175026e-03  1.02276221e+00  2.47175026e-03  1.12310793e+00  2.47175026e-03  8.57354283e-01  2.47175026e-03  1.04524144e+00  2.47175026e-03  8.49700979e-01  2.47175026e-03  9.16976373e-01  2.47175026e-03  1.36394214e+00  2.47175026e-03  7.68058779e-01  2.47175026e-03  7.79391812e-01  2.47175026e-03  7.62706157e-01  2.47175026e-03  9.55677190e-01  2.47175026e-03  8.77975839e-01  2.47175026e-03  1.05256428e+00  2.47175026e-03  9.08772577e-01  2.47175026e-03  9.37307043e-01  2.47175026e-03  8.54053459e-01 
 2.49175026e-03  8.67545063e-01  2.49175026e-03  9.47349304e-01  2.49175026e-03  1.10734478e+00  2.49175026e-03  6.66425133e-01  2.49175026e-03  9.97566465e-01  2.49175026e-03  8.91887724e-01  2.49175026e-03  8.21555122e-01  2.49175026e-03  1.32179180e+00  2.49175026e-03  7.41796240e-01  2.49175026e-03  8.58644688e-01  2.49175026e-03  7.71035665e-01  2.49175026e-03  7.32172827e-01  2.49175026e-03  1.06100248e+00  2.49175026e-03  9.70885278e-01  2.49175026e-03  1.02392245e+00  2.49175026e-03  1.12471086e+00  2.49175026e-03  8.57981300e-01  2.49175026e-03  1.04641714e+00  2.49175026e-03  8.50601794e-01  2.49175026e-03  9.18230584e-01  2.49175026e-03  1.36646523e+00  2.49175026e-03  7.69778012e-01  2.49175026e-03  7.80787387e-01  2.49175026e-03  7.64562839e-01  2.49175026e-03  9.56811539e-01  2.49175026e-03  8.79627682e-01  2.49175026e-03  1.05451678e+00  2.49175026e-03  9.09746360e-01  2.49175026e-03  9.39066446e-01  2.49175026e-03  8.56137907e-01 
 2.51175026e-03  8.69409045e-01  2.51175026e-03  9.49465026e-01  2.51175026e-03  1.10859348e+00  2.51175026e-03  6.68121592e-01  2.51175026e-03  1.00014946e+00  2.51175026e-03  8.93156683e-01  2.51175026e-03  8.22357800e-01  2.51175026e-03  1.32371461e+00  2.51175026e-03  7.43935081e-01  2.51175026e-03  8.61561315e-01  2.51175026e-03  7.71883774e-01  2.51175026e-03  7.33819799e-01  2.51175026e-03  1.06358399e+00  2.51175026e-03  9.72458312e-01  2.51175026e-03  1.02505356e+00  2.51175026e-03  1.12627757e+00  2.51175026e-03  8.58589665e-01  2.51175026e-03  1.04756319e+00  2.51175026e-03  8.51479331e-01  2.51175026e-03  9.19455860e-01  2.51175026e-03  1.36893869e+00  2.51175026e-03  7.71467245e-01  2.51175026e-03  7.82154987e-01  2.51175026e-03  7.66388979e-01  2.51175026e-03  9.57917957e-01  2.51175026e-03  8.81247352e-01  2.51175026e-03  1.05643093e+00  2.51175026e-03  9.10695089e-01  2.51175026e-03  9.40791534e-01  2.51175026e-03  8.58188130e-01 
 2.53175026e-03  8.71240041e-01  2.53175026e-03  9.51544266e-01  2.53175026e-03  1.10981110e+00  2.53175026e-03  6.69791435e-01  2.53175026e-03  1.00269246e+00  2.53175026e-03  8.94397258e-01  2.53175026e-03  8.23139273e-01  2.53175026e-03  1.32559488e+00  2.53175026e-03  7.46043602e-01  2.53175026e-03  8.64442556e-01  2.53175026e-03  7.72710545e-01  2.53175026e-03  7.35438510e-01  2.53175026e-03  1.06612360e+00  2.53175026e-03  9.73998432e-01  2.53175026e-03  1.02615625e+00  2.53175026e-03  1.12780887e+00  2.53175026e-03  8.59179933e-01  2.53175026e-03  1.04868036e+00  2.53175026e-03  8.52334190e-01  2.53175026e-03  9.20652866e-01  2.53175026e-03  1.37136348e+00  2.53175026e-03  7.73127003e-01  2.53175026e-03  7.83495173e-01  2.53175026e-03  7.68185080e-01  2.53175026e-03  9.58997131e-01  2.53175026e-03  8.82835475e-01  2.53175026e-03  1.05830749e+00  2.53175026e-03  9.11619410e-01  2.53175026e-03  9.42482975e-01  2.53175026e-03  8.60204691e-01 
 2.55175026e-03  8.73038635e-01  2.55175026e-03  9.53587654e-01  2.55175026e-03  1.11099841e+00  2.55175026e-03  6.71435081e-01  2.55175026e-03  1.00519609e+00  2.55175026e-03  8.95610085e-01  2.55175026e-03  8.23900101e-01  2.55175026e-03  1.32743356e+00  2.55175026e-03  7.48122231e-01  2.55175026e-03  8.67288840e-01  2.55175026e-03  7.73516514e-01  2.55175026e-03  7.37029447e-01  2.55175026e-03  1.06862199e+00  2.55175026e-03  9.75506327e-01  2.55175026e-03  1.02723126e+00  2.55175026e-03  1.12930556e+00  2.55175026e-03  8.59752642e-01  2.55175026e-03  1.04976938e+00  2.55175026e-03  8.53166957e-01  2.55175026e-03  9.21822256e-01  2.55175026e-03  1.37374058e+00  2.55175026e-03  7.74757799e-01  2.55175026e-03  7.84808494e-01  2.55175026e-03  7.69951635e-01  2.55175026e-03  9.60049732e-01  2.55175026e-03  8.84392665e-01  2.55175026e-03  1.06014719e+00  2.55175026e-03  9.12519950e-01  2.55175026e-03  9.44141427e-01  2.55175026e-03  8.62188143e-01 
 2.57175026e-03  8.74805400e-01  2.57175026e-03  9.55595806e-01  2.57175026e-03  1.11215616e+00  2.57175026e-03  6.73052939e-01  2.57175026e-03  1.00766094e+00  2.57175026e-03  8.96795784e-01  2.57175026e-03  8.24640829e-01  2.57175026e-03  1.32923156e+00  2.57175026e-03  7.50171392e-01  2.57175026e-03  8.70100590e-01  2.57175026e-03  7.74302206e-01  2.57175026e-03  7.38593085e-01  2.57175026e-03  1.07107984e+00  2.57175026e-03  9.76982672e-01  2.57175026e-03  1.02827927e+00  2.57175026e-03  1.13076842e+00  2.57175026e-03  8.60308315e-01  2.57175026e-03  1.05083094e+00  2.57175026e-03  8.53978204e-01  2.57175026e-03  9.22964665e-01  2.57175026e-03  1.37607092e+00  2.57175026e-03  7.76360139e-01  2.57175026e-03  7.86095489e-01  2.57175026e-03  7.71689131e-01  2.57175026e-03  9.61076414e-01  2.57175026e-03  8.85919525e-01  2.57175026e-03  1.06195076e+00  2.57175026e-03  9.13397321e-01  2.57175026e-03  9.45767533e-01  2.57175026e-03  8.64139030e-01 
 2.59175026e-03  8.76540900e-01  2.59175026e-03  9.57569332e-01  2.59175026e-03  1.11328509e+00  2.59175026e-03  6.74645416e-01  2.59175026e-03  1.01008764e+00  2.59175026e-03  8.97954961e-01  2.59175026e-03  8.25361989e-01  2.59175026e-03  1.33098978e+00  2.59175026e-03  7.52191503e-01  2.59175026e-03  8.72878226e-01  2.59175026e-03  7.75068130e-01  2.59175026e-03  7.40129893e-01  2.59175026e-03  1.07349779e+00  2.59175026e-03  9.78428125e-01  2.59175026e-03  1.02930096e+00  2.59175026e-03  1.13219822e+00  2.59175026e-03  8.60847458e-01  2.59175026e-03  1.05186574e+00  2.59175026e-03  8.54768486e-01  2.59175026e-03  9.24080718e-01  2.59175026e-03  1.37835541e+00  2.59175026e-03  7.77934519e-01  2.59175026e-03  7.87356686e-01  2.59175026e-03  7.73398046e-01  2.59175026e-03  9.62077816e-01  2.59175026e-03  8.87416646e-01  2.59175026e-03  1.06371891e+00  2.59175026e-03  9.14252120e-01  2.59175026e-03  9.47361923e-01  2.59175026e-03  8.66057885e-01 
 2.61175026e-03  8.78245688e-01  2.61175026e-03  9.59508828e-01  2.61175026e-03  1.11438592e+00  2.61175026e-03  6.76212908e-01  2.61175026e-03  1.01247675e+00  2.61175026e-03  8.99088210e-01  2.61175026e-03  8.26064097e-01  2.61175026e-03  1.33270911e+00  2.61175026e-03  7.54182977e-01  2.61175026e-03  8.75622162e-01  2.61175026e-03  7.75814784e-01  2.61175026e-03  7.41640332e-01  2.61175026e-03  1.07587651e+00  2.61175026e-03  9.79843334e-01  2.61175026e-03  1.03029699e+00  2.61175026e-03  1.13359571e+00  2.61175026e-03  8.61370563e-01  2.61175026e-03  1.05287447e+00  2.61175026e-03  8.55538346e-01  2.61175026e-03  9.25171022e-01  2.61175026e-03  1.38059496e+00  2.61175026e-03  7.79481427e-01  2.61175026e-03  7.88592602e-01  2.61175026e-03  7.75078849e-01  2.61175026e-03  9.63054559e-01  2.61175026e-03  8.88884607e-01  2.61175026e-03  1.06545232e+00  2.61175026e-03  9.15084926e-01  2.61175026e-03  9.48925216e-01  2.61175026e-03  8.67945236e-01 
 2.63175026e-03  8.79920308e-01  2.63175026e-03  9.61414880e-01  2.63175026e-03  1.11545934e+00  2.63175026e-03  6.77755808e-01  2.63175026e-03  1.01482887e+00  2.63175026e-03  9.00196112e-01  2.63175026e-03  8.26747656e-01  2.63175026e-03  1.33439040e+00  2.63175026e-03  7.56146218e-01  2.63175026e-03  8.78332807e-01  2.63175026e-03  7.76542653e-01  2.63175026e-03  7.43124853e-01  2.63175026e-03  1.07821661e+00  2.63175026e-03  9.81228932e-01  2.63175026e-03  1.03126800e+00  2.63175026e-03  1.13496161e+00  2.63175026e-03  8.61878107e-01  2.63175026e-03  1.05385776e+00  2.63175026e-03  8.56288311e-01  2.63175026e-03  9.26236170e-01  2.63175026e-03  1.38279045e+00  2.63175026e-03  7.81001344e-01  2.63175026e-03  7.89803743e-01  2.63175026e-03  7.76732003e-01  2.63175026e-03  9.64007252e-01  2.63175026e-03  8.90323976e-01  2.63175026e-03  1.06715170e+00  2.63175026e-03  9.15896306e-01  2.63175026e-03  9.50458018e-01  2.63175026e-03  8.69801598e-01 
 2.65175026e-03  8.81565293e-01  2.65175026e-03  9.63288066e-01  2.65175026e-03  1.11650605e+00  2.65175026e-03  6.79274502e-01  2.65175026e-03  1.01714458e+00  2.65175026e-03  9.01279232e-01  2.65175026e-03  8.27413158e-01  2.65175026e-03  1.33603450e+00  2.65175026e-03  7.58081627e-01  2.65175026e-03  8.81010564e-01  2.65175026e-03  7.77252208e-01  2.65175026e-03  7.44583902e-01  2.65175026e-03  1.08051874e+00  2.65175026e-03  9.82585537e-01  2.65175026e-03  1.03221463e+00  2.65175026e-03  1.13629665e+00  2.65175026e-03  8.62370553e-01  2.65175026e-03  1.05481628e+00  2.65175026e-03  8.57018896e-01  2.65175026e-03  9.27276744e-01  2.65175026e-03  1.38494276e+00  2.65175026e-03  7.82494738e-01  2.65175026e-03  7.90990606e-01  2.65175026e-03  7.78357964e-01  2.65175026e-03  9.64936485e-01  2.65175026e-03  8.91735310e-01  2.65175026e-03  1.06881770e+00  2.65175026e-03  9.16686812e-01  2.65175026e-03  9.51960925e-01  2.65175026e-03  8.71627482e-01 
 2.67175026e-03  8.83181167e-01  2.67175026e-03  9.65128952e-01  2.67175026e-03  1.11752670e+00  2.67175026e-03  6.80769369e-01  2.67175026e-03  1.01942442e+00  2.67175026e-03  9.02338125e-01  2.67175026e-03  8.28061078e-01  2.67175026e-03  1.33764222e+00  2.67175026e-03  7.59989599e-01  2.67175026e-03  8.83655833e-01  2.67175026e-03  7.77943912e-01  2.67175026e-03  7.46017915e-01  2.67175026e-03  1.08278351e+00  2.67175026e-03  9.83913758e-01  2.67175026e-03  1.03313749e+00  2.67175026e-03  1.13760151e+00  2.67175026e-03  8.62848351e-01  2.67175026e-03  1.05575063e+00  2.67175026e-03  8.57730600e-01  2.67175026e-03  9.28293310e-01  2.67175026e-03  1.38705272e+00  2.67175026e-03  7.83962074e-01  2.67175026e-03  7.92153678e-01  2.67175026e-03  7.79957177e-01  2.67175026e-03  9.65842838e-01  2.67175026e-03  8.93119154e-01  2.67175026e-03  1.07045098e+00  2.67175026e-03  9.17456980e-01  2.67175026e-03  9.53434519e-01  2.67175026e-03  8.73423387e-01 
 2.69175026e-03  8.84768447e-01  2.69175026e-03  9.66938094e-01  2.69175026e-03  1.11852194e+00  2.69175026e-03  6.82240784e-01  2.69175026e-03  1.02166896e+00  2.69175026e-03  9.03373333e-01  2.69175026e-03  8.28691881e-01  2.69175026e-03  1.33921438e+00  2.69175026e-03  7.61870523e-01  2.69175026e-03  8.86269007e-01  2.69175026e-03  7.78618213e-01  2.69175026e-03  7.47427323e-01  2.69175026e-03  1.08501152e+00  2.69175026e-03  9.85214186e-01  2.69175026e-03  1.03403717e+00  2.69175026e-03  1.13887688e+00  2.69175026e-03  8.63311935e-01  2.69175026e-03  1.05666143e+00  2.69175026e-03  8.58423913e-01  2.69175026e-03  9.29286423e-01  2.69175026e-03  1.38912118e+00  2.69175026e-03  7.85403807e-01  2.69175026e-03  7.93293436e-01  2.69175026e-03  7.81530085e-01  2.69175026e-03  9.66726873e-01  2.69175026e-03  8.94476045e-01  2.69175026e-03  1.07205218e+00  2.69175026e-03  9.18207333e-01  2.69175026e-03  9.54879372e-01  2.69175026e-03  8.75189806e-01 
 2.71175026e-03  8.86327637e-01  2.71175026e-03  9.68716042e-01  2.71175026e-03  1.11949240e+00  2.71175026e-03  6.83689114e-01  2.71175026e-03  1.02387875e+00  2.71175026e-03  9.04385386e-01  2.71175026e-03  8.29306019e-01  2.71175026e-03  1.34075175e+00  2.71175026e-03  7.63724782e-01  2.71175026e-03  8.88850477e-01  2.71175026e-03  7.79275548e-01  2.71175026e-03  7.48812547e-01  2.71175026e-03  1.08720337e+00  2.71175026e-03  9.86487405e-01  2.71175026e-03  1.03491426e+00  2.71175026e-03  1.14012343e+00  2.71175026e-03  8.63761729e-01  2.71175026e-03  1.05754927e+00  2.71175026e-03  8.59099308e-01  2.71175026e-03  9.30256623e-01  2.71175026e-03  1.39114894e+00  2.71175026e-03  7.86820382e-01  2.71175026e-03  7.94410346e-01  2.71175026e-03  7.83077118e-01  2.71175026e-03  9.67589140e-01  2.71175026e-03  8.95806508e-01  2.71175026e-03  1.07362193e+00  2.71175026e-03  9.18938381e-01  2.71175026e-03  9.56296045e-01  2.71175026e-03  8.76927223e-01 
 2.73175026e-03  8.87859236e-01  2.73175026e-03  9.70463332e-01  2.73175026e-03  1.12043871e+00  2.73175026e-03  6.85114721e-01  2.73175026e-03  1.02605432e+00  2.73175026e-03  9.05374802e-01  2.73175026e-03  8.29903934e-01  2.73175026e-03  1.34225512e+00  2.73175026e-03  7.65552754e-01  2.73175026e-03  8.91400626e-01  2.73175026e-03  7.79916346e-01  2.73175026e-03  7.50174002e-01  2.73175026e-03  1.08935964e+00  2.73175026e-03  9.87733984e-01  2.73175026e-03  1.03576932e+00  2.73175026e-03  1.14134180e+00  2.73175026e-03  8.64198142e-01  2.73175026e-03  1.05841474e+00  2.73175026e-03  8.59757250e-01  2.73175026e-03  9.31204438e-01  2.73175026e-03  1.39313682e+00  2.73175026e-03  7.88212238e-01  2.73175026e-03  7.95504868e-01  2.73175026e-03  7.84598703e-01  2.73175026e-03  9.68430175e-01  2.73175026e-03  8.97111056e-01  2.73175026e-03  1.07516085e+00  2.73175026e-03  9.19650621e-01  2.73175026e-03  9.57685087e-01  2.73175026e-03  8.78636113e-01 
 2.75175026e-03  8.89363731e-01  2.75175026e-03  9.72180493e-01  2.75175026e-03  1.12136146e+00  2.75175026e-03  6.86517962e-01  2.75175026e-03  1.02819621e+00  2.75175026e-03  9.06342087e-01  2.75175026e-03  8.30486052e-01  2.75175026e-03  1.34372522e+00  2.75175026e-03  7.67354812e-01  2.75175026e-03  8.93919836e-01  2.75175026e-03  7.80541021e-01  2.75175026e-03  7.51512096e-01  2.75175026e-03  1.09148092e+00  2.75175026e-03  9.88954479e-01  2.75175026e-03  1.03660290e+00  2.75175026e-03  1.14253264e+00  2.75175026e-03  8.64621574e-01  2.75175026e-03  1.05925839e+00  2.75175026e-03  8.60398190e-01  2.75175026e-03  9.32130387e-01  2.75175026e-03  1.39508559e+00  2.75175026e-03  7.89579808e-01  2.75175026e-03  7.96577450e-01  2.75175026e-03  7.86095258e-01  2.75175026e-03  9.69250501e-01  2.75175026e-03  8.98390196e-01  2.75175026e-03  1.07666955e+00  2.75175026e-03  9.20344537e-01  2.75175026e-03  9.59047038e-01  2.75175026e-03  8.80316946e-01 
 2.77175026e-03  8.90841602e-01  2.77175026e-03  9.73868044e-01  2.77175026e-03  1.12226124e+00  2.77175026e-03  6.87899188e-01  2.77175026e-03  1.03030493e+00  2.77175026e-03  9.07287736e-01  2.77175026e-03  8.31052792e-01  2.77175026e-03  1.34516280e+00  2.77175026e-03  7.69131323e-01  2.77175026e-03  8.96408480e-01  2.77175026e-03  7.81149980e-01  2.77175026e-03  7.52827231e-01  2.77175026e-03  1.09356778e+00  2.77175026e-03  9.90149437e-01  2.77175026e-03  1.03741555e+00  2.77175026e-03  1.14369656e+00  2.77175026e-03  8.65032410e-01  2.77175026e-03  1.06008078e+00  2.77175026e-03  8.61022566e-01  2.77175026e-03  9.33034972e-01  2.77175026e-03  1.39699602e+00  2.77175026e-03  7.90923515e-01  2.77175026e-03  7.97628531e-01  2.77175026e-03  7.87567195e-01  2.77175026e-03  9.70050627e-01  2.77175026e-03  8.99644421e-01  2.77175026e-03  1.07814861e+00  2.77175026e-03  9.21020599e-01  2.77175026e-03  9.60382424e-01  2.77175026e-03  8.81970182e-01 
 2.79175026e-03  8.92293320e-01  2.79175026e-03  9.75526496e-01  2.79175026e-03  1.12313863e+00  2.79175026e-03  6.89258744e-01  2.79175026e-03  1.03238099e+00  2.79175026e-03  9.08212233e-01  2.79175026e-03  8.31604560e-01  2.79175026e-03  1.34656858e+00  2.79175026e-03  7.70882649e-01  2.79175026e-03  8.98866930e-01  2.79175026e-03  7.81743618e-01  2.79175026e-03  7.54119799e-01  2.79175026e-03  1.09562076e+00  2.79175026e-03  9.91319392e-01  2.79175026e-03  1.03820780e+00  2.79175026e-03  1.14483418e+00  2.79175026e-03  8.65431025e-01  2.79175026e-03  1.06088243e+00  2.79175026e-03  8.61630807e-01  2.79175026e-03  9.33918687e-01  2.79175026e-03  1.39886887e+00  2.79175026e-03  7.92243776e-01  2.79175026e-03  7.98658543e-01  2.79175026e-03  7.89014919e-01  2.79175026e-03  9.70831051e-01  2.79175026e-03  9.00874217e-01  2.79175026e-03  1.07959863e+00  2.79175026e-03  9.21679269e-01  2.79175026e-03  9.61691766e-01  2.79175026e-03  8.83596274e-01 
 2.81175026e-03  8.93719347e-01  2.81175026e-03  9.77156352e-01  2.81175026e-03  1.12399417e+00  2.81175026e-03  6.90596970e-01  2.81175026e-03  1.03442492e+00  2.81175026e-03  9.09116051e-01  2.81175026e-03  8.32141751e-01  2.81175026e-03  1.34794326e+00  2.81175026e-03  7.72609148e-01  2.81175026e-03  9.01295553e-01  2.81175026e-03  7.82322320e-01  2.81175026e-03  7.55390189e-01  2.81175026e-03  1.09764043e+00  2.81175026e-03  9.92464867e-01  2.81175026e-03  1.03898014e+00  2.81175026e-03  1.14594609e+00  2.81175026e-03  8.65817782e-01  2.81175026e-03  1.06166389e+00  2.81175026e-03  8.62223329e-01  2.81175026e-03  9.34782013e-01  2.81175026e-03  1.40070488e+00  2.81175026e-03  7.93540998e-01  2.81175026e-03  7.99667908e-01  2.81175026e-03  7.90438829e-01  2.81175026e-03  9.71592259e-01  2.81175026e-03  9.02080060e-01  2.81175026e-03  1.08102017e+00  2.81175026e-03  9.22320992e-01  2.81175026e-03  9.62975570e-01  2.81175026e-03  8.85195667e-01 
 2.83175026e-03  8.95120140e-01  2.83175026e-03  9.78758103e-01  2.83175026e-03  1.12482841e+00  2.83175026e-03  6.91914201e-01  2.83175026e-03  1.03643719e+00  2.83175026e-03  9.09999653e-01  2.83175026e-03  8.32664751e-01  2.83175026e-03  1.34928753e+00  2.83175026e-03  7.74311171e-01  2.83175026e-03  9.03694710e-01  2.83175026e-03  7.82886462e-01  2.83175026e-03  7.56638781e-01  2.83175026e-03  1.09962731e+00  2.83175026e-03  9.93586374e-01  2.83175026e-03  1.03973309e+00  2.83175026e-03  1.14703287e+00  2.83175026e-03  8.66193034e-01  2.83175026e-03  1.06242564e+00  2.83175026e-03  8.62800540e-01  2.83175026e-03  9.35625421e-01  2.83175026e-03  1.40250477e+00  2.83175026e-03  7.94815586e-01  2.83175026e-03  8.00657039e-01  2.83175026e-03  7.91839316e-01  2.83175026e-03  9.72334723e-01  2.83175026e-03  9.03262416e-01  2.83175026e-03  1.08241379e+00  2.83175026e-03  9.22946206e-01  2.83175026e-03  9.64234335e-01  2.83175026e-03  8.86768801e-01 
 2.85175026e-03  8.96496143e-01  2.85175026e-03  9.80332235e-01  2.85175026e-03  1.12564189e+00  2.85175026e-03  6.93210766e-01  2.85175026e-03  1.03841830e+00  2.85175026e-03  9.10863491e-01  2.85175026e-03  8.33173934e-01  2.85175026e-03  1.35060206e+00  2.85175026e-03  7.75989065e-01  2.85175026e-03  9.06064759e-01  2.85175026e-03  7.83436411e-01  2.85175026e-03  7.57865948e-01  2.85175026e-03  1.10158195e+00  2.85175026e-03  9.94684415e-01  2.85175026e-03  1.04046713e+00  2.85175026e-03  1.14809509e+00  2.85175026e-03  8.66557123e-01  2.85175026e-03  1.06316819e+00  2.85175026e-03  8.63362834e-01  2.85175026e-03  9.36449370e-01  2.85175026e-03  1.40426925e+00  2.85175026e-03  7.96067932e-01  2.85175026e-03  8.01626343e-01  2.85175026e-03  7.93216764e-01  2.85175026e-03  9.73058904e-01  2.85175026e-03  9.04421743e-01  2.85175026e-03  1.08378004e+00  2.85175026e-03  9.23555334e-01  2.85175026e-03  9.65468549e-01  2.85175026e-03  8.88316106e-01 
 2.87175026e-03  8.97847796e-01  2.87175026e-03  9.81879223e-01  2.87175026e-03  1.12643511e+00  2.87175026e-03  6.94486989e-01  2.87175026e-03  1.04036874e+00  2.87175026e-03  9.11708006e-01  2.87175026e-03  8.33669665e-01  2.87175026e-03  1.35188751e+00  2.87175026e-03  7.77643173e-01  2.87175026e-03  9.08406052e-01  2.87175026e-03  7.83972523e-01  2.87175026e-03  7.59072058e-01  2.87175026e-03  1.10350487e+00  2.87175026e-03  9.95759481e-01  2.87175026e-03  1.04118274e+00  2.87175026e-03  1.14913330e+00  2.87175026e-03  8.66910382e-01  2.87175026e-03  1.06389203e+00  2.87175026e-03  8.63910597e-01  2.87175026e-03  9.37254310e-01  2.87175026e-03  1.40599903e+00  2.87175026e-03  7.97298426e-01  2.87175026e-03  8.02576217e-01  2.87175026e-03  7.94571555e-01  2.87175026e-03  9.73765254e-01  2.87175026e-03  9.05558489e-01  2.87175026e-03  1.08511945e+00  2.87175026e-03  9.24148790e-01  2.87175026e-03  9.66678691e-01  2.87175026e-03  8.89838007e-01 
 2.89175026e-03  8.99175530e-01  2.89175026e-03  9.83399537e-01  2.89175026e-03  1.12720860e+00  2.89175026e-03  6.95743191e-01  2.89175026e-03  1.04228898e+00  2.89175026e-03  9.12533632e-01  2.89175026e-03  8.34152300e-01  2.89175026e-03  1.35314452e+00  2.89175026e-03  7.79273831e-01  2.89175026e-03  9.10718940e-01  2.89175026e-03  7.84495147e-01  2.89175026e-03  7.60257474e-01  2.89175026e-03  1.10539658e+00  2.89175026e-03  9.96812052e-01  2.89175026e-03  1.04188037e+00  2.89175026e-03  1.15014805e+00  2.89175026e-03  8.67253132e-01  2.89175026e-03  1.06459762e+00  2.89175026e-03  8.64444205e-01  2.89175026e-03  9.38040678e-01  2.89175026e-03  1.40769477e+00  2.89175026e-03  7.98507449e-01  2.89175026e-03  8.03507051e-01  2.89175026e-03  7.95904059e-01  2.89175026e-03  9.74454211e-01  2.89175026e-03  9.06673095e-01  2.89175026e-03  1.08643256e+00  2.89175026e-03  9.24726979e-01  2.89175026e-03  9.67865230e-01  2.89175026e-03  8.91334919e-01 
 2.91175026e-03  9.00479768e-01  2.91175026e-03  9.84893635e-01  2.91175026e-03  1.12796282e+00  2.91175026e-03  6.96979683e-01  2.91175026e-03  1.04417948e+00  2.91175026e-03  9.13340791e-01  2.91175026e-03  8.34622185e-01  2.91175026e-03  1.35437372e+00  2.91175026e-03  7.80881372e-01  2.91175026e-03  9.13003766e-01  2.91175026e-03  7.85004622e-01  2.91175026e-03  7.61422549e-01  2.91175026e-03  1.10725759e+00  2.91175026e-03  9.97842600e-01  2.91175026e-03  1.04256049e+00  2.91175026e-03  1.15113986e+00  2.91175026e-03  8.67585687e-01  2.91175026e-03  1.06528543e+00  2.91175026e-03  8.64964023e-01  2.91175026e-03  9.38808903e-01  2.91175026e-03  1.40935715e+00  2.91175026e-03  7.99695375e-01  2.91175026e-03  8.04419225e-01  2.91175026e-03  7.97214644e-01  2.91175026e-03  9.75126204e-01  2.91175026e-03  9.07765990e-01  2.91175026e-03  1.08771988e+00  2.91175026e-03  9.25290291e-01  2.91175026e-03  9.69028627e-01  2.91175026e-03  8.92807255e-01 
 2.93175026e-03  9.01760926e-01  2.93175026e-03  9.86361970e-01  2.93175026e-03  1.12869827e+00  2.93175026e-03  6.98196777e-01  2.93175026e-03  1.04604071e+00  2.93175026e-03  9.14129896e-01  2.93175026e-03  8.35079656e-01  2.93175026e-03  1.35557573e+00  2.93175026e-03  7.82466124e-01  2.93175026e-03  9.15260870e-01  2.93175026e-03  7.85501279e-01  2.93175026e-03  7.62567633e-01  2.93175026e-03  1.10908839e+00  2.93175026e-03  9.98851584e-01  2.93175026e-03  1.04322352e+00  2.93175026e-03  1.15210926e+00  2.93175026e-03  8.67908349e-01  2.93175026e-03  1.06595590e+00  2.93175026e-03  8.65470408e-01  2.93175026e-03  9.39559405e-01  2.93175026e-03  1.41098683e+00  2.93175026e-03  8.00862573e-01  2.93175026e-03  8.05313114e-01  2.93175026e-03  7.98503670e-01  2.93175026e-03  9.75781649e-01  2.93175026e-03  9.08837600e-01  2.93175026e-03  1.08898191e+00  2.93175026e-03  9.25839112e-01  2.93175026e-03  9.70169333e-01  2.93175026e-03  8.94255417e-01 
 2.95175026e-03  9.03019411e-01  2.95175026e-03  9.87804986e-01  2.95175026e-03  1.12941542e+00  2.95175026e-03  6.99394776e-01  2.95175026e-03  1.04787312e+00  2.95175026e-03  9.14901350e-01  2.95175026e-03  8.35525042e-01  2.95175026e-03  1.35675114e+00  2.95175026e-03  7.84028410e-01  2.95175026e-03  9.17490590e-01  2.95175026e-03  7.85985440e-01  2.95175026e-03  7.63693068e-01  2.95175026e-03  1.11088948e+00  2.95175026e-03  9.99839457e-01  2.95175026e-03  1.04386991e+00  2.95175026e-03  1.15305674e+00  2.95175026e-03  8.68221413e-01  2.95175026e-03  1.06660947e+00  2.95175026e-03  8.65963707e-01  2.95175026e-03  9.40292591e-01  2.95175026e-03  1.41258446e+00  2.95175026e-03  8.02009405e-01  2.95175026e-03  8.06189085e-01  2.95175026e-03  7.99771492e-01  2.95175026e-03  9.76420955e-01  2.95175026e-03  9.09888337e-01  2.95175026e-03  1.09021916e+00  2.95175026e-03  9.26373812e-01  2.95175026e-03  9.71287791e-01  2.95175026e-03  8.95679801e-01 
 2.97175026e-03  9.04255627e-01  2.97175026e-03  9.89223120e-01  2.97175026e-03  1.13011471e+00  2.97175026e-03  7.00573979e-01  2.97175026e-03  1.04967716e+00  2.97175026e-03  9.15655548e-01  2.97175026e-03  8.35958662e-01  2.97175026e-03  1.35790056e+00  2.97175026e-03  7.85568548e-01  2.97175026e-03  9.19693258e-01  2.97175026e-03  7.86457420e-01  2.97175026e-03  7.64799193e-01  2.97175026e-03  1.11266134e+00  2.97175026e-03  1.00080666e+00  2.97175026e-03  1.04450006e+00  2.97175026e-03  1.15398282e+00  2.97175026e-03  8.68525164e-01  2.97175026e-03  1.06724657e+00  2.97175026e-03  8.66444258e-01  2.97175026e-03  9.41008861e-01  2.97175026e-03  1.41415065e+00  2.97175026e-03  8.03136224e-01  2.97175026e-03  8.07047497e-01  2.97175026e-03  8.01018459e-01  2.97175026e-03  9.77044519e-01  2.97175026e-03  9.10918608e-01  2.97175026e-03  1.09143211e+00  2.97175026e-03  9.26894756e-01  2.97175026e-03  9.72384435e-01  2.97175026e-03  8.97080800e-01 
 2.99175026e-03  9.05469965e-01  2.99175026e-03  9.90616801e-01  2.99175026e-03  1.13079659e+00  2.99175026e-03  7.01734683e-01  2.99175026e-03  1.05145326e+00  2.99175026e-03  9.16392877e-01  2.99175026e-03  8.36380826e-01  2.99175026e-03  1.35902454e+00  2.99175026e-03  7.87086853e-01  2.99175026e-03  9.21869201e-01  2.99175026e-03  7.86917525e-01  2.99175026e-03  7.65886338e-01  2.99175026e-03  1.11440445e+00  2.99175026e-03  1.00175363e+00  2.99175026e-03  1.04511438e+00  2.99175026e-03  1.15488796e+00  2.99175026e-03  8.68819879e-01  2.99175026e-03  1.06786761e+00  2.99175026e-03  8.66912391e-01  2.99175026e-03  9.41708606e-01  2.99175026e-03  1.41568603e+00  2.99175026e-03  8.04243382e-01  2.99175026e-03  8.07888701e-01  2.99175026e-03  8.02244913e-01  2.99175026e-03  9.77652729e-01  2.99175026e-03  9.11928813e-01  2.99175026e-03  1.09262124e+00  2.99175026e-03  9.27402297e-01  2.99175026e-03  9.73459689e-01  2.99175026e-03  8.98458796e-01 
 3.01175026e-03  9.06662815e-01  3.01175026e-03  9.91986450e-01  3.01175026e-03  1.13146150e+00  3.01175026e-03  7.02877176e-01  3.01175026e-03  1.05320186e+00  3.01175026e-03  9.17113713e-01  3.01175026e-03  8.36791838e-01  3.01175026e-03  1.36012366e+00  3.01175026e-03  7.88583633e-01  3.01175026e-03  9.24018744e-01  3.01175026e-03  7.87366055e-01  3.01175026e-03  7.66954829e-01  3.01175026e-03  1.11611926e+00  3.01175026e-03  1.00268078e+00  3.01175026e-03  1.04571328e+00  3.01175026e-03  1.15577265e+00  3.01175026e-03  8.69105827e-01  3.01175026e-03  1.06847299e+00  3.01175026e-03  8.67368426e-01  3.01175026e-03  9.42392207e-01  3.01175026e-03  1.41719121e+00  3.01175026e-03  8.05331221e-01  3.01175026e-03  8.08713044e-01  3.01175026e-03  8.03451192e-01  3.01175026e-03  9.78245962e-01  3.01175026e-03  9.12919341e-01  3.01175026e-03  1.09378701e+00  3.01175026e-03  9.27896780e-01  3.01175026e-03  9.74513972e-01  3.01175026e-03  8.99814167e-01 
 3.03175026e-03  9.07834555e-01  3.03175026e-03  9.93332482e-01  3.03175026e-03  1.13210986e+00  3.03175026e-03  7.04001745e-01  3.03175026e-03  1.05492339e+00  3.03175026e-03  9.17818426e-01  3.03175026e-03  8.37191991e-01  3.03175026e-03  1.36119846e+00  3.03175026e-03  7.90059194e-01  3.03175026e-03  9.26142207e-01  3.03175026e-03  7.87803299e-01  3.03175026e-03  7.68004986e-01  3.03175026e-03  1.11780624e+00  3.03175026e-03  1.00358853e+00  3.03175026e-03  1.04629713e+00  3.03175026e-03  1.15663734e+00  3.03175026e-03  8.69383269e-01  3.03175026e-03  1.06906312e+00  3.03175026e-03  8.67812676e-01  3.03175026e-03  9.43060035e-01  3.03175026e-03  1.41866678e+00  3.03175026e-03  8.06400077e-01  3.03175026e-03  8.09520862e-01  3.03175026e-03  8.04637629e-01  3.03175026e-03  9.78824588e-01  3.03175026e-03  9.13890576e-01  3.03175026e-03  1.09492989e+00  3.03175026e-03  9.28378541e-01  3.03175026e-03  9.75547692e-01  3.03175026e-03  9.01147284e-01 
 3.05175026e-03  9.08985560e-01  3.05175026e-03  9.94655304e-01  3.05175026e-03  1.13274207e+00  3.05175026e-03  7.05108670e-01  3.05175026e-03  1.05661826e+00  3.05175026e-03  9.18507376e-01  3.05175026e-03  8.37581573e-01  3.05175026e-03  1.36224949e+00  3.05175026e-03  7.91513837e-01  3.05175026e-03  9.28239907e-01  3.05175026e-03  7.88229543e-01  3.05175026e-03  7.69037124e-01  3.05175026e-03  1.11946584e+00  3.05175026e-03  1.00447729e+00  3.05175026e-03  1.04686632e+00  3.05175026e-03  1.15748250e+00  3.05175026e-03  8.69652458e-01  3.05175026e-03  1.06963837e+00  3.05175026e-03  8.68245445e-01  3.05175026e-03  9.43712457e-01  3.05175026e-03  1.42011332e+00  3.05175026e-03  8.07450283e-01  3.05175026e-03  8.10312486e-01  3.05175026e-03  8.05804549e-01  3.05175026e-03  9.79388966e-01  3.05175026e-03  9.14842895e-01  3.05175026e-03  1.09605032e+00  3.05175026e-03  9.28847908e-01  3.05175026e-03  9.76561251e-01  3.05175026e-03  9.02458514e-01 
 3.07175026e-03  9.10116196e-01  3.07175026e-03  9.95955316e-01  3.07175026e-03  1.13335855e+00  3.07175026e-03  7.06198230e-01  3.07175026e-03  1.05828689e+00  3.07175026e-03  9.19180916e-01  3.07175026e-03  8.37960863e-01  3.07175026e-03  1.36327726e+00  3.07175026e-03  7.92947858e-01  3.07175026e-03  9.30312156e-01  3.07175026e-03  7.88645062e-01  3.07175026e-03  7.70051552e-01  3.07175026e-03  1.12109851e+00  3.07175026e-03  1.00534745e+00  3.07175026e-03  1.04742122e+00  3.07175026e-03  1.15830855e+00  3.07175026e-03  8.69913640e-01  3.07175026e-03  1.07019912e+00  3.07175026e-03  8.68667031e-01  3.07175026e-03  9.44349825e-01  3.07175026e-03  1.42153141e+00  3.07175026e-03  8.08482164e-01  3.07175026e-03  8.11088243e-01  3.07175026e-03  8.06952273e-01  3.07175026e-03  9.79939447e-01  3.07175026e-03  9.15776664e-01  3.07175026e-03  1.09714874e+00  3.07175026e-03  9.29305199e-01  3.07175026e-03  9.77555041e-01  3.07175026e-03  9.03748215e-01 
 3.09175026e-03  9.11226824e-01  3.09175026e-03  9.97232911e-01  3.09175026e-03  1.13395968e+00  3.09175026e-03  7.07270695e-01  3.09175026e-03  1.05992967e+00  3.09175026e-03  9.19839391e-01  3.09175026e-03  8.38330133e-01  3.09175026e-03  1.36428230e+00  3.09175026e-03  7.94361549e-01  3.09175026e-03  9.32359263e-01  3.09175026e-03  7.89050128e-01  3.09175026e-03  7.71048573e-01  3.09175026e-03  1.12270468e+00  3.09175026e-03  1.00619940e+00  3.09175026e-03  1.04796219e+00  3.09175026e-03  1.15911593e+00  3.09175026e-03  8.70167052e-01  3.09175026e-03  1.07074574e+00  3.09175026e-03  8.69077723e-01  3.09175026e-03  9.44972489e-01  3.09175026e-03  1.42292160e+00  3.09175026e-03  8.09496039e-01  3.09175026e-03  8.11848449e-01  3.09175026e-03  8.08081118e-01  3.09175026e-03  9.80476374e-01  3.09175026e-03  9.16692247e-01  3.09175026e-03  1.09822559e+00  3.09175026e-03  9.29750725e-01  3.09175026e-03  9.78529448e-01  3.09175026e-03  9.05016741e-01 
 3.11175026e-03  9.12317798e-01  3.11175026e-03  9.98488477e-01  3.11175026e-03  1.13454585e+00  3.11175026e-03  7.08326335e-01  3.11175026e-03  1.06154703e+00  3.11175026e-03  9.20483137e-01  3.11175026e-03  8.38689647e-01  3.11175026e-03  1.36526510e+00  3.11175026e-03  7.95755200e-01  3.11175026e-03  9.34381533e-01  3.11175026e-03  7.89445002e-01  3.11175026e-03  7.72028487e-01  3.11175026e-03  1.12428479e+00  3.11175026e-03  1.00703353e+00  3.11175026e-03  1.04848956e+00  3.11175026e-03  1.15990506e+00  3.11175026e-03  8.70412925e-01  3.11175026e-03  1.07127858e+00  3.11175026e-03  8.69477801e-01  3.11175026e-03  9.45580787e-01  3.11175026e-03  1.42428444e+00  3.11175026e-03  8.10492223e-01  3.11175026e-03  8.12593416e-01  3.11175026e-03  8.09191393e-01  3.11175026e-03  9.81000079e-01  3.11175026e-03  9.17589996e-01  3.11175026e-03  1.09928129e+00  3.11175026e-03  9.30184789e-01  3.11175026e-03  9.79484851e-01  3.11175026e-03  9.06264439e-01 
 3.13175026e-03  9.13389466e-01  3.13175026e-03  9.99722392e-01  3.13175026e-03  1.13511743e+00  3.13175026e-03  7.09365412e-01  3.13175026e-03  1.06313933e+00  3.13175026e-03  9.21112484e-01  3.13175026e-03  8.39039664e-01  3.13175026e-03  1.36622616e+00  3.13175026e-03  7.97129093e-01  3.13175026e-03  9.36379268e-01  3.13175026e-03  7.89829941e-01  3.13175026e-03  7.72991587e-01  3.13175026e-03  1.12583925e+00  3.13175026e-03  1.00785021e+00  3.13175026e-03  1.04900370e+00  3.13175026e-03  1.16067636e+00  3.13175026e-03  8.70651485e-01  3.13175026e-03  1.07179799e+00  3.13175026e-03  8.69867540e-01  3.13175026e-03  9.46175050e-01  3.13175026e-03  1.42562047e+00  3.13175026e-03  8.11471024e-01  3.13175026e-03  8.13323450e-01  3.13175026e-03  8.10283405e-01  3.13175026e-03  9.81510889e-01  3.13175026e-03  9.18470259e-01  3.13175026e-03  1.10031626e+00  3.13175026e-03  9.30607685e-01  3.13175026e-03  9.80421619e-01  3.13175026e-03  9.07491652e-01 
 3.15175026e-03  9.14442169e-01  3.15175026e-03  1.00093503e+00  3.15175026e-03  1.13567478e+00  3.15175026e-03  7.10388188e-01  3.15175026e-03  1.06470699e+00  3.15175026e-03  9.21727754e-01  3.15175026e-03  8.39380434e-01  3.15175026e-03  1.36716596e+00  3.15175026e-03  7.98483510e-01  3.15175026e-03  9.38352764e-01  3.15175026e-03  7.90205195e-01  3.15175026e-03  7.73938161e-01  3.15175026e-03  1.12736848e+00  3.15175026e-03  1.00864979e+00  3.15175026e-03  1.04950492e+00  3.15175026e-03  1.16143023e+00  3.15175026e-03  8.70882948e-01  3.15175026e-03  1.07230431e+00  3.15175026e-03  8.70247207e-01  3.15175026e-03  9.46755603e-01  3.15175026e-03  1.42693022e+00  3.15175026e-03  8.12432745e-01  3.15175026e-03  8.14038850e-01  3.15175026e-03  8.11357453e-01  3.15175026e-03  9.82009120e-01  3.15175026e-03  9.19333377e-01  3.15175026e-03  1.10133090e+00  3.15175026e-03  9.31019701e-01  3.15175026e-03  9.81340117e-01  3.15175026e-03  9.08698716e-01 
 3.17175026e-03  9.15476243e-01  3.17175026e-03  1.00212676e+00  3.17175026e-03  1.13621825e+00  3.17175026e-03  7.11394918e-01  3.17175026e-03  1.06625036e+00  3.17175026e-03  9.22329261e-01  3.17175026e-03  8.39712202e-01  3.17175026e-03  1.36808497e+00  3.17175026e-03  7.99818725e-01  3.17175026e-03  9.40302317e-01  3.17175026e-03  7.90571008e-01  3.17175026e-03  7.74868493e-01  3.17175026e-03  1.12887289e+00  3.17175026e-03  1.00943265e+00  3.17175026e-03  1.04999355e+00  3.17175026e-03  1.16216706e+00  3.17175026e-03  8.71107526e-01  3.17175026e-03  1.07279787e+00  3.17175026e-03  8.70617063e-01  3.17175026e-03  9.47322761e-01  3.17175026e-03  1.42821420e+00  3.17175026e-03  8.13377686e-01  3.17175026e-03  8.14739910e-01  3.17175026e-03  8.12413833e-01  3.17175026e-03  9.82495084e-01  3.17175026e-03  9.20179684e-01  3.17175026e-03  1.10232561e+00  3.17175026e-03  9.31421117e-01  3.17175026e-03  9.82240700e-01  3.17175026e-03  9.09885961e-01 
 3.19175026e-03  9.16492018e-01  3.19175026e-03  1.00329794e+00  3.19175026e-03  1.13674820e+00  3.19175026e-03  7.12385854e-01  3.19175026e-03  1.06776984e+00  3.19175026e-03  9.22917315e-01  3.19175026e-03  8.40035205e-01  3.19175026e-03  1.36898364e+00  3.19175026e-03  8.01135012e-01  3.19175026e-03  9.42228217e-01  3.19175026e-03  7.90927618e-01  3.19175026e-03  7.75782862e-01  3.19175026e-03  1.13035289e+00  3.19175026e-03  1.01019913e+00  3.19175026e-03  1.05046991e+00  3.19175026e-03  1.16288723e+00  3.19175026e-03  8.71325423e-01  3.19175026e-03  1.07327898e+00  3.19175026e-03  8.70977362e-01  3.19175026e-03  9.47876835e-01  3.19175026e-03  1.42947292e+00  3.19175026e-03  8.14306138e-01  3.19175026e-03  8.15426917e-01  3.19175026e-03  8.13452837e-01  3.19175026e-03  9.82969081e-01  3.19175026e-03  9.21009507e-01  3.19175026e-03  1.10330079e+00  3.19175026e-03  9.31812205e-01  3.19175026e-03  9.83123718e-01  3.19175026e-03  9.11053713e-01 
 3.21175026e-03  9.17489817e-01  3.21175026e-03  1.00444892e+00  3.21175026e-03  1.13726495e+00  3.21175026e-03  7.13361242e-01  3.21175026e-03  1.06926580e+00  3.21175026e-03  9.23492215e-01  3.21175026e-03  8.40349675e-01  3.21175026e-03  1.36986244e+00  3.21175026e-03  8.02432639e-01  3.21175026e-03  9.44130750e-01  3.21175026e-03  7.91275255e-01  3.21175026e-03  7.76681541e-01  3.21175026e-03  1.13180886e+00  3.21175026e-03  1.01094957e+00  3.21175026e-03  1.05093431e+00  3.21175026e-03  1.16359113e+00  3.21175026e-03  8.71536839e-01  3.21175026e-03  1.07374797e+00  3.21175026e-03  8.71328349e-01  3.21175026e-03  9.48418125e-01  3.21175026e-03  1.43070688e+00  3.21175026e-03  8.15218389e-01  3.21175026e-03  8.16100152e-01  3.21175026e-03  8.14474749e-01  3.21175026e-03  9.83431407e-01  3.21175026e-03  9.21823168e-01  3.21175026e-03  1.10425681e+00  3.21175026e-03  9.32193232e-01  3.21175026e-03  9.83989514e-01  3.21175026e-03  9.12202292e-01 
 3.23175026e-03  9.18469959e-01  3.23175026e-03  1.00558006e+00  3.23175026e-03  1.13776884e+00  3.23175026e-03  7.14321328e-01  3.23175026e-03  1.07073858e+00  3.23175026e-03  9.24054256e-01  3.23175026e-03  8.40655837e-01  3.23175026e-03  1.37072179e+00  3.23175026e-03  8.03711870e-01  3.23175026e-03  9.46010200e-01  3.23175026e-03  7.91614146e-01  3.23175026e-03  7.77564800e-01  3.23175026e-03  1.13324121e+00  3.23175026e-03  1.01168430e+00  3.23175026e-03  1.05138705e+00  3.23175026e-03  1.16427913e+00  3.23175026e-03  8.71741965e-01  3.23175026e-03  1.07420514e+00  3.23175026e-03  8.71670266e-01  3.23175026e-03  9.48946926e-01  3.23175026e-03  1.43191657e+00  3.23175026e-03  8.16114722e-01  3.23175026e-03  8.16759892e-01  3.23175026e-03  8.15479850e-01  3.23175026e-03  9.83882349e-01  3.23175026e-03  9.22620980e-01  3.23175026e-03  1.10519406e+00  3.23175026e-03  9.32564456e-01  3.23175026e-03  9.84838424e-01  3.23175026e-03  9.13332014e-01 
 3.25175026e-03  9.19432756e-01  3.25175026e-03  1.00669170e+00  3.25175026e-03  1.13826019e+00  3.25175026e-03  7.15266352e-01  3.25175026e-03  1.07218857e+00  3.25175026e-03  9.24603725e-01  3.25175026e-03  8.40953911e-01  3.25175026e-03  1.37156214e+00  3.25175026e-03  8.04972966e-01  3.25175026e-03  9.47866847e-01  3.25175026e-03  7.91944511e-01  3.25175026e-03  7.78432904e-01  3.25175026e-03  1.13465031e+00  3.25175026e-03  1.01240367e+00  3.25175026e-03  1.05182841e+00  3.25175026e-03  1.16495157e+00  3.25175026e-03  8.71940990e-01  3.25175026e-03  1.07465078e+00  3.25175026e-03  8.72003347e-01  3.25175026e-03  9.49463527e-01  3.25175026e-03  1.43310246e+00  3.25175026e-03  8.16995414e-01  3.25175026e-03  8.17406407e-01  3.25175026e-03  8.16468418e-01  3.25175026e-03  9.84322187e-01  3.25175026e-03  9.23403253e-01  3.25175026e-03  1.10611289e+00  3.25175026e-03  9.32926128e-01  3.25175026e-03  9.85670776e-01  3.25175026e-03  9.14443186e-01 
 3.27175026e-03  9.20378515e-01  3.27175026e-03  1.00778416e+00  3.27175026e-03  1.13873930e+00  3.27175026e-03  7.16196549e-01  3.27175026e-03  1.07361610e+00  3.27175026e-03  9.25140904e-01  3.27175026e-03  8.41244110e-01  3.27175026e-03  1.37238389e+00  3.27175026e-03  8.06216184e-01  3.27175026e-03  9.49700968e-01  3.27175026e-03  7.92266563e-01  3.27175026e-03  7.79286112e-01  3.27175026e-03  1.13603654e+00  3.27175026e-03  1.01310798e+00  3.27175026e-03  1.05225869e+00  3.27175026e-03  1.16560881e+00  3.27175026e-03  8.72134094e-01  3.27175026e-03  1.07508519e+00  3.27175026e-03  8.72327820e-01  3.27175026e-03  9.49968210e-01  3.27175026e-03  1.43426502e+00  3.27175026e-03  8.17860740e-01  3.27175026e-03  8.18039963e-01  3.27175026e-03  8.17440725e-01  3.27175026e-03  9.84751194e-01  3.27175026e-03  9.24170289e-01  3.27175026e-03  1.10701369e+00  3.27175026e-03  9.33278496e-01  3.27175026e-03  9.86486894e-01  3.27175026e-03  9.15536115e-01 
 3.29175026e-03  9.21307537e-01  3.29175026e-03  1.00885779e+00  3.29175026e-03  1.13920649e+00  3.29175026e-03  7.17112152e-01  3.29175026e-03  1.07502153e+00  3.29175026e-03  9.25666068e-01  3.29175026e-03  8.41526643e-01  3.29175026e-03  1.37318746e+00  3.29175026e-03  8.07441777e-01  3.29175026e-03  9.51512837e-01  3.29175026e-03  7.92580514e-01  3.29175026e-03  7.80124680e-01  3.29175026e-03  1.13740027e+00  3.29175026e-03  1.01379755e+00  3.29175026e-03  1.05267817e+00  3.29175026e-03  1.16625120e+00  3.29175026e-03  8.72321454e-01  3.29175026e-03  1.07550865e+00  3.29175026e-03  8.72643909e-01  3.29175026e-03  9.50461249e-01  3.29175026e-03  1.43540471e+00  3.29175026e-03  8.18710966e-01  3.29175026e-03  8.18660818e-01  3.29175026e-03  8.18397037e-01  3.29175026e-03  9.85169638e-01  3.29175026e-03  9.24922386e-01  3.29175026e-03  1.10789679e+00  3.29175026e-03  9.33621799e-01  3.29175026e-03  9.87287095e-01  3.29175026e-03  9.16611100e-01 
 3.31175026e-03  9.22220119e-01  3.31175026e-03  1.00991290e+00  3.31175026e-03  1.13966205e+00  3.31175026e-03  7.18013391e-01  3.31175026e-03  1.07640519e+00  3.31175026e-03  9.26179485e-01  3.31175026e-03  8.41801712e-01  3.31175026e-03  1.37397326e+00  3.31175026e-03  8.08649996e-01  3.31175026e-03  9.53302722e-01  3.31175026e-03  7.92886565e-01  3.31175026e-03  7.80948860e-01  3.31175026e-03  1.13874187e+00  3.31175026e-03  1.01447270e+00  3.31175026e-03  1.05308711e+00  3.31175026e-03  1.16687908e+00  3.31175026e-03  8.72503240e-01  3.31175026e-03  1.07592144e+00  3.31175026e-03  8.72951829e-01  3.31175026e-03  9.50942912e-01  3.31175026e-03  1.43652198e+00  3.31175026e-03  8.19546356e-01  3.31175026e-03  8.19269229e-01  3.31175026e-03  8.19337618e-01  3.31175026e-03  9.85577779e-01  3.31175026e-03  9.25659833e-01  3.31175026e-03  1.10876255e+00  3.31175026e-03  9.33956269e-01  3.31175026e-03  9.88071688e-01  3.31175026e-03  9.17668434e-01 
 3.33175026e-03  9.23116552e-01  3.33175026e-03  1.01094982e+00  3.33175026e-03  1.14010627e+00  3.33175026e-03  7.18900490e-01  3.33175026e-03  1.07776743e+00  3.33175026e-03  9.26681418e-01  3.33175026e-03  8.42069514e-01  3.33175026e-03  1.37474167e+00  3.33175026e-03  8.09841087e-01  3.33175026e-03  9.55070892e-01  3.33175026e-03  7.93184916e-01  3.33175026e-03  7.81758897e-01  3.33175026e-03  1.14006170e+00  3.33175026e-03  1.01513372e+00  3.33175026e-03  1.05348578e+00  3.33175026e-03  1.16749276e+00  3.33175026e-03  8.72679619e-01  3.33175026e-03  1.07632383e+00  3.33175026e-03  8.73251792e-01  3.33175026e-03  9.51413463e-01  3.33175026e-03  1.43761728e+00  3.33175026e-03  8.20367169e-01  3.33175026e-03  8.19865443e-01  3.33175026e-03  8.20262727e-01  3.33175026e-03  9.85975869e-01  3.33175026e-03  9.26382918e-01  3.33175026e-03  1.10961130e+00  3.33175026e-03  9.34282134e-01  3.33175026e-03  9.88840979e-01  3.33175026e-03  9.18708409e-01 
 3.35175026e-03  9.23997121e-01  3.35175026e-03  1.01196887e+00  3.35175026e-03  1.14053943e+00  3.35175026e-03  7.19773672e-01  3.35175026e-03  1.07910858e+00  3.35175026e-03  9.27172124e-01  3.35175026e-03  8.42330241e-01  3.35175026e-03  1.37549308e+00  3.35175026e-03  8.11015292e-01  3.35175026e-03  9.56817608e-01  3.35175026e-03  7.93475761e-01  3.35175026e-03  7.82555036e-01  3.35175026e-03  1.14136010e+00  3.35175026e-03  1.01578091e+00  3.35175026e-03  1.05387444e+00  3.35175026e-03  1.16809257e+00  3.35175026e-03  8.72850751e-01  3.35175026e-03  1.07671607e+00  3.35175026e-03  8.73544003e-01  3.35175026e-03  9.51873157e-01  3.35175026e-03  1.43869102e+00  3.35175026e-03  8.21173660e-01  3.35175026e-03  8.20449706e-01  3.35175026e-03  8.21172618e-01  3.35175026e-03  9.86364157e-01  3.35175026e-03  9.27091918e-01  3.35175026e-03  1.11044338e+00  3.35175026e-03  9.34599615e-01  3.35175026e-03  9.89595266e-01  3.35175026e-03  9.19731308e-01 
 3.37175026e-03  9.24862108e-01  3.37175026e-03  1.01297034e+00  3.37175026e-03  1.14096180e+00  3.37175026e-03  7.20633154e-01  3.37175026e-03  1.08042896e+00  3.37175026e-03  9.27651853e-01  3.37175026e-03  8.42584080e-01  3.37175026e-03  1.37622787e+00  3.37175026e-03  8.12172851e-01  3.37175026e-03  9.58543133e-01  3.37175026e-03  7.93759288e-01  3.37175026e-03  7.83337513e-01  3.37175026e-03  1.14263744e+00  3.37175026e-03  1.01641456e+00  3.37175026e-03  1.05425334e+00  3.37175026e-03  1.16867883e+00  3.37175026e-03  8.73016792e-01  3.37175026e-03  1.07709842e+00  3.37175026e-03  8.73828662e-01  3.37175026e-03  9.52322246e-01  3.37175026e-03  1.43974364e+00  3.37175026e-03  8.21966078e-01  3.37175026e-03  8.21022258e-01  3.37175026e-03  8.22067541e-01  3.37175026e-03  9.86742884e-01  3.37175026e-03  9.27787109e-01  3.37175026e-03  1.11125912e+00  3.37175026e-03  9.34908928e-01  3.37175026e-03  9.90334841e-01  3.37175026e-03  9.20737413e-01 
 3.39175026e-03  9.25711787e-01  3.39175026e-03  1.01395454e+00  3.39175026e-03  1.14137367e+00  3.39175026e-03  7.21479152e-01  3.39175026e-03  1.08172890e+00  3.39175026e-03  9.28120853e-01  3.39175026e-03  8.42831214e-01  3.39175026e-03  1.37694640e+00  3.39175026e-03  8.13314000e-01  3.39175026e-03  9.60247722e-01  3.39175026e-03  7.94035682e-01  3.39175026e-03  7.84106565e-01  3.39175026e-03  1.14389404e+00  3.39175026e-03  1.01703495e+00  3.39175026e-03  1.05462272e+00  3.39175026e-03  1.16925184e+00  3.39175026e-03  8.73177894e-01  3.39175026e-03  1.07747114e+00  3.39175026e-03  8.74105966e-01  3.39175026e-03  9.52760973e-01  3.39175026e-03  1.44077556e+00  3.39175026e-03  8.22744668e-01  3.39175026e-03  8.21583332e-01  3.39175026e-03  8.22947743e-01  3.39175026e-03  9.87112285e-01  3.39175026e-03  9.28468759e-01  3.39175026e-03  1.11205884e+00  3.39175026e-03  9.35210283e-01  3.39175026e-03  9.91059991e-01  3.39175026e-03  9.21726999e-01 
 3.41175026e-03  9.26546430e-01  3.41175026e-03  1.01492177e+00  3.41175026e-03  1.14177528e+00  3.41175026e-03  7.22311878e-01  3.41175026e-03  1.08300871e+00  3.41175026e-03  9.28579362e-01  3.41175026e-03  8.43071818e-01  3.41175026e-03  1.37764904e+00  3.41175026e-03  8.14438972e-01  3.41175026e-03  9.61931629e-01  3.41175026e-03  7.94305122e-01  3.41175026e-03  7.84862420e-01  3.41175026e-03  1.14513025e+00  3.41175026e-03  1.01764235e+00  3.41175026e-03  1.05498283e+00  3.41175026e-03  1.16981189e+00  3.41175026e-03  8.73334204e-01  3.41175026e-03  1.07783446e+00  3.41175026e-03  8.74376103e-01  3.41175026e-03  9.53189578e-01  3.41175026e-03  1.44178717e+00  3.41175026e-03  8.23509673e-01  3.41175026e-03  8.22133159e-01  3.41175026e-03  8.23813466e-01  3.41175026e-03  9.87472591e-01  3.41175026e-03  9.29137133e-01  3.41175026e-03  1.11284286e+00  3.41175026e-03  9.35503885e-01  3.41175026e-03  9.91770998e-01  3.41175026e-03  9.22700337e-01 
 3.43175026e-03  9.27366303e-01  3.43175026e-03  1.01587232e+00  3.43175026e-03  1.14216689e+00  3.43175026e-03  7.23131539e-01  3.43175026e-03  1.08426870e+00  3.43175026e-03  9.29027616e-01  3.43175026e-03  8.43306067e-01  3.43175026e-03  1.37833613e+00  3.43175026e-03  8.15547995e-01  3.43175026e-03  9.63595107e-01  3.43175026e-03  7.94567783e-01  3.43175026e-03  7.85605306e-01  3.43175026e-03  1.14634639e+00  3.43175026e-03  1.01823705e+00  3.43175026e-03  1.05533389e+00  3.43175026e-03  1.17035929e+00  3.43175026e-03  8.73485864e-01  3.43175026e-03  1.07818862e+00  3.43175026e-03  8.74639260e-01  3.43175026e-03  9.53608295e-01  3.43175026e-03  1.44277889e+00  3.43175026e-03  8.24261330e-01  3.43175026e-03  8.22671965e-01  3.43175026e-03  8.24664949e-01  3.43175026e-03  9.87824024e-01  3.43175026e-03  9.29792488e-01  3.43175026e-03  1.11361147e+00  3.43175026e-03  9.35789933e-01  3.43175026e-03  9.92468138e-01  3.43175026e-03  9.23657695e-01 
 3.45175026e-03  9.28171667e-01  3.45175026e-03  1.01680648e+00  3.45175026e-03  1.14254875e+00  3.45175026e-03  7.23938340e-01  3.45175026e-03  1.08550918e+00  3.45175026e-03  9.29465843e-01  3.45175026e-03  8.43534127e-01  3.45175026e-03  1.37900802e+00  3.45175026e-03  8.16641296e-01  3.45175026e-03  9.65238402e-01  3.45175026e-03  7.94823836e-01  3.45175026e-03  7.86335445e-01  3.45175026e-03  1.14754280e+00  3.45175026e-03  1.01881931e+00  3.45175026e-03  1.05567614e+00  3.45175026e-03  1.17089432e+00  3.45175026e-03  8.73633013e-01  3.45175026e-03  1.07853386e+00  3.45175026e-03  8.74895615e-01  3.45175026e-03  9.54017351e-01  3.45175026e-03  1.44375109e+00  3.45175026e-03  8.24999870e-01  3.45175026e-03  8.23199970e-01  3.45175026e-03  8.25502424e-01  3.45175026e-03  9.88166804e-01  3.45175026e-03  9.30435079e-01  3.45175026e-03  1.11436499e+00  3.45175026e-03  9.36068622e-01  3.45175026e-03  9.93151681e-01  3.45175026e-03  9.24599334e-01 
 3.47175026e-03  9.28962779e-01  3.47175026e-03  1.01772453e+00  3.47175026e-03  1.14292111e+00  3.47175026e-03  7.24732484e-01  3.47175026e-03  1.08673045e+00  3.47175026e-03  9.29894267e-01  3.47175026e-03  8.43756162e-01  3.47175026e-03  1.37966505e+00  3.47175026e-03  8.17719098e-01  3.47175026e-03  9.66861759e-01  3.47175026e-03  7.95073446e-01  3.47175026e-03  7.87053056e-01  3.47175026e-03  1.14871979e+00  3.47175026e-03  1.01938938e+00  3.47175026e-03  1.05600979e+00  3.47175026e-03  1.17141726e+00  3.47175026e-03  8.73775784e-01  3.47175026e-03  1.07887040e+00  3.47175026e-03  8.75145346e-01  3.47175026e-03  9.54416970e-01  3.47175026e-03  1.44470417e+00  3.47175026e-03  8.25725524e-01  3.47175026e-03  8.23717391e-01  3.47175026e-03  8.26326123e-01  3.47175026e-03  9.88501143e-01  3.47175026e-03  9.31065154e-01  3.47175026e-03  1.11510371e+00  3.47175026e-03  9.36340141e-01  3.47175026e-03  9.93821892e-01  3.47175026e-03  9.25525512e-01 
 3.49175026e-03  9.29739892e-01  3.49175026e-03  1.01862676e+00  3.49175026e-03  1.14328420e+00  3.49175026e-03  7.25514168e-01  3.49175026e-03  1.08793281e+00  3.49175026e-03  9.30313109e-01  3.49175026e-03  8.43972331e-01  3.49175026e-03  1.38030754e+00  3.49175026e-03  8.18781621e-01  3.49175026e-03  9.68465420e-01  3.49175026e-03  7.95316777e-01  3.49175026e-03  7.87758353e-01  3.49175026e-03  1.14987768e+00  3.49175026e-03  1.01994752e+00  3.49175026e-03  1.05633506e+00  3.49175026e-03  1.17192837e+00  3.49175026e-03  8.73914308e-01  3.49175026e-03  1.07919845e+00  3.49175026e-03  8.75388624e-01  3.49175026e-03  9.54807369e-01  3.49175026e-03  1.44563851e+00  3.49175026e-03  8.26438515e-01  3.49175026e-03  8.24224440e-01  3.49175026e-03  8.27136273e-01  3.49175026e-03  9.88827250e-01  3.49175026e-03  9.31682957e-01  3.49175026e-03  1.11582792e+00  3.49175026e-03  9.36604674e-01  3.49175026e-03  9.94479031e-01  3.49175026e-03  9.26436484e-01 
 3.51175026e-03  9.30503252e-01  3.51175026e-03  1.01951342e+00  3.51175026e-03  1.14363825e+00  3.51175026e-03  7.26283589e-01  3.51175026e-03  1.08911656e+00  3.51175026e-03  9.30722583e-01  3.51175026e-03  8.44182789e-01  3.51175026e-03  1.38093582e+00  3.51175026e-03  8.19829081e-01  3.51175026e-03  9.70049625e-01  3.51175026e-03  7.95553985e-01  3.51175026e-03  7.88451549e-01  3.51175026e-03  1.15101678e+00  3.51175026e-03  1.02049399e+00  3.51175026e-03  1.05665216e+00  3.51175026e-03  1.17242794e+00  3.51175026e-03  8.74048712e-01  3.51175026e-03  1.07951824e+00  3.51175026e-03  8.75625615e-01  3.51175026e-03  9.55188761e-01  3.51175026e-03  1.44655446e+00  3.51175026e-03  8.27139065e-01  3.51175026e-03  8.24721325e-01  3.51175026e-03  8.27933096e-01  3.51175026e-03  9.89145327e-01  3.51175026e-03  9.32288726e-01  3.51175026e-03  1.11653791e+00  3.51175026e-03  9.36862402e-01  3.51175026e-03  9.95123353e-01  3.51175026e-03  9.27332499e-01 
 3.53175026e-03  9.31253104e-01  3.53175026e-03  1.02038480e+00  3.53175026e-03  1.14398349e+00  3.53175026e-03  7.27040939e-01  3.53175026e-03  1.09028197e+00  3.53175026e-03  9.31122897e-01  3.53175026e-03  8.44387688e-01  3.53175026e-03  1.38155020e+00  3.53175026e-03  8.20861692e-01  3.53175026e-03  9.71614609e-01  3.53175026e-03  7.95785225e-01  3.53175026e-03  7.89132850e-01  3.53175026e-03  1.15213739e+00  3.53175026e-03  1.02102902e+00  3.53175026e-03  1.05696130e+00  3.53175026e-03  1.17291622e+00  3.53175026e-03  8.74179117e-01  3.53175026e-03  1.07982996e+00  3.53175026e-03  8.75856481e-01  3.53175026e-03  9.55561353e-01  3.53175026e-03  1.44745239e+00  3.53175026e-03  8.27827391e-01  3.53175026e-03  8.25208250e-01  3.53175026e-03  8.28716811e-01  3.53175026e-03  9.89455572e-01  3.53175026e-03  9.32882697e-01  3.53175026e-03  1.11723395e+00  3.53175026e-03  9.37113499e-01  3.53175026e-03  9.95755108e-01  3.53175026e-03  9.28213802e-01 
 3.55175026e-03  9.31989686e-01  3.55175026e-03  1.02124115e+00  3.55175026e-03  1.14432013e+00  3.55175026e-03  7.27786406e-01  3.55175026e-03  1.09142934e+00  3.55175026e-03  9.31514258e-01  3.55175026e-03  8.44587174e-01  3.55175026e-03  1.38215099e+00  3.55175026e-03  8.21879663e-01  3.55175026e-03  9.73160606e-01  3.55175026e-03  7.96010648e-01  3.55175026e-03  7.89802461e-01  3.55175026e-03  1.15323981e+00  3.55175026e-03  1.02155286e+00  3.55175026e-03  1.05726268e+00  3.55175026e-03  1.17339346e+00  3.55175026e-03  8.74305643e-01  3.55175026e-03  1.08013383e+00  3.55175026e-03  8.76081381e-01  3.55175026e-03  9.55925349e-01  3.55175026e-03  1.44833266e+00  3.55175026e-03  8.28503707e-01  3.55175026e-03  8.25685414e-01  3.55175026e-03  8.29487634e-01  3.55175026e-03  9.89758177e-01  3.55175026e-03  9.33465099e-01  3.55175026e-03  1.11791632e+00  3.55175026e-03  9.37358135e-01  3.55175026e-03  9.96374542e-01  3.55175026e-03  9.29080636e-01 
 3.57175026e-03  9.32713233e-01  3.57175026e-03  1.02208273e+00  3.57175026e-03  1.14464839e+00  3.57175026e-03  7.28520178e-01  3.57175026e-03  1.09255894e+00  3.57175026e-03  9.31896865e-01  3.57175026e-03  8.44781389e-01  3.57175026e-03  1.38273848e+00  3.57175026e-03  8.22883204e-01  3.57175026e-03  9.74687845e-01  3.57175026e-03  7.96230399e-01  3.57175026e-03  7.90460582e-01  3.57175026e-03  1.15432434e+00  3.57175026e-03  1.02206573e+00  3.57175026e-03  1.05755649e+00  3.57175026e-03  1.17385991e+00  3.57175026e-03  8.74428406e-01  3.57175026e-03  1.08043003e+00  3.57175026e-03  8.76300469e-01  3.57175026e-03  9.56280947e-01  3.57175026e-03  1.44919561e+00  3.57175026e-03  8.29168221e-01  3.57175026e-03  8.26153013e-01  3.57175026e-03  8.30245778e-01  3.57175026e-03  9.90053331e-01  3.57175026e-03  9.34036157e-01  3.57175026e-03  1.11858530e+00  3.57175026e-03  9.37596478e-01  3.57175026e-03  9.96981894e-01  3.57175026e-03  9.29933238e-01 
 3.59175026e-03  9.33423976e-01  3.59175026e-03  1.02290981e+00  3.59175026e-03  1.14496848e+00  3.59175026e-03  7.29242438e-01  3.59175026e-03  1.09367106e+00  3.59175026e-03  9.32270913e-01  3.59175026e-03  8.44970474e-01  3.59175026e-03  1.38331298e+00  3.59175026e-03  8.23872518e-01  3.59175026e-03  9.76196555e-01  3.59175026e-03  7.96444621e-01  3.59175026e-03  7.91107410e-01  3.59175026e-03  1.15539127e+00  3.59175026e-03  1.02256788e+00  3.59175026e-03  1.05784291e+00  3.59175026e-03  1.17431582e+00  3.59175026e-03  8.74547516e-01  3.59175026e-03  1.08071878e+00  3.59175026e-03  8.76513896e-01  3.59175026e-03  9.56628341e-01  3.59175026e-03  1.45004158e+00  3.59175026e-03  8.29821140e-01  3.59175026e-03  8.26611239e-01  3.59175026e-03  8.30991450e-01  3.59175026e-03  9.90341217e-01  3.59175026e-03  9.34596092e-01  3.59175026e-03  1.11924113e+00  3.59175026e-03  9.37828689e-01  3.59175026e-03  9.97577401e-01  3.59175026e-03  9.30771841e-01 
 3.61175026e-03  9.34122142e-01  3.61175026e-03  1.02372262e+00  3.61175026e-03  1.14528061e+00  3.61175026e-03  7.29953367e-01  3.61175026e-03  1.09476595e+00  3.61175026e-03  9.32636595e-01  3.61175026e-03  8.45154563e-01  3.61175026e-03  1.38387477e+00  3.61175026e-03  8.24847807e-01  3.61175026e-03  9.77686961e-01  3.61175026e-03  7.96653453e-01  3.61175026e-03  7.91743140e-01  3.61175026e-03  1.15644088e+00  3.61175026e-03  1.02305952e+00  3.61175026e-03  1.05812215e+00  3.61175026e-03  1.17476143e+00  3.61175026e-03  8.74663084e-01  3.61175026e-03  1.08100024e+00  3.61175026e-03  8.76721807e-01  3.61175026e-03  9.56967720e-01  3.61175026e-03  1.45087091e+00  3.61175026e-03  8.30462666e-01  3.61175026e-03  8.27060280e-01  3.61175026e-03  8.31724856e-01  3.61175026e-03  9.90622015e-01  3.61175026e-03  9.35145121e-01  3.61175026e-03  1.11988408e+00  3.61175026e-03  9.38054925e-01  3.61175026e-03  9.98161292e-01  3.61175026e-03  9.31596675e-01 
 3.63175026e-03  9.34807952e-01  3.63175026e-03  1.02452142e+00  3.63175026e-03  1.14558496e+00  3.63175026e-03  7.30653142e-01  3.63175026e-03  1.09584389e+00  3.63175026e-03  9.32994098e-01  3.63175026e-03  8.45333790e-01  3.63175026e-03  1.38442413e+00  3.63175026e-03  8.25809269e-01  3.63175026e-03  9.79159283e-01  3.63175026e-03  7.96857031e-01  3.63175026e-03  7.92367962e-01  3.63175026e-03  1.15747346e+00  3.63175026e-03  1.02354087e+00  3.63175026e-03  1.05839437e+00  3.63175026e-03  1.17519697e+00  3.63175026e-03  8.74775213e-01  3.63175026e-03  1.08127461e+00  3.63175026e-03  8.76924345e-01  3.63175026e-03  9.57299269e-01  3.63175026e-03  1.45168393e+00  3.63175026e-03  8.31092998e-01  3.63175026e-03  8.27500319e-01  3.63175026e-03  8.32446198e-01  3.63175026e-03  9.90895898e-01  3.63175026e-03  9.35683457e-01  3.63175026e-03  1.12051440e+00  3.63175026e-03  9.38275341e-01  3.63175026e-03  9.98733796e-01  3.63175026e-03  9.32407966e-01 
 3.65175026e-03  9.35481626e-01  3.65175026e-03  1.02530644e+00  3.65175026e-03  1.14588174e+00  3.65175026e-03  7.31341938e-01  3.65175026e-03  1.09690514e+00  3.65175026e-03  9.33343604e-01  3.65175026e-03  8.45508281e-01  3.65175026e-03  1.38496134e+00  3.65175026e-03  8.26757102e-01  3.65175026e-03  9.80613743e-01  3.65175026e-03  7.97055488e-01  3.65175026e-03  7.92982062e-01  3.65175026e-03  1.15848928e+00  3.65175026e-03  1.02401215e+00  3.65175026e-03  1.05865976e+00  3.65175026e-03  1.17562266e+00  3.65175026e-03  8.74884008e-01  3.65175026e-03  1.08154206e+00  3.65175026e-03  8.77121650e-01  3.65175026e-03  9.57623169e-01  3.65175026e-03  1.45248096e+00  3.65175026e-03  8.31712331e-01  3.65175026e-03  8.27931538e-01  3.65175026e-03  8.33155674e-01  3.65175026e-03  9.91163038e-01  3.65175026e-03  9.36211307e-01  3.65175026e-03  1.12113235e+00  3.65175026e-03  9.38490087e-01  3.65175026e-03  9.99295133e-01  3.65175026e-03  9.33205937e-01 
 3.67175026e-03  9.36143379e-01  3.67175026e-03  1.02607792e+00  3.67175026e-03  1.14617113e+00  3.67175026e-03  7.32019928e-01  3.67175026e-03  1.09794995e+00  3.67175026e-03  9.33685292e-01  3.67175026e-03  8.45678163e-01  3.67175026e-03  1.38548667e+00  3.67175026e-03  8.27691497e-01  3.67175026e-03  9.82050555e-01  3.67175026e-03  7.97248951e-01  3.67175026e-03  7.93585626e-01  3.67175026e-03  1.15948861e+00  3.67175026e-03  1.02447357e+00  3.67175026e-03  1.05891848e+00  3.67175026e-03  1.17603873e+00  3.67175026e-03  8.74989565e-01  3.67175026e-03  1.08180277e+00  3.67175026e-03  8.77313855e-01  3.67175026e-03  9.57939596e-01  3.67175026e-03  1.45326230e+00  3.67175026e-03  8.32320857e-01  3.67175026e-03  8.28354113e-01  3.67175026e-03  8.33853479e-01  3.67175026e-03  9.91423599e-01  3.67175026e-03  9.36728876e-01  3.67175026e-03  1.12173816e+00  3.67175026e-03  9.38699307e-01  3.67175026e-03  9.99845522e-01  3.67175026e-03  9.33990807e-01 
 3.69175026e-03  9.36793421e-01  3.69175026e-03  1.02683611e+00  3.69175026e-03  1.14645331e+00  3.69175026e-03  7.32687281e-01  3.69175026e-03  1.09897859e+00  3.69175026e-03  9.34019338e-01  3.69175026e-03  8.45843556e-01  3.69175026e-03  1.38600037e+00  3.69175026e-03  8.28612647e-01  3.69175026e-03  9.83469936e-01  3.69175026e-03  7.97437547e-01  3.69175026e-03  7.94178833e-01  3.69175026e-03  1.16047173e+00  3.69175026e-03  1.02492533e+00  3.69175026e-03  1.05917070e+00  3.69175026e-03  1.17644540e+00  3.69175026e-03  8.75091983e-01  3.69175026e-03  1.08205692e+00  3.69175026e-03  8.77501094e-01  3.69175026e-03  9.58248722e-01  3.69175026e-03  1.45402828e+00  3.69175026e-03  8.32918765e-01  3.69175026e-03  8.28768217e-01  3.69175026e-03  8.34539805e-01  3.69175026e-03  9.91677744e-01  3.69175026e-03  9.37236364e-01  3.69175026e-03  1.12233206e+00  3.69175026e-03  9.38903144e-01  3.69175026e-03  1.00038518e+00  3.69175026e-03  9.34762790e-01 
 3.71175026e-03  9.37431960e-01  3.71175026e-03  1.02758122e+00  3.71175026e-03  1.14672847e+00  3.71175026e-03  7.33344164e-01  3.71175026e-03  1.09999130e+00  3.71175026e-03  9.34345912e-01  3.71175026e-03  8.46004581e-01  3.71175026e-03  1.38650271e+00  3.71175026e-03  8.29520737e-01  3.71175026e-03  9.84872095e-01  3.71175026e-03  7.97621398e-01  3.71175026e-03  7.94761861e-01  3.71175026e-03  1.16143889e+00  3.71175026e-03  1.02536764e+00  3.71175026e-03  1.05941659e+00  3.71175026e-03  1.17684288e+00  3.71175026e-03  8.75191354e-01  3.71175026e-03  1.08230465e+00  3.71175026e-03  8.77683493e-01  3.71175026e-03  9.58550716e-01  3.71175026e-03  1.45477918e+00  3.71175026e-03  8.33506239e-01  3.71175026e-03  8.29174020e-01  3.71175026e-03  8.35214842e-01  3.71175026e-03  9.91925632e-01  3.71175026e-03  9.37733968e-01  3.71175026e-03  1.12291431e+00  3.71175026e-03  9.39101738e-01  3.71175026e-03  1.00091431e+00  3.71175026e-03  9.35522098e-01 
 3.73175026e-03  9.38059198e-01  3.73175026e-03  1.02831348e+00  3.73175026e-03  1.14699678e+00  3.73175026e-03  7.33990741e-01  3.73175026e-03  1.10098833e+00  3.73175026e-03  9.34665181e-01  3.73175026e-03  8.46161351e-01  3.73175026e-03  1.38699393e+00  3.73175026e-03  8.30415954e-01  3.73175026e-03  9.86257243e-01  3.73175026e-03  7.97800623e-01  3.73175026e-03  7.95334885e-01  3.73175026e-03  1.16239035e+00  3.73175026e-03  1.02580070e+00  3.73175026e-03  1.05965631e+00  3.73175026e-03  1.17723138e+00  3.73175026e-03  8.75287769e-01  3.73175026e-03  1.08254614e+00  3.73175026e-03  8.77861180e-01  3.73175026e-03  9.58845743e-01  3.73175026e-03  1.45551532e+00  3.73175026e-03  8.34083463e-01  3.73175026e-03  8.29571688e-01  3.73175026e-03  8.35878774e-01  3.73175026e-03  9.92167415e-01  3.73175026e-03  9.38221880e-01  3.73175026e-03  1.12348512e+00  3.73175026e-03  9.39295222e-01  3.73175026e-03  1.00143311e+00  3.73175026e-03  9.36268939e-01 
 3.75175026e-03  9.38675337e-01  3.75175026e-03  1.02903311e+00  3.75175026e-03  1.14725841e+00  3.75175026e-03  7.34627174e-01  3.75175026e-03  1.10196992e+00  3.75175026e-03  9.34977309e-01  3.75175026e-03  8.46313980e-01  3.75175026e-03  1.38747429e+00  3.75175026e-03  8.31298480e-01  3.75175026e-03  9.87625585e-01  3.75175026e-03  7.97975339e-01  3.75175026e-03  7.95898077e-01  3.75175026e-03  1.16332637e+00  3.75175026e-03  1.02622469e+00  3.75175026e-03  1.05989000e+00  3.75175026e-03  1.17761109e+00  3.75175026e-03  8.75381316e-01  3.75175026e-03  1.08278154e+00  3.75175026e-03  8.78034274e-01  3.75175026e-03  9.59133963e-01  3.75175026e-03  1.45623697e+00  3.75175026e-03  8.34650615e-01  3.75175026e-03  8.29961385e-01  3.75175026e-03  8.36531785e-01  3.75175026e-03  9.92403246e-01  3.75175026e-03  9.38700288e-01  3.75175026e-03  1.12404472e+00  3.75175026e-03  9.39483728e-01  3.75175026e-03  1.00194180e+00  3.75175026e-03  9.37003519e-01 
 3.77175026e-03  9.39280573e-01  3.77175026e-03  1.02974034e+00  3.77175026e-03  1.14751353e+00  3.77175026e-03  7.35253623e-01  3.77175026e-03  1.10293631e+00  3.77175026e-03  9.35282455e-01  3.77175026e-03  8.46462576e-01  3.77175026e-03  1.38794402e+00  3.77175026e-03  8.32168495e-01  3.77175026e-03  9.88977325e-01  3.77175026e-03  7.98145659e-01  3.77175026e-03  7.96451605e-01  3.77175026e-03  1.16424720e+00  3.77175026e-03  1.02663982e+00  3.77175026e-03  1.06011783e+00  3.77175026e-03  1.17798223e+00  3.77175026e-03  8.75472080e-01  3.77175026e-03  1.08301102e+00  3.77175026e-03  8.78202895e-01  3.77175026e-03  9.59415534e-01  3.77175026e-03  1.45694443e+00  3.77175026e-03  8.35207870e-01  3.77175026e-03  8.30343271e-01  3.77175026e-03  8.37174054e-01  3.77175026e-03  9.92633269e-01  3.77175026e-03  9.39169379e-01  3.77175026e-03  1.12459333e+00  3.77175026e-03  9.39667384e-01  3.77175026e-03  1.00244057e+00  3.77175026e-03  9.37726037e-01 
 3.79175026e-03  9.39875098e-01  3.79175026e-03  1.03043537e+00  3.79175026e-03  1.14776230e+00  3.79175026e-03  7.35870243e-01  3.79175026e-03  1.10388773e+00  3.79175026e-03  9.35580776e-01  3.79175026e-03  8.46607247e-01  3.79175026e-03  1.38840336e+00  3.79175026e-03  8.33026176e-01  3.79175026e-03  9.90312665e-01  3.79175026e-03  7.98311694e-01  3.79175026e-03  7.96995636e-01  3.79175026e-03  1.16515308e+00  3.79175026e-03  1.02704625e+00  3.79175026e-03  1.06033993e+00  3.79175026e-03  1.17834497e+00  3.79175026e-03  8.75560145e-01  3.79175026e-03  1.08323470e+00  3.79175026e-03  8.78367159e-01  3.79175026e-03  9.59690608e-01  3.79175026e-03  1.45763797e+00  3.79175026e-03  8.35755402e-01  3.79175026e-03  8.30717501e-01  3.79175026e-03  8.37805758e-01  3.79175026e-03  9.92857628e-01  3.79175026e-03  9.39629332e-01  3.79175026e-03  1.12513116e+00  3.79175026e-03  9.39846315e-01  3.79175026e-03  1.00292961e+00  3.79175026e-03  9.38436693e-01 
 3.81175026e-03  9.40459102e-01  3.81175026e-03  1.03111842e+00  3.81175026e-03  1.14800488e+00  3.81175026e-03  7.36477189e-01  3.81175026e-03  1.10482443e+00  3.81175026e-03  9.35872424e-01  3.81175026e-03  8.46748097e-01  3.81175026e-03  1.38885253e+00  3.81175026e-03  8.33871698e-01  3.81175026e-03  9.91631803e-01  3.81175026e-03  7.98473552e-01  3.81175026e-03  7.97530331e-01  3.81175026e-03  1.16604427e+00  3.81175026e-03  1.02744419e+00  3.81175026e-03  1.06055646e+00  3.81175026e-03  1.17869952e+00  3.81175026e-03  8.75645589e-01  3.81175026e-03  1.08345275e+00  3.81175026e-03  8.78527178e-01  3.81175026e-03  9.59959336e-01  3.81175026e-03  1.45831786e+00  3.81175026e-03  8.36293379e-01  3.81175026e-03  8.31084230e-01  3.81175026e-03  8.38427071e-01  3.81175026e-03  9.93076462e-01  3.81175026e-03  9.40080327e-01  3.81175026e-03  1.12565843e+00  3.81175026e-03  9.40020643e-01  3.81175026e-03  1.00340912e+00  3.81175026e-03  9.39135680e-01 
 3.83175026e-03  9.41032772e-01  3.83175026e-03  1.03178969e+00  3.83175026e-03  1.14824141e+00  3.83175026e-03  7.37074612e-01  3.83175026e-03  1.10574662e+00  3.83175026e-03  9.36157549e-01  3.83175026e-03  8.46885225e-01  3.83175026e-03  1.38929177e+00  3.83175026e-03  8.34705234e-01  3.83175026e-03  9.92934937e-01  3.83175026e-03  7.98631338e-01  3.83175026e-03  7.98055852e-01  3.83175026e-03  1.16692098e+00  3.83175026e-03  1.02783379e+00  3.83175026e-03  1.06076754e+00  3.83175026e-03  1.17904605e+00  3.83175026e-03  8.75728492e-01  3.83175026e-03  1.08366530e+00  3.83175026e-03  8.78683061e-01  3.83175026e-03  9.60221863e-01  3.83175026e-03  1.45898438e+00  3.83175026e-03  8.36821969e-01  3.83175026e-03  8.31443608e-01  3.83175026e-03  8.39038163e-01  3.83175026e-03  9.93289908e-01  3.83175026e-03  9.40522538e-01  3.83175026e-03  1.12617534e+00  3.83175026e-03  9.40190486e-01  3.83175026e-03  1.00387927e+00  3.83175026e-03  9.39823191e-01 
 3.85175026e-03  9.41596290e-01  3.85175026e-03  1.03244938e+00  3.85175026e-03  1.14847206e+00  3.85175026e-03  7.37662663e-01  3.85175026e-03  1.10665453e+00  3.85175026e-03  9.36436296e-01  3.85175026e-03  8.47018730e-01  3.85175026e-03  1.38972129e+00  3.85175026e-03  8.35526953e-01  3.85175026e-03  9.94222261e-01  3.85175026e-03  7.98785153e-01  3.85175026e-03  7.98572356e-01  3.85175026e-03  1.16778347e+00  3.85175026e-03  1.02821525e+00  3.85175026e-03  1.06097333e+00  3.85175026e-03  1.17938476e+00  3.85175026e-03  8.75808929e-01  3.85175026e-03  1.08387250e+00  3.85175026e-03  8.78834917e-01  3.85175026e-03  9.60478334e-01  3.85175026e-03  1.45963779e+00  3.85175026e-03  8.37341336e-01  3.85175026e-03  8.31795781e-01  3.85175026e-03  8.39639202e-01  3.85175026e-03  9.93498099e-01  3.85175026e-03  9.40956136e-01  3.85175026e-03  1.12668211e+00  3.85175026e-03  9.40355959e-01  3.85175026e-03  1.00434025e+00  3.85175026e-03  9.40499415e-01 
 3.87175026e-03  9.42149835e-01  3.87175026e-03  1.03309770e+00  3.87175026e-03  1.14869697e+00  3.87175026e-03  7.38241488e-01  3.87175026e-03  1.10754839e+00  3.87175026e-03  9.36708808e-01  3.87175026e-03  8.47148709e-01  3.87175026e-03  1.39014131e+00  3.87175026e-03  8.36337023e-01  3.87175026e-03  9.95493965e-01  3.87175026e-03  7.98935099e-01  3.87175026e-03  7.99079997e-01  3.87175026e-03  1.16863197e+00  3.87175026e-03  1.02858872e+00  3.87175026e-03  1.06117395e+00  3.87175026e-03  1.17971580e+00  3.87175026e-03  8.75886973e-01  3.87175026e-03  1.08407447e+00  3.87175026e-03  8.78982848e-01  3.87175026e-03  9.60728888e-01  3.87175026e-03  1.46027835e+00  3.87175026e-03  8.37851640e-01  3.87175026e-03  8.32140895e-01  3.87175026e-03  8.40230355e-01  3.87175026e-03  9.93701162e-01  3.87175026e-03  9.41381288e-01  3.87175026e-03  1.12717891e+00  3.87175026e-03  9.40517174e-01  3.87175026e-03  1.00479224e+00  3.87175026e-03  9.41164535e-01 
 3.89175026e-03  9.42693585e-01  3.89175026e-03  1.03373484e+00  3.89175026e-03  1.14891628e+00  3.89175026e-03  7.38811232e-01  3.89175026e-03  1.10842840e+00  3.89175026e-03  9.36975225e-01  3.89175026e-03  8.47275253e-01  3.89175026e-03  1.39055204e+00  3.89175026e-03  8.37135609e-01  3.89175026e-03  9.96750241e-01  3.89175026e-03  7.99081272e-01  3.89175026e-03  7.99578928e-01  3.89175026e-03  1.16946669e+00  3.89175026e-03  1.02895438e+00  3.89175026e-03  1.06136953e+00  3.89175026e-03  1.18003937e+00  3.89175026e-03  8.75962695e-01  3.89175026e-03  1.08427135e+00  3.89175026e-03  8.79126956e-01  3.89175026e-03  9.60973661e-01  3.89175026e-03  1.46090630e+00  3.89175026e-03  8.38353040e-01  3.89175026e-03  8.32479092e-01  3.89175026e-03  8.40811783e-01  3.89175026e-03  9.93899226e-01  3.89175026e-03  9.41798160e-01  3.89175026e-03  1.12766597e+00  3.89175026e-03  9.40674242e-01  3.89175026e-03  1.00523541e+00  3.89175026e-03  9.41818735e-01 
 3.91175026e-03  9.43227712e-01  3.91175026e-03  1.03436099e+00  3.91175026e-03  1.14913013e+00  3.91175026e-03  7.39372038e-01  3.91175026e-03  1.10929478e+00  3.91175026e-03  9.37235683e-01  3.91175026e-03  8.47398455e-01  3.91175026e-03  1.39095368e+00  3.91175026e-03  8.37922874e-01  3.91175026e-03  9.97991274e-01  3.91175026e-03  7.99223768e-01  3.91175026e-03  8.00069297e-01  3.91175026e-03  1.17028786e+00  3.91175026e-03  1.02931239e+00  3.91175026e-03  1.06156020e+00  3.91175026e-03  1.18035562e+00  3.91175026e-03  8.76036165e-01  3.91175026e-03  1.08446327e+00  3.91175026e-03  8.79267340e-01  3.91175026e-03  9.61212787e-01  3.91175026e-03  1.46152190e+00  3.91175026e-03  8.38845691e-01  3.91175026e-03  8.32810509e-01  3.91175026e-03  8.41383648e-01  3.91175026e-03  9.94092413e-01  3.91175026e-03  9.42206911e-01  3.91175026e-03  1.12814345e+00  3.91175026e-03  9.40827269e-01  3.91175026e-03  1.00566994e+00  3.91175026e-03  9.42462194e-01 
 3.93175026e-03  9.43752387e-01  3.93175026e-03  1.03497635e+00  3.93175026e-03  1.14933865e+00  3.93175026e-03  7.39924045e-01  3.93175026e-03  1.11014776e+00  3.93175026e-03  9.37490314e-01  3.93175026e-03  8.47518402e-01  3.93175026e-03  1.39134644e+00  3.93175026e-03  8.38698978e-01  3.93175026e-03  9.99217251e-01  3.93175026e-03  7.99362678e-01  3.93175026e-03  8.00551253e-01  3.93175026e-03  1.17109571e+00  3.93175026e-03  1.02966291e+00  3.93175026e-03  1.06174608e+00  3.93175026e-03  1.18066473e+00  3.93175026e-03  8.76107449e-01  3.93175026e-03  1.08465035e+00  3.93175026e-03  8.79404096e-01  3.93175026e-03  9.61446395e-01  3.93175026e-03  1.46212539e+00  3.93175026e-03  8.39329745e-01  3.93175026e-03  8.33135282e-01  3.93175026e-03  8.41946105e-01  3.93175026e-03  9.94280843e-01  3.93175026e-03  9.42607702e-01  3.93175026e-03  1.12861156e+00  3.93175026e-03  9.40976359e-01  3.93175026e-03  1.00609599e+00  3.93175026e-03  9.43095088e-01 
 3.95175026e-03  9.44267778e-01  3.95175026e-03  1.03558109e+00  3.95175026e-03  1.14954199e+00  3.95175026e-03  7.40467391e-01  3.95175026e-03  1.11098752e+00  3.95175026e-03  9.37739251e-01  3.95175026e-03  8.47635180e-01  3.95175026e-03  1.39173051e+00  3.95175026e-03  8.39464080e-01  3.95175026e-03  1.00042835e+00  3.95175026e-03  7.99498094e-01  3.95175026e-03  8.01024938e-01  3.95175026e-03  1.17189045e+00  3.95175026e-03  1.03000609e+00  3.95175026e-03  1.06192729e+00  3.95175026e-03  1.18096685e+00  3.95175026e-03  8.76176613e-01  3.95175026e-03  1.08483272e+00  3.95175026e-03  8.79537318e-01  3.95175026e-03  9.61674614e-01  3.95175026e-03  1.46271701e+00  3.95175026e-03  8.39805353e-01  3.95175026e-03  8.33453545e-01  3.95175026e-03  8.42499309e-01  3.95175026e-03  9.94464632e-01  3.95175026e-03  9.43000686e-01  3.95175026e-03  1.12907047e+00  3.95175026e-03  9.41121614e-01  3.95175026e-03  1.00651374e+00  3.95175026e-03  9.43717591e-01 
 3.97175026e-03  9.44774047e-01  3.97175026e-03  1.03617541e+00  3.97175026e-03  1.14974026e+00  3.97175026e-03  7.41002213e-01  3.97175026e-03  1.11181428e+00  3.97175026e-03  9.37982619e-01  3.97175026e-03  8.47748873e-01  3.97175026e-03  1.39210608e+00  3.97175026e-03  8.40218336e-01  3.97175026e-03  1.00162476e+00  3.97175026e-03  7.99630102e-01  3.97175026e-03  8.01490496e-01  3.97175026e-03  1.17267228e+00  3.97175026e-03  1.03034209e+00  3.97175026e-03  1.06210395e+00  3.97175026e-03  1.18126214e+00  3.97175026e-03  8.76243720e-01  3.97175026e-03  1.08501049e+00  3.97175026e-03  8.79667097e-01  3.97175026e-03  9.61897568e-01  3.97175026e-03  1.46329699e+00  3.97175026e-03  8.40272662e-01  3.97175026e-03  8.33765429e-01  3.97175026e-03  8.43043414e-01  3.97175026e-03  9.94643897e-01  3.97175026e-03  9.43386016e-01  3.97175026e-03  1.12952038e+00  3.97175026e-03  9.41263131e-01  3.97175026e-03  1.00692334e+00  3.97175026e-03  9.44329874e-01 
 3.99175026e-03  9.45271358e-01  3.99175026e-03  1.03675948e+00  3.99175026e-03  1.14993360e+00  3.99175026e-03  7.41528645e-01  3.99175026e-03  1.11262824e+00  3.99175026e-03  9.38220543e-01  3.99175026e-03  8.47859563e-01  3.99175026e-03  1.39247334e+00  3.99175026e-03  8.40961898e-01  3.99175026e-03  1.00280665e+00  3.99175026e-03  7.99758790e-01  3.99175026e-03  8.01948066e-01  3.99175026e-03  1.17344143e+00  3.99175026e-03  1.03067106e+00  3.99175026e-03  1.06227618e+00  3.99175026e-03  1.18155076e+00  3.99175026e-03  8.76308830e-01  3.99175026e-03  1.08518377e+00  3.99175026e-03  8.79793523e-01  3.99175026e-03  9.62115378e-01  3.99175026e-03  1.46386556e+00  3.99175026e-03  8.40731817e-01  3.99175026e-03  8.34071061e-01  3.99175026e-03  8.43578568e-01  3.99175026e-03  9.94818747e-01  3.99175026e-03  9.43763841e-01  3.99175026e-03  1.12996144e+00  3.99175026e-03  9.41401007e-01  3.99175026e-03  1.00732495e+00  3.99175026e-03  9.44932103e-01 
 4.01175026e-03  9.45759868e-01  4.01175026e-03  1.03733348e+00  4.01175026e-03  1.15012212e+00  4.01175026e-03  7.42046817e-01  4.01175026e-03  1.11342959e+00  4.01175026e-03  9.38453146e-01  4.01175026e-03  8.47967328e-01  4.01175026e-03  1.39283248e+00  4.01175026e-03  8.41694920e-01  4.01175026e-03  1.00397421e+00  4.01175026e-03  7.99884239e-01  4.01175026e-03  8.02397784e-01  4.01175026e-03  1.17419810e+00  4.01175026e-03  1.03099315e+00  4.01175026e-03  1.06244408e+00  4.01175026e-03  1.18183285e+00  4.01175026e-03  8.76372003e-01  4.01175026e-03  1.08535269e+00  4.01175026e-03  8.79916681e-01  4.01175026e-03  9.62328162e-01  4.01175026e-03  1.46442295e+00  4.01175026e-03  8.41182960e-01  4.01175026e-03  8.34370566e-01  4.01175026e-03  8.44104920e-01  4.01175026e-03  9.94989292e-01  4.01175026e-03  9.44134306e-01  4.01175026e-03  1.13039384e+00  4.01175026e-03  9.41535336e-01  4.01175026e-03  1.00771872e+00  4.01175026e-03  9.45524445e-01 
 4.03175026e-03  9.46239734e-01  4.03175026e-03  1.03789758e+00  4.03175026e-03  1.15030595e+00  4.03175026e-03  7.42556860e-01  4.03175026e-03  1.11421854e+00  4.03175026e-03  9.38680546e-01  4.03175026e-03  8.48072246e-01  4.03175026e-03  1.39318367e+00  4.03175026e-03  8.42417550e-01  4.03175026e-03  1.00512759e+00  4.03175026e-03  8.00006532e-01  4.03175026e-03  8.02839786e-01  4.03175026e-03  1.17494248e+00  4.03175026e-03  1.03130850e+00  4.03175026e-03  1.06260776e+00  4.03175026e-03  1.18210857e+00  4.03175026e-03  8.76433297e-01  4.03175026e-03  1.08551736e+00  4.03175026e-03  8.80036657e-01  4.03175026e-03  9.62536037e-01  4.03175026e-03  1.46496937e+00  4.03175026e-03  8.41626230e-01  4.03175026e-03  8.34664067e-01  4.03175026e-03  8.44622612e-01  4.03175026e-03  9.95155637e-01  4.03175026e-03  9.44497556e-01  4.03175026e-03  1.13081775e+00  4.03175026e-03  9.41666210e-01  4.03175026e-03  1.00810482e+00  4.03175026e-03  9.46107061e-01 
 4.05175026e-03  9.46711107e-01  4.05175026e-03  1.03845195e+00  4.05175026e-03  1.15048521e+00  4.05175026e-03  7.43058901e-01  4.05175026e-03  1.11499527e+00  4.05175026e-03  9.38902860e-01  4.05175026e-03  8.48174393e-01  4.05175026e-03  1.39352709e+00  4.05175026e-03  8.43129935e-01  4.05175026e-03  1.00626699e+00  4.05175026e-03  8.00125749e-01  4.05175026e-03  8.03274203e-01  4.05175026e-03  1.17567479e+00  4.05175026e-03  1.03161725e+00  4.05175026e-03  1.06276733e+00  4.05175026e-03  1.18237806e+00  4.05175026e-03  8.76492768e-01  4.05175026e-03  1.08567787e+00  4.05175026e-03  8.80153532e-01  4.05175026e-03  9.62739117e-01  4.05175026e-03  1.46550504e+00  4.05175026e-03  8.42061766e-01  4.05175026e-03  8.34951685e-01  4.05175026e-03  8.45131789e-01  4.05175026e-03  9.95317887e-01  4.05175026e-03  9.44853731e-01  4.05175026e-03  1.13123334e+00  4.05175026e-03  9.41793716e-01  4.05175026e-03  1.00848338e+00  4.05175026e-03  9.46680111e-01 
 4.07175026e-03  9.47174139e-01  4.07175026e-03  1.03899677e+00  4.07175026e-03  1.15066000e+00  4.07175026e-03  7.43553065e-01  4.07175026e-03  1.11575997e+00  4.07175026e-03  9.39120201e-01  4.07175026e-03  8.48273841e-01  4.07175026e-03  1.39386292e+00  4.07175026e-03  8.43832222e-01  4.07175026e-03  1.00739256e+00  4.07175026e-03  8.00241966e-01  4.07175026e-03  8.03701167e-01  4.07175026e-03  1.17639521e+00  4.07175026e-03  1.03191954e+00  4.07175026e-03  1.06292290e+00  4.07175026e-03  1.18264146e+00  4.07175026e-03  8.76550470e-01  4.07175026e-03  1.08583434e+00  4.07175026e-03  8.80267387e-01  4.07175026e-03  9.62937511e-01  4.07175026e-03  1.46603018e+00  4.07175026e-03  8.42489703e-01  4.07175026e-03  8.35233538e-01  4.07175026e-03  8.45632590e-01  4.07175026e-03  9.95476141e-01  4.07175026e-03  9.45202968e-01  4.07175026e-03  1.13164076e+00  4.07175026e-03  9.41917941e-01  4.07175026e-03  1.00885456e+00  4.07175026e-03  9.47243753e-01 
 4.09175026e-03  9.47628977e-01  4.09175026e-03  1.03953219e+00  4.09175026e-03  1.15083044e+00  4.09175026e-03  7.44039476e-01  4.09175026e-03  1.11651284e+00  4.09175026e-03  9.39332680e-01  4.09175026e-03  8.48370662e-01  4.09175026e-03  1.39419131e+00  4.09175026e-03  8.44524552e-01  4.09175026e-03  1.00850447e+00  4.09175026e-03  8.00355259e-01  4.09175026e-03  8.04120804e-01  4.09175026e-03  1.17710393e+00  4.09175026e-03  1.03221551e+00  4.09175026e-03  1.06307455e+00  4.09175026e-03  1.18289890e+00  4.09175026e-03  8.76606455e-01  4.09175026e-03  1.08598686e+00  4.09175026e-03  8.80378300e-01  4.09175026e-03  9.63131327e-01  4.09175026e-03  1.46654498e+00  4.09175026e-03  8.42910172e-01  4.09175026e-03  8.35509741e-01  4.09175026e-03  8.46125153e-01  4.09175026e-03  9.95630498e-01  4.09175026e-03  9.45545403e-01  4.09175026e-03  1.13204018e+00  4.09175026e-03  9.42038971e-01  4.09175026e-03  1.00921851e+00  4.09175026e-03  9.47798141e-01 
 4.11175026e-03  9.48075766e-01  4.11175026e-03  1.04005837e+00  4.11175026e-03  1.15099664e+00  4.11175026e-03  7.44518257e-01  4.11175026e-03  1.11725404e+00  4.11175026e-03  9.39540407e-01  4.11175026e-03  8.48464925e-01  4.11175026e-03  1.39451244e+00  4.11175026e-03  8.45207068e-01  4.11175026e-03  1.00960289e+00  4.11175026e-03  8.00465702e-01  4.11175026e-03  8.04533241e-01  4.11175026e-03  1.17780116e+00  4.11175026e-03  1.03250528e+00  4.11175026e-03  1.06322240e+00  4.11175026e-03  1.18315053e+00  4.11175026e-03  8.76660775e-01  4.11175026e-03  1.08613554e+00  4.11175026e-03  8.80486347e-01  4.11175026e-03  9.63320672e-01  4.11175026e-03  1.46704966e+00  4.11175026e-03  8.43323304e-01  4.11175026e-03  8.35780407e-01  4.11175026e-03  8.46609614e-01  4.11175026e-03  9.95781055e-01  4.11175026e-03  9.45881169e-01  4.11175026e-03  1.13243175e+00  4.11175026e-03  9.42156887e-01  4.11175026e-03  1.00957535e+00  4.11175026e-03  9.48343426e-01 
 4.13175026e-03  9.48514648e-01  4.13175026e-03  1.04057549e+00  4.13175026e-03  1.15115870e+00  4.13175026e-03  7.44989525e-01  4.13175026e-03  1.11798377e+00  4.13175026e-03  9.39743488e-01  4.13175026e-03  8.48556698e-01  4.13175026e-03  1.39482647e+00  4.13175026e-03  8.45879908e-01  4.13175026e-03  1.01068799e+00  4.13175026e-03  8.00573366e-01  4.13175026e-03  8.04938601e-01  4.13175026e-03  1.17848707e+00  4.13175026e-03  1.03278899e+00  4.13175026e-03  1.06336654e+00  4.13175026e-03  1.18339647e+00  4.13175026e-03  8.76713479e-01  4.13175026e-03  1.08628047e+00  4.13175026e-03  8.80591601e-01  4.13175026e-03  9.63505649e-01  4.13175026e-03  1.46754441e+00  4.13175026e-03  8.43729227e-01  4.13175026e-03  8.36045648e-01  4.13175026e-03  8.47086105e-01  4.13175026e-03  9.95927904e-01  4.13175026e-03  9.46210395e-01  4.13175026e-03  1.13281564e+00  4.13175026e-03  9.42271769e-01  4.13175026e-03  1.00992524e+00  4.13175026e-03  9.48879758e-01 
 4.15175026e-03  9.48945764e-01  4.15175026e-03  1.04108369e+00  4.15175026e-03  1.15131673e+00  4.15175026e-03  7.45453401e-01  4.15175026e-03  1.11870220e+00  4.15175026e-03  9.39942026e-01  4.15175026e-03  8.48646046e-01  4.15175026e-03  1.39513355e+00  4.15175026e-03  8.46543210e-01  4.15175026e-03  1.01175992e+00  4.15175026e-03  8.00678321e-01  4.15175026e-03  8.05337005e-01  4.15175026e-03  1.17916184e+00  4.15175026e-03  1.03306677e+00  4.15175026e-03  1.06350706e+00  4.15175026e-03  1.18363685e+00  4.15175026e-03  8.76764615e-01  4.15175026e-03  1.08642175e+00  4.15175026e-03  8.80694135e-01  4.15175026e-03  9.63686357e-01  4.15175026e-03  1.46802942e+00  4.15175026e-03  8.44128067e-01  4.15175026e-03  8.36305571e-01  4.15175026e-03  8.47554758e-01  4.15175026e-03  9.96071137e-01  4.15175026e-03  9.46533208e-01  4.15175026e-03  1.13319198e+00  4.15175026e-03  9.42383695e-01  4.15175026e-03  1.01026830e+00  4.15175026e-03  9.49407285e-01 
 4.17175026e-03  9.49369250e-01  4.17175026e-03  1.04158312e+00  4.17175026e-03  1.15147083e+00  4.17175026e-03  7.45909998e-01  4.17175026e-03  1.11940950e+00  4.17175026e-03  9.40136123e-01  4.17175026e-03  8.48733034e-01  4.17175026e-03  1.39543383e+00  4.17175026e-03  8.47197108e-01  4.17175026e-03  1.01281884e+00  4.17175026e-03  8.00780636e-01  4.17175026e-03  8.05728574e-01  4.17175026e-03  1.17982567e+00  4.17175026e-03  1.03333873e+00  4.17175026e-03  1.06364404e+00  4.17175026e-03  1.18387180e+00  4.17175026e-03  8.76814230e-01  4.17175026e-03  1.08655946e+00  4.17175026e-03  8.80794020e-01  4.17175026e-03  9.63862897e-01  4.17175026e-03  1.46850490e+00  4.17175026e-03  8.44519948e-01  4.17175026e-03  8.36560285e-01  4.17175026e-03  8.48015702e-01  4.17175026e-03  9.96210844e-01  4.17175026e-03  9.46849733e-01  4.17175026e-03  1.13356094e+00  4.17175026e-03  9.42492742e-01  4.17175026e-03  1.01060466e+00  4.17175026e-03  9.49926150e-01 
 4.19175026e-03  9.49785243e-01  4.19175026e-03  1.04207394e+00  4.19175026e-03  1.15162108e+00  4.19175026e-03  7.46359432e-01  4.19175026e-03  1.12010586e+00  4.19175026e-03  9.40325879e-01  4.19175026e-03  8.48817724e-01  4.19175026e-03  1.39572748e+00  4.19175026e-03  8.47841736e-01  4.19175026e-03  1.01386492e+00  4.19175026e-03  8.00880376e-01  4.19175026e-03  8.06113423e-01  4.19175026e-03  1.18047872e+00  4.19175026e-03  1.03360500e+00  4.19175026e-03  1.06377759e+00  4.19175026e-03  1.18410143e+00  4.19175026e-03  8.76862369e-01  4.19175026e-03  1.08669371e+00  4.19175026e-03  8.80891324e-01  4.19175026e-03  9.64035364e-01  4.19175026e-03  1.46897102e+00  4.19175026e-03  8.44904991e-01  4.19175026e-03  8.36809893e-01  4.19175026e-03  8.48469064e-01  4.19175026e-03  9.96347110e-01  4.19175026e-03  9.47160094e-01  4.19175026e-03  1.13392265e+00  4.19175026e-03  9.42598983e-01  4.19175026e-03  1.01093447e+00  4.19175026e-03  9.50436496e-01 
 4.21175026e-03  9.50193874e-01  4.21175026e-03  1.04255630e+00  4.21175026e-03  1.15176760e+00  4.21175026e-03  7.46801815e-01  4.21175026e-03  1.12079143e+00  4.21175026e-03  9.40511390e-01  4.21175026e-03  8.48900177e-01  4.21175026e-03  1.39601462e+00  4.21175026e-03  8.48477226e-01  4.21175026e-03  1.01489831e+00  4.21175026e-03  8.00977607e-01  4.21175026e-03  8.06491669e-01  4.21175026e-03  1.18112117e+00  4.21175026e-03  1.03386570e+00  4.21175026e-03  1.06390778e+00  4.21175026e-03  1.18432588e+00  4.21175026e-03  8.76909076e-01  4.21175026e-03  1.08682457e+00  4.21175026e-03  8.80986112e-01  4.21175026e-03  9.64203851e-01  4.21175026e-03  1.46942797e+00  4.21175026e-03  8.45283315e-01  4.21175026e-03  8.37054497e-01  4.21175026e-03  8.48914967e-01  4.21175026e-03  9.96480021e-01  4.21175026e-03  9.47464409e-01  4.21175026e-03  1.13427725e+00  4.21175026e-03  9.42702491e-01  4.21175026e-03  1.01125785e+00  4.21175026e-03  9.50938463e-01 
 4.23175026e-03  9.50595273e-01  4.23175026e-03  1.04303034e+00  4.23175026e-03  1.15191047e+00  4.23175026e-03  7.47237257e-01  4.23175026e-03  1.12146638e+00  4.23175026e-03  9.40692752e-01  4.23175026e-03  8.48980451e-01  4.23175026e-03  1.39629542e+00  4.23175026e-03  8.49103707e-01  4.23175026e-03  1.01591916e+00  4.23175026e-03  8.01072392e-01  4.23175026e-03  8.06863425e-01  4.23175026e-03  1.18175320e+00  4.23175026e-03  1.03412094e+00  4.23175026e-03  1.06403471e+00  4.23175026e-03  1.18454526e+00  4.23175026e-03  8.76954394e-01  4.23175026e-03  1.08695213e+00  4.23175026e-03  8.81078452e-01  4.23175026e-03  9.64368451e-01  4.23175026e-03  1.46987593e+00  4.23175026e-03  8.45655038e-01  4.23175026e-03  8.37294198e-01  4.23175026e-03  8.49353536e-01  4.23175026e-03  9.96609660e-01  4.23175026e-03  9.47762798e-01  4.23175026e-03  1.13462489e+00  4.23175026e-03  9.42803336e-01  4.23175026e-03  1.01157492e+00  4.23175026e-03  9.51432188e-01 
 4.25175026e-03  9.50989570e-01  4.25175026e-03  1.04349621e+00  4.25175026e-03  1.15204978e+00  4.25175026e-03  7.47665868e-01  4.25175026e-03  1.12213089e+00  4.25175026e-03  9.40870057e-01  4.25175026e-03  8.49058604e-01  4.25175026e-03  1.39657000e+00  4.25175026e-03  8.49721306e-01  4.25175026e-03  1.01692762e+00  4.25175026e-03  8.01164792e-01  4.25175026e-03  8.07228802e-01  4.25175026e-03  1.18237497e+00  4.25175026e-03  1.03437085e+00  4.25175026e-03  1.06415844e+00  4.25175026e-03  1.18475967e+00  4.25175026e-03  8.76998364e-01  4.25175026e-03  1.08707648e+00  4.25175026e-03  8.81168405e-01  4.25175026e-03  9.64529254e-01  4.25175026e-03  1.47031508e+00  4.25175026e-03  8.46020274e-01  4.25175026e-03  8.37529094e-01  4.25175026e-03  8.49784890e-01  4.25175026e-03  9.96736106e-01  4.25175026e-03  9.48055374e-01  4.25175026e-03  1.13496570e+00  4.25175026e-03  9.42901587e-01  4.25175026e-03  1.01188580e+00  4.25175026e-03  9.51917807e-01 
 4.27175026e-03  9.51376888e-01  4.27175026e-03  1.04395405e+00  4.27175026e-03  1.15218563e+00  4.27175026e-03  7.48087754e-01  4.27175026e-03  1.12278510e+00  4.27175026e-03  9.41043397e-01  4.27175026e-03  8.49134693e-01  4.27175026e-03  1.39683851e+00  4.27175026e-03  8.50330150e-01  4.27175026e-03  1.01792385e+00  4.27175026e-03  8.01254867e-01  4.27175026e-03  8.07587910e-01  4.27175026e-03  1.18298665e+00  4.27175026e-03  1.03461552e+00  4.27175026e-03  1.06427907e+00  4.27175026e-03  1.18496925e+00  4.27175026e-03  8.77041026e-01  4.27175026e-03  1.08719769e+00  4.27175026e-03  8.81256033e-01  4.27175026e-03  9.64686346e-01  4.27175026e-03  1.47074559e+00  4.27175026e-03  8.46379137e-01  4.27175026e-03  8.37759281e-01  4.27175026e-03  8.50209149e-01  4.27175026e-03  9.96859438e-01  4.27175026e-03  9.48342252e-01  4.27175026e-03  1.13529982e+00  4.27175026e-03  9.42997309e-01  4.27175026e-03  1.01219062e+00  4.27175026e-03  9.52395453e-01 
 4.29175026e-03  9.51757353e-01  4.29175026e-03  1.04440399e+00  4.29175026e-03  1.15231809e+00  4.29175026e-03  7.48503022e-01  4.29175026e-03  1.12342918e+00  4.29175026e-03  9.41212859e-01  4.29175026e-03  8.49208772e-01  4.29175026e-03  1.39710107e+00  4.29175026e-03  8.50930363e-01  4.29175026e-03  1.01890799e+00  4.29175026e-03  8.01342676e-01  4.29175026e-03  8.07940856e-01  4.29175026e-03  1.18358840e+00  4.29175026e-03  1.03485508e+00  4.29175026e-03  1.06439667e+00  4.29175026e-03  1.18517408e+00  4.29175026e-03  8.77082418e-01  4.29175026e-03  1.08731585e+00  4.29175026e-03  8.81341397e-01  4.29175026e-03  9.64839815e-01  4.29175026e-03  1.47116763e+00  4.29175026e-03  8.46731739e-01  4.29175026e-03  8.37984854e-01  4.29175026e-03  8.50626429e-01  4.29175026e-03  9.96979734e-01  4.29175026e-03  9.48623542e-01  4.29175026e-03  1.13562737e+00  4.29175026e-03  9.43090569e-01  4.29175026e-03  1.01248950e+00  4.29175026e-03  9.52865256e-01 
 4.31175026e-03  9.52131085e-01  4.31175026e-03  1.04484617e+00  4.31175026e-03  1.15244726e+00  4.31175026e-03  7.48911774e-01  4.31175026e-03  1.12406329e+00  4.31175026e-03  9.41378531e-01  4.31175026e-03  8.49280894e-01  4.31175026e-03  1.39735783e+00  4.31175026e-03  8.51522067e-01  4.31175026e-03  1.01988019e+00  4.31175026e-03  8.01428276e-01  4.31175026e-03  8.08287745e-01  4.31175026e-03  1.18418038e+00  4.31175026e-03  1.03508962e+00  4.31175026e-03  1.06451132e+00  4.31175026e-03  1.18537429e+00  4.31175026e-03  8.77122579e-01  4.31175026e-03  1.08743103e+00  4.31175026e-03  8.81424555e-01  4.31175026e-03  9.64989742e-01  4.31175026e-03  1.47158137e+00  4.31175026e-03  8.47078187e-01  4.31175026e-03  8.38205906e-01  4.31175026e-03  8.51036845e-01  4.31175026e-03  9.97097068e-01  4.31175026e-03  9.48899353e-01  4.31175026e-03  1.13594850e+00  4.31175026e-03  9.43181430e-01  4.31175026e-03  1.01278254e+00  4.31175026e-03  9.53327346e-01 
 4.33175026e-03  9.52498203e-01  4.33175026e-03  1.04528073e+00  4.33175026e-03  1.15257321e+00  4.33175026e-03  7.49314114e-01  4.33175026e-03  1.12468759e+00  4.33175026e-03  9.41540497e-01  4.33175026e-03  8.49351111e-01  4.33175026e-03  1.39760891e+00  4.33175026e-03  8.52105382e-01  4.33175026e-03  1.02084059e+00  4.33175026e-03  8.01511722e-01  4.33175026e-03  8.08628683e-01  4.33175026e-03  1.18476276e+00  4.33175026e-03  1.03531926e+00  4.33175026e-03  1.06462308e+00  4.33175026e-03  1.18556997e+00  4.33175026e-03  8.77161546e-01  4.33175026e-03  1.08754331e+00  4.33175026e-03  8.81505564e-01  4.33175026e-03  9.65136211e-01  4.33175026e-03  1.47198697e+00  4.33175026e-03  8.47418591e-01  4.33175026e-03  8.38422526e-01  4.33175026e-03  8.51440509e-01  4.33175026e-03  9.97211512e-01  4.33175026e-03  9.49169793e-01  4.33175026e-03  1.13626331e+00  4.33175026e-03  9.43269953e-01  4.33175026e-03  1.01306988e+00  4.33175026e-03  9.53781849e-01 
 4.35175026e-03  9.52858824e-01  4.35175026e-03  1.04570779e+00  4.35175026e-03  1.15269603e+00  4.35175026e-03  7.49710141e-01  4.35175026e-03  1.12530221e+00  4.35175026e-03  9.41698840e-01  4.35175026e-03  8.49419472e-01  4.35175026e-03  1.39785443e+00  4.35175026e-03  8.52680429e-01  4.35175026e-03  1.02178934e+00  4.35175026e-03  8.01593069e-01  4.35175026e-03  8.08963770e-01  4.35175026e-03  1.18533568e+00  4.35175026e-03  1.03554409e+00  4.35175026e-03  1.06473204e+00  4.35175026e-03  1.18576123e+00  4.35175026e-03  8.77199354e-01  4.35175026e-03  1.08765276e+00  4.35175026e-03  8.81584480e-01  4.35175026e-03  9.65279300e-01  4.35175026e-03  1.47238459e+00  4.35175026e-03  8.47753055e-01  4.35175026e-03  8.38634804e-01  4.35175026e-03  8.51837533e-01  4.35175026e-03  9.97323138e-01  4.35175026e-03  9.49434965e-01  4.35175026e-03  1.13657194e+00  4.35175026e-03  9.43356199e-01  4.35175026e-03  1.01335160e+00  4.35175026e-03  9.54228890e-01 
 4.37175026e-03  9.53213064e-01  4.37175026e-03  1.04612749e+00  4.37175026e-03  1.15281579e+00  4.37175026e-03  7.50099955e-01  4.37175026e-03  1.12590732e+00  4.37175026e-03  9.41853641e-01  4.37175026e-03  8.49486028e-01  4.37175026e-03  1.39809453e+00  4.37175026e-03  8.53247323e-01  4.37175026e-03  1.02272659e+00  4.37175026e-03  8.01672369e-01  4.37175026e-03  8.09293108e-01  4.37175026e-03  1.18589931e+00  4.37175026e-03  1.03576421e+00  4.37175026e-03  1.06483827e+00  4.37175026e-03  1.18594816e+00  4.37175026e-03  8.77236036e-01  4.37175026e-03  1.08775945e+00  4.37175026e-03  8.81661356e-01  4.37175026e-03  9.65419088e-01  4.37175026e-03  1.47277439e+00  4.37175026e-03  8.48081682e-01  4.37175026e-03  8.38842827e-01  4.37175026e-03  8.52228026e-01  4.37175026e-03  9.97432016e-01  4.37175026e-03  9.49694972e-01  4.37175026e-03  1.13687451e+00  4.37175026e-03  9.43440225e-01  4.37175026e-03  1.01362783e+00  4.37175026e-03  9.54668591e-01 
 4.39175026e-03  9.53561035e-01  4.39175026e-03  1.04653995e+00  4.39175026e-03  1.15293256e+00  4.39175026e-03  7.50483654e-01  4.39175026e-03  1.12650306e+00  4.39175026e-03  9.42004980e-01  4.39175026e-03  8.49550825e-01  4.39175026e-03  1.39832931e+00  4.39175026e-03  8.53806180e-01  4.39175026e-03  1.02365246e+00  4.39175026e-03  8.01749674e-01  4.39175026e-03  8.09616795e-01  4.39175026e-03  1.18645379e+00  4.39175026e-03  1.03597973e+00  4.39175026e-03  1.06494182e+00  4.39175026e-03  1.18613087e+00  4.39175026e-03  8.77271628e-01  4.39175026e-03  1.08786344e+00  4.39175026e-03  8.81736246e-01  4.39175026e-03  9.65555650e-01  4.39175026e-03  1.47315652e+00  4.39175026e-03  8.48404575e-01  4.39175026e-03  8.39046680e-01  4.39175026e-03  8.52612096e-01  4.39175026e-03  9.97538213e-01  4.39175026e-03  9.49949914e-01  4.39175026e-03  1.13717114e+00  4.39175026e-03  9.43522090e-01  4.39175026e-03  1.01389868e+00  4.39175026e-03  9.55101072e-01 
 4.41175026e-03  9.53902848e-01  4.41175026e-03  1.04694530e+00  4.41175026e-03  1.15304643e+00  4.41175026e-03  7.50861332e-01  4.41175026e-03  1.12708957e+00  4.41175026e-03  9.42152934e-01  4.41175026e-03  8.49613910e-01  4.41175026e-03  1.39855889e+00  4.41175026e-03  8.54357115e-01  4.41175026e-03  1.02456709e+00  4.41175026e-03  8.01825034e-01  4.41175026e-03  8.09934928e-01  4.41175026e-03  1.18699927e+00  4.41175026e-03  1.03619075e+00  4.41175026e-03  1.06504278e+00  4.41175026e-03  1.18630946e+00  4.41175026e-03  8.77306161e-01  4.41175026e-03  1.08796482e+00  4.41175026e-03  8.81809200e-01  4.41175026e-03  9.65689062e-01  4.41175026e-03  1.47353113e+00  4.41175026e-03  8.48721834e-01  4.41175026e-03  8.39246447e-01  4.41175026e-03  8.52989848e-01  4.41175026e-03  9.97641795e-01  4.41175026e-03  9.50199892e-01  4.41175026e-03  1.13746194e+00  4.41175026e-03  9.43601849e-01  4.41175026e-03  1.01416424e+00  4.41175026e-03  9.55526453e-01 
 4.43175026e-03  9.54238612e-01  4.43175026e-03  1.04734367e+00  4.43175026e-03  1.15315747e+00  4.43175026e-03  7.51233086e-01  4.43175026e-03  1.12766701e+00  4.43175026e-03  9.42297578e-01  4.43175026e-03  8.49675329e-01  4.43175026e-03  1.39878340e+00  4.43175026e-03  8.54900240e-01  4.43175026e-03  1.02547063e+00  4.43175026e-03  8.01898497e-01  4.43175026e-03  8.10247602e-01  4.43175026e-03  1.18753590e+00  4.43175026e-03  1.03639734e+00  4.43175026e-03  1.06514120e+00  4.43175026e-03  1.18648400e+00  4.43175026e-03  8.77339666e-01  4.43175026e-03  1.08806364e+00  4.43175026e-03  8.81880269e-01  4.43175026e-03  9.65819396e-01  4.43175026e-03  1.47389838e+00  4.43175026e-03  8.49033557e-01  4.43175026e-03  8.39442209e-01  4.43175026e-03  8.53361386e-01  4.43175026e-03  9.97742826e-01  4.43175026e-03  9.50445000e-01  4.43175026e-03  1.13774703e+00  4.43175026e-03  9.43679555e-01  4.43175026e-03  1.01442462e+00  4.43175026e-03  9.55944850e-01 
 4.45175026e-03  9.54568435e-01  4.45175026e-03  1.04773516e+00  4.45175026e-03  1.15326574e+00  4.45175026e-03  7.51599007e-01  4.45175026e-03  1.12823550e+00  4.45175026e-03  9.42438987e-01  4.45175026e-03  8.49735125e-01  4.45175026e-03  1.39900294e+00  4.45175026e-03  8.55435665e-01  4.45175026e-03  1.02636321e+00  4.45175026e-03  8.01970113e-01  4.45175026e-03  8.10554911e-01  4.45175026e-03  1.18806382e+00  4.45175026e-03  1.03659961e+00  4.45175026e-03  1.06523715e+00  4.45175026e-03  1.18665460e+00  4.45175026e-03  8.77372175e-01  4.45175026e-03  1.08815998e+00  4.45175026e-03  8.81949501e-01  4.45175026e-03  9.65946724e-01  4.45175026e-03  1.47425840e+00  4.45175026e-03  8.49339841e-01  4.45175026e-03  8.39634047e-01  4.45175026e-03  8.53726812e-01  4.45175026e-03  9.97841369e-01  4.45175026e-03  9.50685334e-01  4.45175026e-03  1.13802653e+00  4.45175026e-03  9.43755263e-01  4.45175026e-03  1.01467993e+00  4.45175026e-03  9.56356377e-01 
 4.47175026e-03  9.54892421e-01  4.47175026e-03  1.04811990e+00  4.47175026e-03  1.15337132e+00  4.47175026e-03  7.51959187e-01  4.47175026e-03  1.12879519e+00  4.47175026e-03  9.42577234e-01  4.47175026e-03  8.49793342e-01  4.47175026e-03  1.39921762e+00  4.47175026e-03  8.55963499e-01  4.47175026e-03  1.02724496e+00  4.47175026e-03  8.02039927e-01  4.47175026e-03  8.10856946e-01  4.47175026e-03  1.18858317e+00  4.47175026e-03  1.03679766e+00  4.47175026e-03  1.06533068e+00  4.47175026e-03  1.18682135e+00  4.47175026e-03  8.77403717e-01  4.47175026e-03  1.08825388e+00  4.47175026e-03  8.82016945e-01  4.47175026e-03  9.66071113e-01  4.47175026e-03  1.47461133e+00  4.47175026e-03  8.49640780e-01  4.47175026e-03  8.39822040e-01  4.47175026e-03  8.54086227e-01  4.47175026e-03  9.97937487e-01  4.47175026e-03  9.50920987e-01  4.47175026e-03  1.13830053e+00  4.47175026e-03  9.43829022e-01  4.47175026e-03  1.01493025e+00  4.47175026e-03  9.56761148e-01 
 4.49175026e-03  9.55210673e-01  4.49175026e-03  1.04849801e+00  4.49175026e-03  1.15347426e+00  4.49175026e-03  7.52313716e-01  4.49175026e-03  1.12934621e+00  4.49175026e-03  9.42712387e-01  4.49175026e-03  8.49850020e-01  4.49175026e-03  1.39942756e+00  4.49175026e-03  8.56483851e-01  4.49175026e-03  1.02811601e+00  4.49175026e-03  8.02107984e-01  4.49175026e-03  8.11153800e-01  4.49175026e-03  1.18909409e+00  4.49175026e-03  1.03699155e+00  4.49175026e-03  1.06542187e+00  4.49175026e-03  1.18698433e+00  4.49175026e-03  8.77434321e-01  4.49175026e-03  1.08834542e+00  4.49175026e-03  8.82082645e-01  4.49175026e-03  9.66192632e-01  4.49175026e-03  1.47495733e+00  4.49175026e-03  8.49936468e-01  4.49175026e-03  8.40006264e-01  4.49175026e-03  8.54439730e-01  4.49175026e-03  9.98031237e-01  4.49175026e-03  9.51152050e-01  4.49175026e-03  1.13856915e+00  4.49175026e-03  9.43900884e-01  4.49175026e-03  1.01517569e+00  4.49175026e-03  9.57159272e-01 
 4.51175026e-03  9.55523294e-01  4.51175026e-03  1.04886959e+00  4.51175026e-03  1.15357465e+00  4.51175026e-03  7.52662683e-01  4.51175026e-03  1.12988870e+00  4.51175026e-03  9.42844518e-01  4.51175026e-03  8.49905202e-01  4.51175026e-03  1.39963285e+00  4.51175026e-03  8.56996826e-01  4.51175026e-03  1.02897649e+00  4.51175026e-03  8.02174329e-01  4.51175026e-03  8.11445559e-01  4.51175026e-03  1.18959672e+00  4.51175026e-03  1.03718139e+00  4.51175026e-03  1.06551077e+00  4.51175026e-03  1.18714362e+00  4.51175026e-03  8.77464014e-01  4.51175026e-03  1.08843465e+00  4.51175026e-03  8.82146648e-01  4.51175026e-03  9.66311348e-01  4.51175026e-03  1.47529651e+00  4.51175026e-03  8.50226997e-01  4.51175026e-03  8.40186796e-01  4.51175026e-03  8.54787418e-01  4.51175026e-03  9.98122679e-01  4.51175026e-03  9.51378613e-01  4.51175026e-03  1.13883249e+00  4.51175026e-03  9.43970897e-01  4.51175026e-03  1.01541635e+00  4.51175026e-03  9.57550860e-01 
 4.53175026e-03  9.55830382e-01  4.53175026e-03  1.04923477e+00  4.53175026e-03  1.15367254e+00  4.53175026e-03  7.53006175e-01  4.53175026e-03  1.13042279e+00  4.53175026e-03  9.42973694e-01  4.53175026e-03  8.49958925e-01  4.53175026e-03  1.39983360e+00  4.53175026e-03  8.57502529e-01  4.53175026e-03  1.02982653e+00  4.53175026e-03  8.02239005e-01  4.53175026e-03  8.11732313e-01  4.53175026e-03  1.19009119e+00  4.53175026e-03  1.03736726e+00  4.53175026e-03  1.06559744e+00  4.53175026e-03  1.18729931e+00  4.53175026e-03  8.77492824e-01  4.53175026e-03  1.08852163e+00  4.53175026e-03  8.82208996e-01  4.53175026e-03  9.66427325e-01  4.53175026e-03  1.47562903e+00  4.53175026e-03  8.50512456e-01  4.53175026e-03  8.40363708e-01  4.53175026e-03  8.55129386e-01  4.53175026e-03  9.98211869e-01  4.53175026e-03  9.51600763e-01  4.53175026e-03  1.13909067e+00  4.53175026e-03  9.44039109e-01  4.53175026e-03  1.01565231e+00  4.53175026e-03  9.57936019e-01 
 4.55175026e-03  9.56132036e-01  4.55175026e-03  1.04959366e+00  4.55175026e-03  1.15376799e+00  4.55175026e-03  7.53344278e-01  4.55175026e-03  1.13094861e+00  4.55175026e-03  9.43099979e-01  4.55175026e-03  8.50011229e-01  4.55175026e-03  1.40002990e+00  4.55175026e-03  8.58001062e-01  4.55175026e-03  1.03066626e+00  4.55175026e-03  8.02302054e-01  4.55175026e-03  8.12014146e-01  4.55175026e-03  1.19057763e+00  4.55175026e-03  1.03754924e+00  4.55175026e-03  1.06568193e+00  4.55175026e-03  1.18745149e+00  4.55175026e-03  8.77520777e-01  4.55175026e-03  1.08860641e+00  4.55175026e-03  8.82269734e-01  4.55175026e-03  9.66540626e-01  4.55175026e-03  1.47595500e+00  4.55175026e-03  8.50792934e-01  4.55175026e-03  8.40537075e-01  4.55175026e-03  8.55465730e-01  4.55175026e-03  9.98298863e-01  4.55175026e-03  9.51818586e-01  4.55175026e-03  1.13934377e+00  4.55175026e-03  9.44105566e-01  4.55175026e-03  1.01588367e+00  4.55175026e-03  9.58314854e-01 
 4.57175026e-03  9.56428352e-01  4.57175026e-03  1.04994635e+00  4.57175026e-03  1.15386106e+00  4.57175026e-03  7.53677077e-01  4.57175026e-03  1.13146629e+00  4.57175026e-03  9.43223441e-01  4.57175026e-03  8.50062152e-01  4.57175026e-03  1.40022187e+00  4.57175026e-03  8.58492529e-01  4.57175026e-03  1.03149580e+00  4.57175026e-03  8.02363516e-01  4.57175026e-03  8.12291143e-01  4.57175026e-03  1.19105619e+00  4.57175026e-03  1.03772741e+00  4.57175026e-03  1.06576430e+00  4.57175026e-03  1.18760022e+00  4.57175026e-03  8.77547898e-01  4.57175026e-03  1.08868907e+00  4.57175026e-03  8.82328901e-01  4.57175026e-03  9.66651313e-01  4.57175026e-03  1.47627457e+00  4.57175026e-03  8.51068518e-01  4.57175026e-03  8.40706966e-01  4.57175026e-03  8.55796540e-01  4.57175026e-03  9.98383715e-01  4.57175026e-03  9.52032166e-01  4.57175026e-03  1.13959190e+00  4.57175026e-03  9.44170313e-01  4.57175026e-03  1.01611052e+00  4.57175026e-03  9.58687468e-01 
 4.59175026e-03  9.56719424e-01  4.59175026e-03  1.05029297e+00  4.59175026e-03  1.15395182e+00  4.59175026e-03  7.54004655e-01  4.59175026e-03  1.13197595e+00  4.59175026e-03  9.43344140e-01  4.59175026e-03  8.50111729e-01  4.59175026e-03  1.40040959e+00  4.59175026e-03  8.58977027e-01  4.59175026e-03  1.03231528e+00  4.59175026e-03  8.02423432e-01  4.59175026e-03  8.12563388e-01  4.59175026e-03  1.19152697e+00  4.59175026e-03  1.03790185e+00  4.59175026e-03  1.06584460e+00  4.59175026e-03  1.18774560e+00  4.59175026e-03  8.77574213e-01  4.59175026e-03  1.08876963e+00  4.59175026e-03  8.82386540e-01  4.59175026e-03  9.66759447e-01  4.59175026e-03  1.47658784e+00  4.59175026e-03  8.51339293e-01  4.59175026e-03  8.40873451e-01  4.59175026e-03  8.56121909e-01  4.59175026e-03  9.98466477e-01  4.59175026e-03  9.52241586e-01  4.59175026e-03  1.13983516e+00  4.59175026e-03  9.44233394e-01  4.59175026e-03  1.01633294e+00  4.59175026e-03  9.59053965e-01 
 4.61175026e-03  9.57005345e-01  4.61175026e-03  1.05063360e+00  4.61175026e-03  1.15404031e+00  4.61175026e-03  7.54327093e-01  4.61175026e-03  1.13247772e+00  4.61175026e-03  9.43462140e-01  4.61175026e-03  8.50159996e-01  4.61175026e-03  1.40059315e+00  4.61175026e-03  8.59454658e-01  4.61175026e-03  1.03312481e+00  4.61175026e-03  8.02481840e-01  4.61175026e-03  8.12830961e-01  4.61175026e-03  1.19199012e+00  4.61175026e-03  1.03807265e+00  4.61175026e-03  1.06592288e+00  4.61175026e-03  1.18788768e+00  4.61175026e-03  8.77599745e-01  4.61175026e-03  1.08884817e+00  4.61175026e-03  8.82442689e-01  4.61175026e-03  9.66865085e-01  4.61175026e-03  1.47689495e+00  4.61175026e-03  8.51605344e-01  4.61175026e-03  8.41036599e-01  4.61175026e-03  8.56441925e-01  4.61175026e-03  9.98547202e-01  4.61175026e-03  9.52446928e-01  4.61175026e-03  1.14007364e+00  4.61175026e-03  9.44294853e-01  4.61175026e-03  1.01655102e+00  4.61175026e-03  9.59414445e-01 
 4.63175026e-03  9.57286207e-01  4.63175026e-03  1.05096837e+00  4.63175026e-03  1.15412661e+00  4.63175026e-03  7.54644472e-01  4.63175026e-03  1.13297173e+00  4.63175026e-03  9.43577501e-01  4.63175026e-03  8.50206989e-01  4.63175026e-03  1.40077266e+00  4.63175026e-03  8.59925517e-01  4.63175026e-03  1.03392452e+00  4.63175026e-03  8.02538779e-01  4.63175026e-03  8.13093943e-01  4.63175026e-03  1.19244574e+00  4.63175026e-03  1.03823987e+00  4.63175026e-03  1.06599920e+00  4.63175026e-03  1.18802656e+00  4.63175026e-03  8.77624517e-01  4.63175026e-03  1.08892473e+00  4.63175026e-03  8.82497388e-01  4.63175026e-03  9.66968287e-01  4.63175026e-03  1.47719602e+00  4.63175026e-03  8.51866752e-01  4.63175026e-03  8.41196477e-01  4.63175026e-03  8.56756677e-01  4.63175026e-03  9.98625939e-01  4.63175026e-03  9.52648270e-01  4.63175026e-03  1.14030744e+00  4.63175026e-03  9.44354730e-01  4.63175026e-03  1.01676485e+00  4.63175026e-03  9.59769006e-01 
 4.65175026e-03  9.57562098e-01  4.65175026e-03  1.05129736e+00  4.65175026e-03  1.15421076e+00  4.65175026e-03  7.54956873e-01  4.65175026e-03  1.13345808e+00  4.65175026e-03  9.43690281e-01  4.65175026e-03  8.50252740e-01  4.65175026e-03  1.40094819e+00  4.65175026e-03  8.60389702e-01  4.65175026e-03  1.03471453e+00  4.65175026e-03  8.02594286e-01  4.65175026e-03  8.13352412e-01  4.65175026e-03  1.19289398e+00  4.65175026e-03  1.03840359e+00  4.65175026e-03  1.06607360e+00  4.65175026e-03  1.18816230e+00  4.65175026e-03  8.77648552e-01  4.65175026e-03  1.08899935e+00  4.65175026e-03  8.82550672e-01  4.65175026e-03  9.67069107e-01  4.65175026e-03  1.47749117e+00  4.65175026e-03  8.52123598e-01  4.65175026e-03  8.41353150e-01  4.65175026e-03  8.57066252e-01  4.65175026e-03  9.98702737e-01  4.65175026e-03  9.52845690e-01  4.65175026e-03  1.14053664e+00  4.65175026e-03  9.44413067e-01  4.65175026e-03  1.01697451e+00  4.65175026e-03  9.60117746e-01 
 4.67175026e-03  9.57833107e-01  4.67175026e-03  1.05162067e+00  4.67175026e-03  1.15429281e+00  4.67175026e-03  7.55264372e-01  4.67175026e-03  1.13393690e+00  4.67175026e-03  9.43800539e-01  4.67175026e-03  8.50297282e-01  4.67175026e-03  1.40111984e+00  4.67175026e-03  8.60847305e-01  4.67175026e-03  1.03549495e+00  4.67175026e-03  8.02648396e-01  4.67175026e-03  8.13606446e-01  4.67175026e-03  1.19333493e+00  4.67175026e-03  1.03856388e+00  4.67175026e-03  1.06614613e+00  4.67175026e-03  1.18829497e+00  4.67175026e-03  8.77671873e-01  4.67175026e-03  1.08907210e+00  4.67175026e-03  8.82602580e-01  4.67175026e-03  9.67167601e-01  4.67175026e-03  1.47778051e+00  4.67175026e-03  8.52375963e-01  4.67175026e-03  8.41506683e-01  4.67175026e-03  8.57370734e-01  4.67175026e-03  9.98777644e-01  4.67175026e-03  9.53039265e-01  4.67175026e-03  1.14076134e+00  4.67175026e-03  9.44469903e-01  4.67175026e-03  1.01718009e+00  4.67175026e-03  9.60460759e-01 
 4.69175026e-03  9.58099320e-01  4.69175026e-03  1.05193842e+00  4.69175026e-03  1.15437282e+00  4.69175026e-03  7.55567046e-01  4.69175026e-03  1.13440831e+00  4.69175026e-03  9.43908330e-01  4.69175026e-03  8.50340647e-01  4.69175026e-03  1.40128769e+00  4.69175026e-03  8.61298422e-01  4.69175026e-03  1.03626591e+00  4.69175026e-03  8.02701144e-01  4.69175026e-03  8.13856122e-01  4.69175026e-03  1.19376874e+00  4.69175026e-03  1.03872082e+00  4.69175026e-03  1.06621684e+00  4.69175026e-03  1.18842464e+00  4.69175026e-03  8.77694499e-01  4.69175026e-03  1.08914301e+00  4.69175026e-03  8.82653146e-01  4.69175026e-03  9.67263823e-01  4.69175026e-03  1.47806416e+00  4.69175026e-03  8.52623924e-01  4.69175026e-03  8.41657138e-01  4.69175026e-03  8.57670207e-01  4.69175026e-03  9.98850707e-01  4.69175026e-03  9.53229070e-01  4.69175026e-03  1.14098163e+00  4.69175026e-03  9.44525276e-01  4.69175026e-03  1.01738165e+00  4.69175026e-03  9.60798141e-01 
 4.71175026e-03  9.58360822e-01  4.71175026e-03  1.05225068e+00  4.71175026e-03  1.15445083e+00  4.71175026e-03  7.55864973e-01  4.71175026e-03  1.13487242e+00  4.71175026e-03  9.44013710e-01  4.71175026e-03  8.50382867e-01  4.71175026e-03  1.40145183e+00  4.71175026e-03  8.61743143e-01  4.71175026e-03  1.03702751e+00  4.71175026e-03  8.02752566e-01  4.71175026e-03  8.14101513e-01  4.71175026e-03  1.19419550e+00  4.71175026e-03  1.03887448e+00  4.71175026e-03  1.06628577e+00  4.71175026e-03  1.18855138e+00  4.71175026e-03  8.77716453e-01  4.71175026e-03  1.08921214e+00  4.71175026e-03  8.82702406e-01  4.71175026e-03  9.67357825e-01  4.71175026e-03  1.47834223e+00  4.71175026e-03  8.52867559e-01  4.71175026e-03  8.41804577e-01  4.71175026e-03  8.57964755e-01  4.71175026e-03  9.98921970e-01  4.71175026e-03  9.53415178e-01  4.71175026e-03  1.14119760e+00  4.71175026e-03  9.44579225e-01  4.71175026e-03  1.01757928e+00  4.71175026e-03  9.61129984e-01 
 4.73175026e-03  9.58617697e-01  4.73175026e-03  1.05255756e+00  4.73175026e-03  1.15452691e+00  4.73175026e-03  7.56158225e-01  4.73175026e-03  1.13532934e+00  4.73175026e-03  9.44116734e-01  4.73175026e-03  8.50423972e-01  4.73175026e-03  1.40161234e+00  4.73175026e-03  8.62181560e-01  4.73175026e-03  1.03777987e+00  4.73175026e-03  8.02802693e-01  4.73175026e-03  8.14342694e-01  4.73175026e-03  1.19461533e+00  4.73175026e-03  1.03902492e+00  4.73175026e-03  1.06635298e+00  4.73175026e-03  1.18867526e+00  4.73175026e-03  8.77737754e-01  4.73175026e-03  1.08927952e+00  4.73175026e-03  8.82750392e-01  4.73175026e-03  9.67449658e-01  4.73175026e-03  1.47861483e+00  4.73175026e-03  8.53106942e-01  4.73175026e-03  8.41949060e-01  4.73175026e-03  8.58254457e-01  4.73175026e-03  9.98991479e-01  4.73175026e-03  9.53597660e-01  4.73175026e-03  1.14140932e+00  4.73175026e-03  9.44631786e-01  4.73175026e-03  1.01777305e+00  4.73175026e-03  9.61456378e-01 
 4.75175026e-03  9.58870025e-01  4.75175026e-03  1.05285915e+00  4.75175026e-03  1.15460109e+00  4.75175026e-03  7.56446876e-01  4.75175026e-03  1.13577918e+00  4.75175026e-03  9.44217453e-01  4.75175026e-03  8.50463990e-01  4.75175026e-03  1.40176929e+00  4.75175026e-03  8.62613761e-01  4.75175026e-03  1.03852310e+00  4.75175026e-03  8.02851560e-01  4.75175026e-03  8.14579736e-01  4.75175026e-03  1.19502835e+00  4.75175026e-03  1.03917222e+00  4.75175026e-03  1.06641849e+00  4.75175026e-03  1.18879634e+00  4.75175026e-03  8.77758421e-01  4.75175026e-03  1.08934521e+00  4.75175026e-03  8.82797139e-01  4.75175026e-03  9.67539372e-01  4.75175026e-03  1.47888207e+00  4.75175026e-03  8.53342148e-01  4.75175026e-03  8.42090647e-01  4.75175026e-03  8.58539393e-01  4.75175026e-03  9.99059276e-01  4.75175026e-03  9.53776589e-01  4.75175026e-03  1.14161688e+00  4.75175026e-03  9.44682995e-01  4.75175026e-03  1.01796305e+00  4.75175026e-03  9.61777413e-01 
 4.77175026e-03  9.59117889e-01  4.77175026e-03  1.05315553e+00  4.77175026e-03  1.15467343e+00  4.77175026e-03  7.56730998e-01  4.77175026e-03  1.13622206e+00  4.77175026e-03  9.44315919e-01  4.77175026e-03  8.50502951e-01  4.77175026e-03  1.40192278e+00  4.77175026e-03  8.63039836e-01  4.77175026e-03  1.03925732e+00  4.77175026e-03  8.02899197e-01  4.77175026e-03  8.14812711e-01  4.77175026e-03  1.19543467e+00  4.77175026e-03  1.03931643e+00  4.77175026e-03  1.06648236e+00  4.77175026e-03  1.18891468e+00  4.77175026e-03  8.77778473e-01  4.77175026e-03  1.08940924e+00  4.77175026e-03  8.82842677e-01  4.77175026e-03  9.67627017e-01  4.77175026e-03  1.47914405e+00  4.77175026e-03  8.53573250e-01  4.77175026e-03  8.42229396e-01  4.77175026e-03  8.58819642e-01  4.77175026e-03  9.99125404e-01  4.77175026e-03  9.53952033e-01  4.77175026e-03  1.14182037e+00  4.77175026e-03  9.44732886e-01  4.77175026e-03  1.01814934e+00  4.77175026e-03  9.62093178e-01 
 4.79175026e-03  9.59361366e-01  4.79175026e-03  1.05344681e+00  4.79175026e-03  1.15474396e+00  4.79175026e-03  7.57010663e-01  4.79175026e-03  1.13665809e+00  4.79175026e-03  9.44412182e-01  4.79175026e-03  8.50540884e-01  4.79175026e-03  1.40207287e+00  4.79175026e-03  8.63459870e-01  4.79175026e-03  1.03998263e+00  4.79175026e-03  8.02945635e-01  4.79175026e-03  8.15041689e-01  4.79175026e-03  1.19583440e+00  4.79175026e-03  1.03945762e+00  4.79175026e-03  1.06654463e+00  4.79175026e-03  1.18903035e+00  4.79175026e-03  8.77797928e-01  4.79175026e-03  1.08947165e+00  4.79175026e-03  8.82887039e-01  4.79175026e-03  9.67712639e-01  4.79175026e-03  1.47940087e+00  4.79175026e-03  8.53800320e-01  4.79175026e-03  8.42365364e-01  4.79175026e-03  8.59095282e-01  4.79175026e-03  9.99189904e-01  4.79175026e-03  9.54124059e-01  4.79175026e-03  1.14201986e+00  4.79175026e-03  9.44781494e-01  4.79175026e-03  1.01833200e+00  4.79175026e-03  9.62403758e-01 
 4.81175026e-03  9.59600534e-01  4.81175026e-03  1.05373306e+00  4.81175026e-03  1.15481274e+00  4.81175026e-03  7.57285941e-01  4.81175026e-03  1.13708736e+00  4.81175026e-03  9.44506292e-01  4.81175026e-03  8.50577814e-01  4.81175026e-03  1.40221963e+00  4.81175026e-03  8.63873949e-01  4.81175026e-03  1.04069914e+00  4.81175026e-03  8.02990906e-01  4.81175026e-03  8.15266737e-01  4.81175026e-03  1.19622763e+00  4.81175026e-03  1.03959586e+00  4.81175026e-03  1.06660533e+00  4.81175026e-03  1.18914340e+00  4.81175026e-03  8.77816805e-01  4.81175026e-03  1.08953249e+00  4.81175026e-03  8.82930254e-01  4.81175026e-03  9.67796286e-01  4.81175026e-03  1.47965265e+00  4.81175026e-03  8.54023427e-01  4.81175026e-03  8.42498606e-01  4.81175026e-03  8.59366387e-01  4.81175026e-03  9.99252815e-01  4.81175026e-03  9.54292735e-01  4.81175026e-03  1.14221543e+00  4.81175026e-03  9.44828851e-01  4.81175026e-03  1.01851109e+00  4.81175026e-03  9.62709238e-01 
 4.83175026e-03  9.59835471e-01  4.83175026e-03  1.05401438e+00  4.83175026e-03  1.15487981e+00  4.83175026e-03  7.57556900e-01  4.83175026e-03  1.13750998e+00  4.83175026e-03  9.44598298e-01  4.83175026e-03  8.50613768e-01  4.83175026e-03  1.40236316e+00  4.83175026e-03  8.64282159e-01  4.83175026e-03  1.04140695e+00  4.83175026e-03  8.03035037e-01  4.83175026e-03  8.15487924e-01  4.83175026e-03  1.19661449e+00  4.83175026e-03  1.03973121e+00  4.83175026e-03  1.06666451e+00  4.83175026e-03  1.18925389e+00  4.83175026e-03  8.77835121e-01  4.83175026e-03  1.08959180e+00  4.83175026e-03  8.82972353e-01  4.83175026e-03  9.67878003e-01  4.83175026e-03  1.47989947e+00  4.83175026e-03  8.54242641e-01  4.83175026e-03  8.42629178e-01  4.83175026e-03  8.59633032e-01  4.83175026e-03  9.99314177e-01  4.83175026e-03  9.54458125e-01  4.83175026e-03  1.14240717e+00  4.83175026e-03  9.44874990e-01  4.83175026e-03  1.01868669e+00  4.83175026e-03  9.63009703e-01 
 4.85175026e-03  9.60066249e-01  4.85175026e-03  1.05429085e+00  4.85175026e-03  1.15494520e+00  4.85175026e-03  7.57823607e-01  4.85175026e-03  1.13792607e+00  4.85175026e-03  9.44688245e-01  4.85175026e-03  8.50648772e-01  4.85175026e-03  1.40250350e+00  4.85175026e-03  8.64684581e-01  4.85175026e-03  1.04210618e+00  4.85175026e-03  8.03078058e-01  4.85175026e-03  8.15705316e-01  4.85175026e-03  1.19699506e+00  4.85175026e-03  1.03986373e+00  4.85175026e-03  1.06672220e+00  4.85175026e-03  1.18936189e+00  4.85175026e-03  8.77852891e-01  4.85175026e-03  1.08964961e+00  4.85175026e-03  8.83013363e-01  4.85175026e-03  9.67957835e-01  4.85175026e-03  1.48014143e+00  4.85175026e-03  8.54458030e-01  4.85175026e-03  8.42757132e-01  4.85175026e-03  8.59895292e-01  4.85175026e-03  9.99374028e-01  4.85175026e-03  9.54620294e-01  4.85175026e-03  1.14259513e+00  4.85175026e-03  9.44919941e-01  4.85175026e-03  1.01885887e+00  4.85175026e-03  9.63305235e-01 
 4.87175026e-03  9.60292944e-01  4.87175026e-03  1.05456255e+00  4.87175026e-03  1.15500897e+00  4.87175026e-03  7.58086131e-01  4.87175026e-03  1.13833570e+00  4.87175026e-03  9.44776181e-01  4.87175026e-03  8.50682852e-01  4.87175026e-03  1.40264074e+00  4.87175026e-03  8.65081299e-01  4.87175026e-03  1.04279692e+00  4.87175026e-03  8.03119996e-01  4.87175026e-03  8.15918978e-01  4.87175026e-03  1.19736946e+00  4.87175026e-03  1.03999347e+00  4.87175026e-03  1.06677845e+00  4.87175026e-03  1.18946745e+00  4.87175026e-03  8.77870133e-01  4.87175026e-03  1.08970597e+00  4.87175026e-03  8.83053314e-01  4.87175026e-03  9.68035825e-01  4.87175026e-03  1.48037864e+00  4.87175026e-03  8.54669661e-01  4.87175026e-03  8.42882521e-01  4.87175026e-03  8.60153237e-01  4.87175026e-03  9.99432406e-01  4.87175026e-03  9.54779305e-01  4.87175026e-03  1.14277940e+00  4.87175026e-03  9.44963736e-01  4.87175026e-03  1.01902769e+00  4.87175026e-03  9.63595914e-01 
 4.89175026e-03  9.60515627e-01  4.89175026e-03  1.05482956e+00  4.89175026e-03  1.15507115e+00  4.89175026e-03  7.58344535e-01  4.89175026e-03  1.13873900e+00  4.89175026e-03  9.44862149e-01  4.89175026e-03  8.50716032e-01  4.89175026e-03  1.40277495e+00  4.89175026e-03  8.65472392e-01  4.89175026e-03  1.04347928e+00  4.89175026e-03  8.03160879e-01  4.89175026e-03  8.16128973e-01  4.89175026e-03  1.19773779e+00  4.89175026e-03  1.04012050e+00  4.89175026e-03  1.06683328e+00  4.89175026e-03  1.18957063e+00  4.89175026e-03  8.77886862e-01  4.89175026e-03  1.08976091e+00  4.89175026e-03  8.83092233e-01  4.89175026e-03  9.68112016e-01  4.89175026e-03  1.48061118e+00  4.89175026e-03  8.54877599e-01  4.89175026e-03  8.43005396e-01  4.89175026e-03  8.60406939e-01  4.89175026e-03  9.99489346e-01  4.89175026e-03  9.54935218e-01  4.89175026e-03  1.14296006e+00  4.89175026e-03  9.45006405e-01  4.89175026e-03  1.01919321e+00  4.89175026e-03  9.63881821e-01 
 4.91175026e-03  9.60734369e-01  4.91175026e-03  1.05509198e+00  4.91175026e-03  1.15513179e+00  4.91175026e-03  7.58598886e-01  4.91175026e-03  1.13913605e+00  4.91175026e-03  9.44946195e-01  4.91175026e-03  8.50748335e-01  4.91175026e-03  1.40290619e+00  4.91175026e-03  8.65857941e-01  4.91175026e-03  1.04415337e+00  4.91175026e-03  8.03200734e-01  4.91175026e-03  8.16335365e-01  4.91175026e-03  1.19810013e+00  4.91175026e-03  1.04024487e+00  4.91175026e-03  1.06688673e+00  4.91175026e-03  1.18967147e+00  4.91175026e-03  8.77903094e-01  4.91175026e-03  1.08981446e+00  4.91175026e-03  8.83130145e-01  4.91175026e-03  9.68186448e-01  4.91175026e-03  1.48083914e+00  4.91175026e-03  8.55081909e-01  4.91175026e-03  8.43125809e-01  4.91175026e-03  8.60656467e-01  4.91175026e-03  9.99544884e-01  4.91175026e-03  9.55088094e-01  4.91175026e-03  1.14313717e+00  4.91175026e-03  9.45047975e-01  4.91175026e-03  1.01935551e+00  4.91175026e-03  9.64163034e-01 
 4.93175026e-03  9.60949240e-01  4.93175026e-03  1.05534986e+00  4.93175026e-03  1.15519091e+00  4.93175026e-03  7.58849246e-01  4.93175026e-03  1.13952695e+00  4.93175026e-03  9.45028361e-01  4.93175026e-03  8.50779784e-01  4.93175026e-03  1.40303452e+00  4.93175026e-03  8.66238025e-01  4.93175026e-03  1.04481927e+00  4.93175026e-03  8.03239586e-01  4.93175026e-03  8.16538216e-01  4.93175026e-03  1.19845660e+00  4.93175026e-03  1.04036664e+00  4.93175026e-03  1.06693884e+00  4.93175026e-03  1.18977003e+00  4.93175026e-03  8.77918842e-01  4.93175026e-03  1.08986666e+00  4.93175026e-03  8.83167078e-01  4.93175026e-03  9.68259164e-01  4.93175026e-03  1.48106262e+00  4.93175026e-03  8.55282653e-01  4.93175026e-03  8.43243808e-01  4.93175026e-03  8.60901891e-01  4.93175026e-03  9.99599054e-01  4.93175026e-03  9.55237993e-01  4.93175026e-03  1.14331079e+00  4.93175026e-03  9.45088477e-01  4.93175026e-03  1.01951464e+00  4.93175026e-03  9.64439630e-01 
 4.95175026e-03  9.61160309e-01  4.95175026e-03  1.05560330e+00  4.95175026e-03  1.15524856e+00  4.95175026e-03  7.59095678e-01  4.95175026e-03  1.13991180e+00  4.95175026e-03  9.45108688e-01  4.95175026e-03  8.50810403e-01  4.95175026e-03  1.40316001e+00  4.95175026e-03  8.66612720e-01  4.95175026e-03  1.04547710e+00  4.95175026e-03  8.03277461e-01  4.95175026e-03  8.16737586e-01  4.95175026e-03  1.19880727e+00  4.95175026e-03  1.04048586e+00  4.95175026e-03  1.06698964e+00  4.95175026e-03  1.18986637e+00  4.95175026e-03  8.77934122e-01  4.95175026e-03  1.08991754e+00  4.95175026e-03  8.83203056e-01  4.95175026e-03  9.68330201e-01  4.95175026e-03  1.48128171e+00  4.95175026e-03  8.55479895e-01  4.95175026e-03  8.43359441e-01  4.95175026e-03  8.61143278e-01  4.95175026e-03  9.99651891e-01  4.95175026e-03  9.55384973e-01  4.95175026e-03  1.14348101e+00  4.95175026e-03  9.45127936e-01  4.95175026e-03  1.01967067e+00  4.95175026e-03  9.64711684e-01 
 4.97175026e-03  9.61367643e-01  4.97175026e-03  1.05585237e+00  4.97175026e-03  1.15530478e+00  4.97175026e-03  7.59338244e-01  4.97175026e-03  1.14029069e+00  4.97175026e-03  9.45187220e-01  4.97175026e-03  8.50840213e-01  4.97175026e-03  1.40328273e+00  4.97175026e-03  8.66982103e-01  4.97175026e-03  1.04612694e+00  4.97175026e-03  8.03314382e-01  4.97175026e-03  8.16933535e-01  4.97175026e-03  1.19915226e+00  4.97175026e-03  1.04060258e+00  4.97175026e-03  1.06703917e+00  4.97175026e-03  1.18996052e+00  4.97175026e-03  8.77948948e-01  4.97175026e-03  1.08996715e+00  4.97175026e-03  8.83238105e-01  4.97175026e-03  9.68399600e-01  4.97175026e-03  1.48149648e+00  4.97175026e-03  8.55673695e-01  4.97175026e-03  8.43472756e-01  4.97175026e-03  8.61380694e-01  4.97175026e-03  9.99703426e-01  4.97175026e-03  9.55529089e-01  4.97175026e-03  1.14364789e+00  4.97175026e-03  9.45166380e-01  4.97175026e-03  1.01982366e+00  4.97175026e-03  9.64979271e-01 
 4.98587513e-03  9.61511855e-01  4.98587513e-03  1.05602568e+00  4.98587513e-03  1.15534364e+00  4.98587513e-03  7.59507256e-01  4.98587513e-03  1.14055474e+00  4.98587513e-03  9.45241620e-01  4.98587513e-03  8.50860789e-01  4.98587513e-03  1.40336776e+00  4.98587513e-03  8.67239816e-01  4.98587513e-03  1.04658113e+00  4.98587513e-03  8.03339896e-01  4.98587513e-03  8.17069892e-01  4.98587513e-03  1.19939253e+00  4.98587513e-03  1.04068354e+00  4.98587513e-03  1.06707340e+00  4.98587513e-03  1.19002574e+00  4.98587513e-03  8.77959151e-01  4.98587513e-03  1.09000142e+00  4.98587513e-03  8.83262310e-01  4.98587513e-03  9.68447645e-01  4.98587513e-03  1.48164561e+00  4.98587513e-03  8.55808522e-01  4.98587513e-03  8.43551412e-01  4.98587513e-03  8.61546009e-01  4.98587513e-03  9.99739056e-01  4.98587513e-03  9.55629174e-01  4.98587513e-03  1.14376376e+00  4.98587513e-03  9.45192932e-01  4.98587513e-03  1.01992990e+00  4.98587513e-03  9.65165600e-01 
 5.00000000e-03  9.61654260e-01  5.00000000e-03  1.05619687e+00  5.00000000e-03  1.15538181e+00  5.00000000e-03  7.59674392e-01  5.00000000e-03  1.14081589e+00  5.00000000e-03  9.45295158e-01  5.00000000e-03  8.50880980e-01  5.00000000e-03  1.40345145e+00  5.00000000e-03  8.67494943e-01  5.00000000e-03  1.04703142e+00  5.00000000e-03  8.03364955e-01  5.00000000e-03  8.17204592e-01  5.00000000e-03  1.19963003e+00  5.00000000e-03  1.04076331e+00  5.00000000e-03  1.06710701e+00  5.00000000e-03  1.19008990e+00  5.00000000e-03  8.77969140e-01  5.00000000e-03  1.09003509e+00  5.00000000e-03  8.83286072e-01  5.00000000e-03  9.68494904e-01  5.00000000e-03  1.48179266e+00  5.00000000e-03  8.55941683e-01  5.00000000e-03  8.43628951e-01  5.00000000e-03  8.61709399e-01  5.00000000e-03  9.99774063e-01  5.00000000e-03  9.55727879e-01  5.00000000e-03  1.14387802e+00  5.00000000e-03  9.45219001e-01  5.00000000e-03  1.02003467e+00  5.00000000e-03  9.65349762e-01 
